Command line invocation:
    /Applications/Xcode.app/Contents/Developer/usr/bin/xcodebuild -project Epistemos.xcodeproj -scheme Epistemos -destination platform=macOS build

Resolve Package Graph


Resolved source packages:
  Jinja: https://github.com/huggingface/swift-jinja.git @ 2.0.2
  swift-transformers: https://github.com/huggingface/swift-transformers @ 1.2.1
  CodeEditLanguages: https://github.com/CodeEditApp/CodeEditLanguages.git @ 0.1.20
  Grape: https://github.com/SwiftGraphs/Grape @ 1.1.0
  swift-log: https://github.com/apple/swift-log.git @ 1.10.1
  mlx-swift: https://github.com/ml-explore/mlx-swift @ 6ba4827
  yyjson: https://github.com/ibireme/yyjson.git @ 0.12.0
  swift-crypto: https://github.com/apple/swift-crypto.git @ 4.3.0
  swift-atomics: https://github.com/apple/swift-atomics.git @ 1.3.0
  swift-numerics: https://github.com/apple/swift-numerics @ 1.1.1
  SwiftLintPlugin: https://github.com/lukepistrol/SwiftLintPlugin @ 0.63.1
  Rearrange: https://github.com/ChimeHQ/Rearrange @ 2.0.0
  axPackage: https://github.com/steipete/AXorcist.git @ 0.1.0
  swift-async-algorithms: https://github.com/apple/swift-async-algorithms @ 1.1.3
  swift-asn1: https://github.com/apple/swift-asn1.git @ 1.7.0
  TextFormation: https://github.com/ChimeHQ/TextFormation @ 0.9.0
  GGUFRuntimeBridge: /Users/jojo/Downloads/Epistemos/LocalPackages/GGUFRuntimeBridge
  CodeEditSymbols: https://github.com/CodeEditApp/CodeEditSymbols.git @ 0.2.3
  JSONSchema: https://github.com/petrukha-ivan/swift-json-schema @ 2.0.2
  mlx-swift-structured: https://github.com/petrukha-ivan/mlx-swift-structured @ 0.1.0
  swift-nio: https://github.com/apple/swift-nio.git @ 2.96.0
  mlx-swift-lm: /Users/jojo/Downloads/Epistemos/LocalPackages/mlx-swift-lm
  TreeSitter: https://github.com/tree-sitter/tree-sitter @ 0.25.10
  swift-collections: https://github.com/apple/swift-collections.git @ 1.4.1
  CodeEditSourceEditor: https://github.com/CodeEditApp/CodeEditSourceEditor @ 0.15.2
  GRDB: https://github.com/groue/GRDB.swift.git @ 7.10.0
  swift-system: https://github.com/apple/swift-system.git @ 1.6.4
  EventSource: https://github.com/mattt/EventSource.git @ 1.4.1
  Commander: https://github.com/steipete/Commander.git @ 0.2.1
  swift-huggingface: https://github.com/huggingface/swift-huggingface.git @ 0.9.0
  SwiftTreeSitter: https://github.com/ChimeHQ/SwiftTreeSitter.git @ 0.25.0
  CodeEditTextView: https://github.com/CodeEditApp/CodeEditTextView.git @ 0.12.1
  TextStory: https://github.com/ChimeHQ/TextStory @ 0.9.2

--- xcodebuild: WARNING: Using the first of multiple matching destinations:
{ platform:macOS, arch:arm64, id:00006020-000249E00CC0C01E, name:My Mac }
{ platform:macOS, arch:x86_64, id:00006020-000249E00CC0C01E, name:My Mac }
Run pre-actions

SchemeAction Patch\ MLX\ Metal\ Warning /var/folders/3w/cpj519g555jbvmmbp42z7mvw0000gn/T/SchemeScriptAction-AMlRMg.sh
    cd /var/folders/3w/cpj519g555jbvmmbp42z7mvw0000gn/T/
    export ACTION=build
    export ADDITIONAL_SDKS=
    export AD_HOC_CODE_SIGNING_ALLOWED=YES
    export AGGREGATE_TRACKED_DOMAINS=YES
    export ALLOW_BUILD_REQUEST_OVERRIDES=NO
    export ALLOW_TARGET_PLATFORM_SPECIALIZATION=NO
    export ALL_OTHER_LDFLAGS="  -L/Users/jojo/Downloads/Epistemos/build-rust -lgraph_engine -lsyntax_core -lomega_mcp -lomega_ax -lepistemos_core -lagent_core -lepistemos_shadow -lepistemos_code_index -lsubstrate_rt    "
    export ALL_OTHER_LIBTOOLFLAGS="    "
    export ALTERNATE_GROUP=staff
    export ALTERNATE_LINKER=
    export ALTERNATE_MODE=u+w,go-w,a+rX
    export ALTERNATE_OWNER=jojo
    export ALTERNATE_PERMISSIONS_FILES=
    export ALTERNATIVE_DISTRIBUTION_WEB=NO
    export ALWAYS_EMBED_SWIFT_STANDARD_LIBRARIES=NO
    export ALWAYS_SEARCH_USER_PATHS=NO
    export ALWAYS_USE_SEPARATE_HEADERMAPS=NO
    export APPLE_INTERNAL_DEVELOPER_DIR=/AppleInternal/Developer
    export APPLE_INTERNAL_DIR=/AppleInternal
    export APPLE_INTERNAL_DOCUMENTATION_DIR=/AppleInternal/Documentation
    export APPLE_INTERNAL_LIBRARY_DIR=/AppleInternal/Library
    export APPLE_INTERNAL_TOOLS=/AppleInternal/Developer/Tools
    export APPLICATION_EXTENSION_API_ONLY=NO
    export APPLY_RULES_IN_COPY_FILES=NO
    export APPLY_RULES_IN_COPY_HEADERS=NO
    export APP_INTENTS_DEPLOYMENT_POSTPROCESSING=NO
    export APP_INTENTS_DEPLOYMENT_TARGET=26.0
    export APP_INTENTS_METADATA_PATH=/Metadata.appintents
    export APP_INTENTS_PLATFORM_FAMILY=
    export APP_PLAYGROUND_ASSET_CATALOG_GENERATOR=appleProductTypesTool
    export APP_PLAYGROUND_GENERATED_ASSET_CATALOG_APPICON_NAME=AppIcon
    export APP_PLAYGROUND_GENERATED_ASSET_CATALOG_FILE=/Users/jojo/Library/Developer/Xcode/DerivedData/Epistemos-ctkiyqxaarezsccbouumxcpfxvtl/Build/Intermediates.noindex/Epistemos.build/Debug/Epistemos.build/DerivedSources/AppPlaygroundDefaultAssetCatalog.xcassets
    export APP_PLAYGROUND_GENERATED_ASSET_CATALOG_GLOBAL_ACCENT_COLOR_NAME=
    export APP_PLAYGROUND_GENERATED_ASSET_CATALOG_PLACEHOLDER_APPICON=
    export APP_PLAYGROUND_GENERATED_ASSET_CATALOG_PRESET_ACCENT_COLOR=
    export APP_PLAYGROUND_GENERATE_ASSET_CATALOG=NO
    export APP_SHORTCUTS_ENABLE_FLEXIBLE_MATCHING=YES
    export ARCHS="arm64 x86_64"
    export ARCHS_BASE="arm64 x86_64"
    export ARCHS_STANDARD="arm64 x86_64"
    export ARCHS_STANDARD_32_64_BIT="arm64 x86_64 i386"
    export ARCHS_STANDARD_32_BIT=i386
    export ARCHS_STANDARD_64_BIT="arm64 x86_64"
    export ARCHS_STANDARD_INCLUDING_64_BIT="arm64 x86_64"
    export ARC_LINKER_ARG_LINKER_DRIVER=-fobjc-arc
    export ARC_LINKER_ARG_LINKER_DRIVER_clang=-fobjc-arc
    export ARC_LINKER_ARG_LINKER_DRIVER_swiftc=
    export ASSETCATALOG_COMPILER_APPICON_NAME=AppIcon
    export ASSETCATALOG_COMPILER_BUNDLE_IDENTIFIER=com.epistemos.app
    export ASSETCATALOG_COMPILER_COMPLICATION_NAME=
    export ASSETCATALOG_COMPILER_COMPRESS_PNGS=NO
    export ASSETCATALOG_COMPILER_DEPENDENCY_INFO_FILE=/Users/jojo/Library/Developer/Xcode/DerivedData/Epistemos-ctkiyqxaarezsccbouumxcpfxvtl/Build/Intermediates.noindex/Epistemos.build/Debug/Epistemos.build/assetcatalog_dependencies
    export ASSETCATALOG_COMPILER_ENABLE_ON_DEMAND_RESOURCES=NO
    export ASSETCATALOG_COMPILER_FLATTENED_APP_ICON_PATH=
    export ASSETCATALOG_COMPILER_GENERATE_ASSET_SYMBOLS=YES
    export ASSETCATALOG_COMPILER_GENERATE_ASSET_SYMBOL_BACKWARDS_DEPLOYMENT_SUPPORT=
    export ASSETCATALOG_COMPILER_GENERATE_ASSET_SYMBOL_ERRORS=YES
    export ASSETCATALOG_COMPILER_GENERATE_ASSET_SYMBOL_FRAMEWORKS="SwiftUI UIKit AppKit"
    export ASSETCATALOG_COMPILER_GENERATE_ASSET_SYMBOL_INDEX_PATH=/Users/jojo/Library/Developer/Xcode/DerivedData/Epistemos-ctkiyqxaarezsccbouumxcpfxvtl/Build/Intermediates.noindex/Epistemos.build/Debug/Epistemos.build/DerivedSources/GeneratedAssetSymbols-Index.plist
    export ASSETCATALOG_COMPILER_GENERATE_ASSET_SYMBOL_WARNINGS=YES
    export ASSETCATALOG_COMPILER_GENERATE_OBJC_ASSET_SYMBOLS_PATH=/Users/jojo/Library/Developer/Xcode/DerivedData/Epistemos-ctkiyqxaarezsccbouumxcpfxvtl/Build/Intermediates.noindex/Epistemos.build/Debug/Epistemos.build/DerivedSources/GeneratedAssetSymbols.h
    export ASSETCATALOG_COMPILER_GENERATE_SWIFT_ASSET_SYMBOLS_PATH=/Users/jojo/Library/Developer/Xcode/DerivedData/Epistemos-ctkiyqxaarezsccbouumxcpfxvtl/Build/Intermediates.noindex/Epistemos.build/Debug/Epistemos.build/DerivedSources/GeneratedAssetSymbols.swift
    export ASSETCATALOG_COMPILER_GENERATE_SWIFT_ASSET_SYMBOL_EXTENSIONS=NO
    export ASSETCATALOG_COMPILER_GLOBAL_ACCENT_COLOR_NAME=
    export ASSETCATALOG_COMPILER_INCLUDED_LANGUAGES=
    export ASSETCATALOG_COMPILER_INCLUDE_ALL_APPICON_ASSETS=NO
    export ASSETCATALOG_COMPILER_INCLUDE_INFOPLIST_LOCALIZATIONS=YES
    export ASSETCATALOG_COMPILER_INCLUDE_STICKER_CONTENT=NO
    export ASSETCATALOG_COMPILER_INFOPLIST_CONTENT_FILE=/Users/jojo/Library/Developer/Xcode/DerivedData/Epistemos-ctkiyqxaarezsccbouumxcpfxvtl/Build/Intermediates.noindex/Epistemos.build/Debug/Epistemos.build/assetcatalog_generated_info.plist
    export ASSETCATALOG_COMPILER_LAUNCHIMAGE_NAME=
    export ASSETCATALOG_COMPILER_LEADERBOARD_IDENTIFIER_PREFIX=
    export ASSETCATALOG_COMPILER_LEADERBOARD_SET_IDENTIFIER_PREFIX=
    export ASSETCATALOG_COMPILER_OPTIMIZATION=
    export ASSETCATALOG_COMPILER_OUTPUT_DIR=
    export ASSETCATALOG_COMPILER_SKIP_APP_STORE_DEPLOYMENT=
    export ASSETCATALOG_COMPILER_STANDALONE_ICON_BEHAVIOR=default
    export ASSETCATALOG_COMPILER_STICKER_PACK_IDENTIFIER_PREFIX=
    export ASSETCATALOG_COMPILER_STICKER_PACK_STRINGS=
    export ASSETCATALOG_COMPILER_TARGET_STICKERS_ICON_ROLE=
    export ASSETCATALOG_COMPILER_WIDGET_BACKGROUND_COLOR_NAME=
    export ASSETCATALOG_EXEC=actool
    export ASSETCATALOG_FILTER_FOR_DEVICE_MODEL=
    export ASSETCATALOG_FILTER_FOR_DEVICE_OS_VERSION=
    export ASSETCATALOG_FILTER_FOR_THINNING_DEVICE_CONFIGURATION=
    export ASSETCATALOG_LIGHTWEIGHT_ASSET_RUNTIME_MODE=default
    export ASSETCATALOG_NOTICES=YES
    export ASSETCATALOG_OTHER_FLAGS=
    export ASSETCATALOG_OUTPUT_FORMAT=human-readable-text
    export ASSETCATALOG_WARNINGS=YES
    export ASSET_PACK_MANIFEST_URL_PREFIX=
    export AUTOMATICALLY_MERGE_DEPENDENCIES=NO
    export AUTOMATION_APPLE_EVENTS=NO
    export AVAILABLE_PLATFORMS="appletvos appletvsimulator driverkit iphoneos iphonesimulator macosx watchos watchsimulator xros xrsimulator"
    export AdditionalInfoFileKeys=
    export AdditionalInfoFileValues=
    export BUILD_ACTIVE_RESOURCES_ONLY=NO
    export BUILD_COMPONENTS=
    export BUILD_DIR=/Users/jojo/Library/Developer/Xcode/DerivedData/Epistemos-ctkiyqxaarezsccbouumxcpfxvtl/Build/Products
    export BUILD_LIBRARY_FOR_DISTRIBUTION=NO
    export BUILD_ONLY_KNOWN_LOCALIZATIONS=NO
    export BUILD_ROOT=/Users/jojo/Library/Developer/Xcode/DerivedData/Epistemos-ctkiyqxaarezsccbouumxcpfxvtl/Build/Products
    export BUILD_STYLE=Debug
    export BUILD_VARIANTS=normal
    export BUILT_PRODUCTS_DIR=/Users/jojo/Library/Developer/Xcode/DerivedData/Epistemos-ctkiyqxaarezsccbouumxcpfxvtl/Build/Products/Debug
    export BUNDLE_CONTENTS_FOLDER_PATH=Contents/
    export BUNDLE_CONTENTS_FOLDER_PATH_deep=Contents/
    export BUNDLE_EXECUTABLE_FOLDER_NAME_deep=MacOS
    export BUNDLE_EXECUTABLE_FOLDER_PATH=Contents/MacOS
    export BUNDLE_EXTENSIONS_FOLDER_PATH=Contents/Extensions
    export BUNDLE_FORMAT=deep
    export BUNDLE_FRAMEWORKS_FOLDER_PATH=Contents/Frameworks
    export BUNDLE_LOADER=
    export BUNDLE_PLUGINS_FOLDER_PATH=Contents/PlugIns
    export BUNDLE_PRIVATE_HEADERS_FOLDER_PATH=Contents/PrivateHeaders
    export BUNDLE_PUBLIC_HEADERS_FOLDER_PATH=Contents/Headers
    export CACHE_ROOT=/var/folders/3w/cpj519g555jbvmmbp42z7mvw0000gn/C/com.apple.DeveloperTools/26.4.1-17E202/Xcode
    export CC=
    export CCHROOT=/var/folders/3w/cpj519g555jbvmmbp42z7mvw0000gn/C/com.apple.DeveloperTools/26.4.1-17E202/Xcode
    export CHMOD=/bin/chmod
    export CHOWN=chown
    export CLANG_ADDRESS_SANITIZER=
    export CLANG_ADDRESS_SANITIZER_ALLOW_ERROR_RECOVERY=
    export CLANG_ADDRESS_SANITIZER_CONTAINER_OVERFLOW=NO
    export CLANG_ADDRESS_SANITIZER_USE_AFTER_SCOPE=NO
    export CLANG_ALLOW_NON_MODULAR_INCLUDES_IN_FRAMEWORK_MODULES=NO
    export CLANG_ALTERNATE_LINKER=
    export CLANG_ANALYZER_DEADCODE_DEADSTORES=YES
    export CLANG_ANALYZER_DEFINES=-D__clang_analyzer__
    export CLANG_ANALYZER_DIVIDE_BY_ZERO=YES
    export CLANG_ANALYZER_EXEC=clang
    export CLANG_ANALYZER_GCD=YES
    export CLANG_ANALYZER_GCD_PERFORMANCE=NO
    export CLANG_ANALYZER_LIBKERN_RETAIN_COUNT=YES
    export CLANG_ANALYZER_LOCALIZABILITY_EMPTY_CONTEXT=NO
    export CLANG_ANALYZER_LOCALIZABILITY_NONLOCALIZED=NO
    export CLANG_ANALYZER_MALLOC=YES
    export CLANG_ANALYZER_MEMORY_MANAGEMENT=YES
    export CLANG_ANALYZER_MIG_CONVENTIONS=YES
    export CLANG_ANALYZER_NONNULL=YES
    export CLANG_ANALYZER_NULL_DEREFERENCE=YES
    export CLANG_ANALYZER_NUMBER_OBJECT_CONVERSION=YES_AGGRESSIVE
    export CLANG_ANALYZER_OBJC_ATSYNC=YES
    export CLANG_ANALYZER_OBJC_COLLECTIONS=YES
    export CLANG_ANALYZER_OBJC_DEALLOC=YES
    export CLANG_ANALYZER_OBJC_GENERICS=YES
    export CLANG_ANALYZER_OBJC_INCOMP_METHOD_TYPES=YES
    export CLANG_ANALYZER_OBJC_NSCFERROR=YES
    export CLANG_ANALYZER_OBJC_RETAIN_COUNT=YES
    export CLANG_ANALYZER_OBJC_SELF_INIT=YES
    export CLANG_ANALYZER_OBJC_UNUSED_IVARS=YES
    export CLANG_ANALYZER_OSOBJECT_C_STYLE_CAST=NO
    export CLANG_ANALYZER_OUTPUT=plist-multi-file
    export CLANG_ANALYZER_OUTPUT_DIR=/Users/jojo/Library/Developer/Xcode/DerivedData/Epistemos-ctkiyqxaarezsccbouumxcpfxvtl/Build/Intermediates.noindex/Epistemos.build/Debug/Epistemos.build
    export CLANG_ANALYZER_REPORT_MAIN_SOURCE_FILE=YES
    export CLANG_ANALYZER_SECURITY_BUFFER_OVERFLOW_EXPERIMENTAL=NO
    export CLANG_ANALYZER_SECURITY_FLOATLOOPCOUNTER=NO
    export CLANG_ANALYZER_SECURITY_INSECUREAPI_GETPW_GETS=YES
    export CLANG_ANALYZER_SECURITY_INSECUREAPI_MKSTEMP=YES
    export CLANG_ANALYZER_SECURITY_INSECUREAPI_RAND=NO
    export CLANG_ANALYZER_SECURITY_INSECUREAPI_STRCPY=NO
    export CLANG_ANALYZER_SECURITY_INSECUREAPI_UNCHECKEDRETURN=YES
    export CLANG_ANALYZER_SECURITY_INSECUREAPI_VFORK=YES
    export CLANG_ANALYZER_SECURITY_KEYCHAIN_API=YES
    export CLANG_ANALYZER_USE_AFTER_MOVE=YES_AGGRESSIVE
    export CLANG_BOUNDS_SAFETY_BRINGUP_MISSING_CHECKS=default
    export CLANG_BOUNDS_SAFETY_BRINGUP_MISSING_CHECKS_OPT_OUTS=
    export CLANG_CLANG_COVERAGE_MAPPING_LINKER_ARGS=NO
    export CLANG_COHORT_ARCHS=
    export CLANG_COLOR_DIAGNOSTICS=NO
    export CLANG_COVERAGE_MAPPING=NO
    export CLANG_COVERAGE_MAPPING_LINKER_ARGS=NO
    export CLANG_CXX_LANGUAGE_STANDARD=gnu++14
    export CLANG_CXX_LIBRARY=libc++
    export CLANG_CXX_STANDARD_LIBRARY_HARDENING=debug
    export CLANG_DEBUG_INFORMATION_LEVEL=default
    export CLANG_DEBUG_MODULES=YES
    export CLANG_DIAGNOSTICS_FILE=/Users/jojo/Library/Developer/Xcode/DerivedData/Epistemos-ctkiyqxaarezsccbouumxcpfxvtl/Build/Intermediates.noindex/Epistemos.build/Debug/Epistemos.build/Metal/.dia
    export CLANG_DISABLE_CXX_MODULES=YES
    export CLANG_ENABLE_APP_EXTENSION=NO
    export CLANG_ENABLE_BOUNDS_ATTRIBUTES=NO
    export CLANG_ENABLE_BOUNDS_SAFETY=NO
    export CLANG_ENABLE_CODE_COVERAGE=YES
    export CLANG_ENABLE_COMPILE_CACHE=
    export CLANG_ENABLE_CPLUSPLUS_TYPED_ALLOCATOR_SUPPORT=compiler-default
    export CLANG_ENABLE_CPP_STATIC_DESTRUCTORS=YES
    export CLANG_ENABLE_C_TYPED_ALLOCATOR_SUPPORT=compiler-default
    export CLANG_ENABLE_EXPLICIT_MODULES=YES
    export CLANG_ENABLE_MODULES=YES
    export CLANG_ENABLE_MODULE_DEBUGGING=YES
    export CLANG_ENABLE_MODULE_IMPLEMENTATION_OF=YES
    export CLANG_ENABLE_OBJC_ARC=YES
    export CLANG_ENABLE_OBJC_ARC_EXCEPTIONS=NO
    export CLANG_ENABLE_OBJC_WEAK=YES
    export CLANG_ENABLE_PREFIX_MAPPING=
    export CLANG_ENABLE_SECURITY_COMPILER_WARNINGS=NO
    export CLANG_ENABLE_STACK_ZERO_INIT=NO
    export CLANG_INDEX_STORE_COMPRESS=NO
    export CLANG_INDEX_STORE_ENABLE=YES
    export CLANG_INDEX_STORE_IGNORE_MACROS=NO
    export CLANG_INDEX_STORE_ONLY_PROJECT_FILES=NO
    export CLANG_INDEX_STORE_PATH=/Users/jojo/Library/Developer/Xcode/DerivedData/Epistemos-ctkiyqxaarezsccbouumxcpfxvtl/Index.noindex/DataStore
    export CLANG_INSTRUMENT_FOR_OPTIMIZATION_PROFILING=NO
    export CLANG_LD_DYLIB_INSTALL_NAME=
    export CLANG_LD_EXPORT_GLOBAL_SYMBOLS=YES
    export CLANG_LD_SUPPRESS_WARNINGS=NO
    export CLANG_LD_THREAD_SANITIZER=
    export CLANG_LIBFUZZER=
    export CLANG_LINK_OBJC_RUNTIME=
    export CLANG_LINK_WITH_STANDARD_LIBRARIES=YES
    export CLANG_MACH_O_TYPE=mh_execute
    export CLANG_MACRO_BACKTRACE_LIMIT=0
    export CLANG_MODULES_AUTOLINK=YES
    export CLANG_MODULES_BUILD_SESSION_FILE=
    export CLANG_MODULES_DISABLE_PRIVATE_WARNING=NO
    export CLANG_MODULES_ENABLE_VERIFIER_TOOL=NO
    export CLANG_MODULES_IGNORE_MACROS=
    export CLANG_MODULES_PRUNE_AFTER=345600
    export CLANG_MODULES_PRUNE_INTERVAL=86400
    export CLANG_MODULES_VALIDATE_SYSTEM_HEADERS=NO
    export CLANG_MODULES_VERIFIER_VERBOSE_OUTPUT=NO
    export CLANG_MODULE_CACHE_PATH=/Users/jojo/Library/Developer/Xcode/DerivedData/ModuleCache.noindex
    export CLANG_MODULE_LSV=NO
    export CLANG_OMIT_FRAME_POINTERS=compiler-default
    export CLANG_OPTIMIZATION_PROFILE_FILE=/Users/jojo/Downloads/Epistemos/OptimizationProfiles/Epistemos.profdata
    export CLANG_OTHER_PREFIX_MAPPINGS=
    export CLANG_RESOURCE_DIR_CLANG=
    export CLANG_RESOURCE_DIR_SWIFTC=
    export CLANG_RETAIN_COMMENTS_FROM_SYSTEM_HEADERS=NO
    export CLANG_SANITIZER_COVERAGE=
    export CLANG_SDKROOT_LINKER_INPUT=macosx
    export CLANG_STATIC_ANALYZER_MODE=shallow
    export CLANG_STATIC_ANALYZER_MODE_ACTION_deep=
    export CLANG_STATIC_ANALYZER_MODE_ACTION_shallow=Shallow
    export CLANG_STATIC_ANALYZER_MODE_ON_ANALYZE_ACTION=deep
    export CLANG_SYSTEM_FRAMEWORK_SEARCH_PATHS=
    export CLANG_TARGET_TRIPLE_ARCHS=undefined_arch
    export CLANG_THREAD_SANITIZER=
    export CLANG_TIDY_BUGPRONE_ASSERT_SIDE_EFFECT=YES
    export CLANG_TIDY_BUGPRONE_INFINITE_LOOP=YES
    export CLANG_TIDY_BUGPRONE_MOVE_FORWARDING_REFERENCE=YES
    export CLANG_TIDY_BUGPRONE_REDUNDANT_BRANCH_CONDITION=NO
    export CLANG_TIDY_MISC_REDUNDANT_EXPRESSION=NO
    export CLANG_TRIVIAL_AUTO_VAR_INIT=default
    export CLANG_UNDEFINED_BEHAVIOR_SANITIZER=
    export CLANG_UNDEFINED_BEHAVIOR_SANITIZER_INTEGER=NO
    export CLANG_UNDEFINED_BEHAVIOR_SANITIZER_NULLABILITY=NO
    export CLANG_UNDEFINED_BEHAVIOR_SANITIZER_TRAP_ON_SECURITY_ISSUES=NO
    export CLANG_UNDEFINED_BEHAVIOR_SANITIZER_TRAP_ON_SECURITY_ISSUES_OPT=YES
    export CLANG_USE_OPTIMIZATION_PROFILE=NO
    export CLANG_USE_RESPONSE_FILE=YES
    export CLANG_WARN_ASSIGN_ENUM=NO
    export CLANG_WARN_ATOMIC_IMPLICIT_SEQ_CST=NO
    export CLANG_WARN_BLOCK_CAPTURE_AUTORELEASING=YES
    export CLANG_WARN_BOOL_CONVERSION=YES
    export CLANG_WARN_COMMA=YES
    export CLANG_WARN_COMPLETION_HANDLER_MISUSE=NO
    export CLANG_WARN_CONSTANT_CONVERSION=YES
    export CLANG_WARN_CXX0X_EXTENSIONS=NO
    export CLANG_WARN_DELETE_NON_VIRTUAL_DTOR=YES
    export CLANG_WARN_DEPRECATED_OBJC_IMPLEMENTATIONS=YES
    export CLANG_WARN_DIRECT_OBJC_ISA_USAGE=YES_ERROR
    export CLANG_WARN_DOCUMENTATION_COMMENTS=YES
    export CLANG_WARN_EMPTY_BODY=YES
    export CLANG_WARN_ENUM_CONVERSION=YES
    export CLANG_WARN_FLOAT_CONVERSION=NO
    export CLANG_WARN_FRAMEWORK_INCLUDE_PRIVATE_FROM_PUBLIC=NO
    export CLANG_WARN_IMPLICIT_FALLTHROUGH=NO
    export CLANG_WARN_IMPLICIT_SIGN_CONVERSION=NO
    export CLANG_WARN_INFINITE_RECURSION=YES
    export CLANG_WARN_INT_CONVERSION=YES
    export CLANG_WARN_MISSING_NOESCAPE=YES
    export CLANG_WARN_NON_LITERAL_NULL_CONVERSION=YES
    export CLANG_WARN_NULLABLE_TO_NONNULL_CONVERSION=NO
    export CLANG_WARN_OBJC_EXPLICIT_OWNERSHIP_TYPE=NO
    export CLANG_WARN_OBJC_IMPLICIT_ATOMIC_PROPERTIES=NO
    export CLANG_WARN_OBJC_IMPLICIT_RETAIN_SELF=YES
    export CLANG_WARN_OBJC_INTERFACE_IVARS=NO
    export CLANG_WARN_OBJC_LITERAL_CONVERSION=YES
    export CLANG_WARN_OBJC_MISSING_PROPERTY_SYNTHESIS=NO
    export CLANG_WARN_OBJC_REPEATED_USE_OF_WEAK=NO
    export CLANG_WARN_OBJC_ROOT_CLASS=YES_ERROR
    export CLANG_WARN_PRAGMA_PACK=YES
    export CLANG_WARN_PRIVATE_MODULE=YES
    export CLANG_WARN_QUOTED_INCLUDE_IN_FRAMEWORK_HEADER=YES
    export CLANG_WARN_RANGE_LOOP_ANALYSIS=YES
    export CLANG_WARN_SEMICOLON_BEFORE_METHOD_BODY=NO
    export CLANG_WARN_STRICT_PROTOTYPES=YES
    export CLANG_WARN_SUSPICIOUS_IMPLICIT_CONVERSION=NO
    export CLANG_WARN_SUSPICIOUS_MOVE=YES
    export CLANG_WARN_UNGUARDED_AVAILABILITY=YES_AGGRESSIVE
    export CLANG_WARN_UNREACHABLE_CODE=YES
    export CLANG_WARN_UNSAFE_BUFFER_USAGE=DEFAULT
    export CLANG_WARN_VEXING_PARSE=YES
    export CLANG_WARN_XNU_TYPED_ALLOCATORS=DEFAULT
    export CLANG_WARN__ARC_BRIDGE_CAST_NONARC=YES
    export CLANG_WARN__DUPLICATE_METHOD_MATCH=YES
    export CLANG_WARN__EXIT_TIME_DESTRUCTORS=NO
    export CLANG_X86_VECTOR_INSTRUCTIONS=default
    export CLANG__INPUT_FILE_LIST_PATH__=
    export CLASS_FILE_DIR=/Users/jojo/Library/Developer/Xcode/DerivedData/Epistemos-ctkiyqxaarezsccbouumxcpfxvtl/Build/Intermediates.noindex/Epistemos.build/Debug/Epistemos.build/JavaClasses
    export CLEAN_PRECOMPS=YES
    export CLONE_HEADERS=NO
    export CODESIGNING_FOLDER_PATH=/Users/jojo/Library/Developer/Xcode/DerivedData/Epistemos-ctkiyqxaarezsccbouumxcpfxvtl/Build/Products/Debug/Epistemos.app
    export CODEX_CI=1
    export CODEX_INTERNAL_ORIGINATOR_OVERRIDE="Codex Desktop"
    export CODEX_SHELL=1
    export CODEX_THREAD_ID=019e8a04-a9ae-7a92-bb76-0dbb792f7893
    export CODE_SIGNING_ALLOWED=YES
    export CODE_SIGNING_REQUIRED=YES
    export CODE_SIGN_ENTITLEMENTS=Epistemos/Epistemos-Debug.entitlements
    export CODE_SIGN_IDENTITY="Apple Development"
    export CODE_SIGN_IDENTITY_NO="Apple Development"
    export CODE_SIGN_IDENTITY_YES=-
    export CODE_SIGN_INJECT_BASE_ENTITLEMENTS=YES
    export CODE_SIGN_KEYCHAIN=
    export CODE_SIGN_LOCAL_EXECUTION_IDENTITY=
    export CODE_SIGN_RESOURCE_RULES_IN_BUNDLE=
    export CODE_SIGN_STYLE=Automatic
    export COHORT_ARCHS=
    export COHORT_BASE_ARCH=
    export COLORTERM=
    export COLOR_DIAGNOSTICS=NO
    export COMBINE_HIDPI_IMAGES=YES
    export COMMAND_MODE=unix2003
    export COMPILATION_CACHE_ENABLE_CACHING=
    export COMPILATION_CACHE_ENABLE_DIAGNOSTIC_REMARKS=
    export COMPILER_INDEX_STORE_ENABLE=Default
    export COMPOSITE_SDK_DIRS=/Users/jojo/Library/Developer/Xcode/DerivedData/Epistemos-ctkiyqxaarezsccbouumxcpfxvtl/Build/Intermediates.noindex/CompositeSDKs
    export COMPRESS_PNG_FILES=NO
    export COMPRESS_TIFF_FILES_WHILE_COPYING=NO
    export CONFIGURATION=Debug
    export CONFIGURATION_BUILD_DIR=/Users/jojo/Library/Developer/Xcode/DerivedData/Epistemos-ctkiyqxaarezsccbouumxcpfxvtl/Build/Products/Debug
    export CONFIGURATION_TEMP_DIR=/Users/jojo/Library/Developer/Xcode/DerivedData/Epistemos-ctkiyqxaarezsccbouumxcpfxvtl/Build/Intermediates.noindex/Epistemos.build/Debug
    export CONTENTS_FOLDER_PATH=Epistemos.app/Contents
    export CONTENTS_FOLDER_PATH_SHALLOW_BUNDLE_NO=Epistemos.app/Contents
    export CONTENTS_FOLDER_PATH_SHALLOW_BUNDLE_YES=Epistemos.app
    export COPYING_PRESERVES_HFS_DATA=NO
    export COPY_HEADERS_RUN_UNIFDEF=NO
    export COPY_HEADERS_UNIFDEF_FLAGS=
    export COPY_PHASE_STRIP=NO
    export COREML_CODEGEN_LANGUAGE=Automatic
    export COREML_CODEGEN_SWIFT_GLOBAL_MODULE=NO
    export COREML_CODEGEN_SWIFT_VERSION=6.0
    export COREML_COMPILER_CONTAINER=bundle-resources
    export COREML_COMPILER_INFOPLIST_CONTENT_FILE=/Users/jojo/Library/Developer/Xcode/DerivedData/Epistemos-ctkiyqxaarezsccbouumxcpfxvtl/Build/Intermediates.noindex/Epistemos.build/Debug/Epistemos.build/-CoreMLPartialInfo.plist
    export COREML_DEPLOYMENT_TARGET=26.0
    export COREML_DEPLOYMENT_TARGET__NO=26.0
    export COREML_DEPLOYMENT_TARGET__YES=26.4
    export COREML_PLATFORM_NAME=macos
    export COREML_PLATFORM_NAME__NO=macos
    export COREML_PLATFORM_NAME__YES=maccatalyst
    export CP=/bin/cp
    export CPP_HEADERMAP_FILE=/Users/jojo/Library/Developer/Xcode/DerivedData/Epistemos-ctkiyqxaarezsccbouumxcpfxvtl/Build/Intermediates.noindex/Epistemos.build/Debug/Epistemos.build/Epistemos.hmap
    export CPP_HEADERMAP_FILE_FOR_ALL_NON_FRAMEWORK_TARGET_HEADERS=/Users/jojo/Library/Developer/Xcode/DerivedData/Epistemos-ctkiyqxaarezsccbouumxcpfxvtl/Build/Intermediates.noindex/Epistemos.build/Debug/Epistemos.build/Epistemos-all-non-framework-target-headers.hmap
    export CPP_HEADERMAP_FILE_FOR_ALL_TARGET_HEADERS=/Users/jojo/Library/Developer/Xcode/DerivedData/Epistemos-ctkiyqxaarezsccbouumxcpfxvtl/Build/Intermediates.noindex/Epistemos.build/Debug/Epistemos.build/Epistemos-all-target-headers.hmap
    export CPP_HEADERMAP_FILE_FOR_GENERATED_FILES=/Users/jojo/Library/Developer/Xcode/DerivedData/Epistemos-ctkiyqxaarezsccbouumxcpfxvtl/Build/Intermediates.noindex/Epistemos.build/Debug/Epistemos.build/Epistemos-generated-files.hmap
    export CPP_HEADERMAP_FILE_FOR_OWN_TARGET_HEADERS=/Users/jojo/Library/Developer/Xcode/DerivedData/Epistemos-ctkiyqxaarezsccbouumxcpfxvtl/Build/Intermediates.noindex/Epistemos.build/Debug/Epistemos.build/Epistemos-own-target-headers.hmap
    export CPP_HEADERMAP_FILE_FOR_PROJECT_FILES=/Users/jojo/Library/Developer/Xcode/DerivedData/Epistemos-ctkiyqxaarezsccbouumxcpfxvtl/Build/Intermediates.noindex/Epistemos.build/Debug/Epistemos.build/Epistemos-project-headers.hmap
    export CPP_HEADERMAP_PRODUCT_HEADERS_VFS_FILE=/Users/jojo/Library/Developer/Xcode/DerivedData/Epistemos-ctkiyqxaarezsccbouumxcpfxvtl/Build/Intermediates.noindex/Epistemos.build/Debug/Epistemos--VFS/all-product-headers.yaml
    export CPP_HEADER_SYMLINKS_DIR=/Users/jojo/Library/Developer/Xcode/DerivedData/Epistemos-ctkiyqxaarezsccbouumxcpfxvtl/Build/Intermediates.noindex/Epistemos.build/Debug/Epistemos.build/Epistemos.hdrs
    export CREATE_INFOPLIST_SECTION_IN_BINARY=NO
    export CURRENT_ARCH=undefined_arch
    export CURRENT_PROJECT_VERSION=
    export CURRENT_VARIANT=normal
    export CURRENT_VERSION=
    export C_COMPILER_LAUNCHER=
    export CodeSignEntitlements=
    export CodeSignResourceRules=
    export DEAD_CODE_STRIPPING=NO
    export DEBUGGING_SYMBOLS=YES
    export DEBUG_INFORMATION_FORMAT=dwarf
    export DEBUG_INFORMATION_VERSION=compiler-default
    export DEFAULT_COMPILER=com.apple.compilers.llvm.clang.1_0
    export DEFAULT_DEXT_INSTALL_PATH=/System/Library/DriverExtensions
    export DEFAULT_KEXT_INSTALL_PATH=/System/Library/Extensions
    export DEFAULT_SSE_LEVEL_3_NO=default
    export DEFAULT_SSE_LEVEL_3_SUPPLEMENTAL_NO=default
    export DEFAULT_SSE_LEVEL_3_SUPPLEMENTAL_YES=ssse3
    export DEFAULT_SSE_LEVEL_3_YES=sse3
    export DEFAULT_SSE_LEVEL_4_1_NO=default
    export DEFAULT_SSE_LEVEL_4_1_YES=sse4.1
    export DEFAULT_SSE_LEVEL_4_2_NO=default
    export DEFAULT_SSE_LEVEL_4_2_YES=sse4.2
    export DEFINES_MODULE=NO
    export DEPLOYMENT_LOCATION=NO
    export DEPLOYMENT_POSTPROCESSING=NO
    export DEPLOYMENT_TARGET=26.0
    export DEPLOYMENT_TARGET_SETTING_NAME=MACOSX_DEPLOYMENT_TARGET
    export DEPLOYMENT_TARGET_SUGGESTED_VALUES="10.13 10.14 10.15 11.0 11.1 11.2 11.3 11.4 11.5 12.0 12.2 12.3 12.4 13.0 13.1 13.2 13.3 13.4 13.5 14.0 14.1 14.2 14.3 14.4 14.5 14.6 15.0 15.1 15.2 15.3 15.4 15.5 15.6 26.0 26.1 26.2 26.3 26.4"
    export DERIVED_DATA_DIR=/Users/jojo/Library/Developer/Xcode/DerivedData
    export DERIVED_FILES_DIR=/Users/jojo/Library/Developer/Xcode/DerivedData/Epistemos-ctkiyqxaarezsccbouumxcpfxvtl/Build/Intermediates.noindex/Epistemos.build/Debug/Epistemos.build/DerivedSources
    export DERIVED_FILE_DIR=/Users/jojo/Library/Developer/Xcode/DerivedData/Epistemos-ctkiyqxaarezsccbouumxcpfxvtl/Build/Intermediates.noindex/Epistemos.build/Debug/Epistemos.build/DerivedSources
    export DERIVED_PATHS=
    export DERIVED_SOURCES_DIR=/Users/jojo/Library/Developer/Xcode/DerivedData/Epistemos-ctkiyqxaarezsccbouumxcpfxvtl/Build/Intermediates.noindex/Epistemos.build/Debug/Epistemos.build/DerivedSources
    export DERIVE_MACCATALYST_PRODUCT_BUNDLE_IDENTIFIER=
    export DEVELOPER_APPLICATIONS_DIR=/Applications/Xcode.app/Contents/Developer/Applications
    export DEVELOPER_BIN_DIR=/Applications/Xcode.app/Contents/Developer/usr/bin
    export DEVELOPER_DIR=/Applications/Xcode.app/Contents/Developer
    export DEVELOPER_FRAMEWORKS_DIR=/Applications/Xcode.app/Contents/Developer/Library/Frameworks
    export DEVELOPER_FRAMEWORKS_DIR_QUOTED=/Applications/Xcode.app/Contents/Developer/Library/Frameworks
    export DEVELOPER_LIBRARY_DIR=/Applications/Xcode.app/Contents/Developer/Library
    export DEVELOPER_SDK_DIR=/Applications/Xcode.app/Contents/Developer/Platforms/MacOSX.platform/Developer/SDKs
    export DEVELOPER_TOOLS_DIR=/Applications/Xcode.app/Contents/Developer/Tools
    export DEVELOPER_USR_DIR=/Applications/Xcode.app/Contents/Developer/usr
    export DEVELOPMENT_ASSET_PATHS=
    export DEVELOPMENT_LANGUAGE=en
    export DEVELOPMENT_TEAM=3BNL2669SL
    export DEVICE_NAME="My Mac"
    export DIFF=/usr/bin/diff
    export DISABLE_AUTO_UPDATE=true
    export DOCC_ANALYZE_DIAGNOSTICS=NO
    export DOCC_ARCHIVE_PATH=/Users/jojo/Library/Developer/Xcode/DerivedData/Epistemos-ctkiyqxaarezsccbouumxcpfxvtl/Build/Products/Debug/Epistemos.doccarchive
    export DOCC_CATALOG_DISPLAY_NAME=Epistemos
    export DOCC_CATALOG_IDENTIFIER=com.epistemos.app
    export DOCC_DIAGNOSTICS_FILE=/Users/jojo/Library/Developer/Xcode/DerivedData/Epistemos-ctkiyqxaarezsccbouumxcpfxvtl/Build/Intermediates.noindex/Epistemos.build/Debug/Epistemos.build/Epistemos-diagnostics.json
    export DOCC_EMIT_FIXITS=YES
    export DOCC_ENABLE_CXX_SUPPORT=YES
    export DOCC_EXEC=docc
    export DOCC_EXTRACT_EXTENSION_SYMBOLS=YES
    export DOCC_EXTRACT_OBJC_INFO_FOR_SWIFT_SYMBOLS=NO
    export DOCC_EXTRACT_SPI_DOCUMENTATION=NO
    export DOCC_EXTRACT_SWIFT_INFO_FOR_OBJC_SYMBOLS=NO
    export DOCC_HOSTING_BASE_PATH=
    export DOCC_IDE_CONSOLE_OUTPUT=YES
    export DOCC_MINIMUM_ACCESS_LEVEL=none
    export DOCC_OUTPUT_DIGEST_INFORMATION=NO
    export DOCC_OUTPUT_DIR=/Users/jojo/Library/Developer/Xcode/DerivedData/Epistemos-ctkiyqxaarezsccbouumxcpfxvtl/Build/Products/Debug
    export DOCC_OUTPUT_NAVIGATOR_INDEX=YES
    export DOCC_PRETTY_PRINT=NO
    export DOCC_SKIP_INHERITED_DOCS=NO
    export DOCC_SKIP_SYNTHESIZED_MEMBERS=NO
    export DOCC_TEMPLATE_PATH=
    export DOCC_TRANSFORM_FOR_STATIC_HOSTING=YES
    export DOCUMENTATION_FOLDER_PATH=Epistemos.app/Contents/Resources/en.lproj/Documentation
    export DONT_GENERATE_INFOPLIST_FILE=NO
    export DRIVERKIT_DEPLOYMENT_TARGET=20.4
    export DSTROOT=/tmp/Epistemos.dst
    export DSYMUTIL_DSYM_SEARCH_PATHS=
    export DSYMUTIL_QUIET_OPERATION=NO
    export DSYMUTIL_VARIANT_SUFFIX=
    export DSYMUTIL_VERBOSE=NO
    export DTRACE_OTHER_FLAGS=
    export DTRACE_OUTPUT_FILE_TYPE=Header
    export DT_TOOLCHAIN_DIR=/Applications/Xcode.app/Contents/Developer/Toolchains/XcodeDefault.xctoolchain
    export DUMP_DEPENDENCIES=NO
    export DUMP_DEPENDENCIES_OUTPUT_PATH=/Users/jojo/Library/Developer/Xcode/DerivedData/Epistemos-ctkiyqxaarezsccbouumxcpfxvtl/Build/Intermediates.noindex/Epistemos.build/Debug/Epistemos.build/Epistemos-BuildDependencyInfo.json
    export DWARF_DSYM_FILE_NAME=Epistemos.app.dSYM
    export DWARF_DSYM_FILE_SHOULD_ACCOMPANY_PRODUCT=NO
    export DWARF_DSYM_FOLDER_PATH=/Users/jojo/Library/Developer/Xcode/DerivedData/Epistemos-ctkiyqxaarezsccbouumxcpfxvtl/Build/Products/Debug
    export DYLIB_COMPATIBILITY_VERSION=
    export DYLIB_CURRENT_VERSION=
    export DYLIB_INSTALL_NAME_BASE=
    export EAGER_COMPILATION_ALLOW_SCRIPTS=NO
    export EAGER_LINKING=NO
    export EFFECTIVE_PLATFORM_NAME=
    export EFFECTIVE_PLATFORM_SUFFIX=os
    export EFFECTIVE_TOOLCHAINS_DIRS="/var/run/com.apple.security.cryptexd/mnt/com.apple.MobileAsset.MetalToolchain-v17.5.188.0.0yVXtr/Metal.xctoolchain /Applications/Xcode.app/Contents/Developer/Toolchains/XcodeDefault.xctoolchain"
    export EMBEDDED_CONTENT_CONTAINS_SWIFT=NO
    export EMBEDDED_PROFILE_NAME=embedded.provisionprofile
    export EMBED_ASSET_PACKS_IN_PRODUCT_BUNDLE=NO
    export ENABLE_APPINTENTS_DEPLOYMENT_AWARE_PROCESSING=YES
    export ENABLE_APPLE_KEXT_CODE_GENERATION=NO
    export ENABLE_APP_SANDBOX=NO
    export ENABLE_ASSISTANT_INTENTS_PROVIDER_VALIDATION=YES
    export ENABLE_CODE_COVERAGE=YES
    export ENABLE_COHORT_ARCHS=NO
    export ENABLE_CPLUSPLUS_BOUNDS_SAFE_BUFFERS=NO
    export ENABLE_C_BOUNDS_SAFETY=NO
    export ENABLE_DEBUG_DYLIB=YES
    export ENABLE_DEFAULT_HEADER_SEARCH_PATHS=YES
    export ENABLE_DEFAULT_SEARCH_PATHS=YES
    export ENABLE_ENHANCED_SECURITY=NO
    export ENABLE_FILE_ACCESS_DOWNLOADS_FOLDER=
    export ENABLE_FILE_ACCESS_MOVIES_FOLDER=
    export ENABLE_FILE_ACCESS_MUSIC_FOLDER=
    export ENABLE_FILE_ACCESS_PICTURE_FOLDER=
    export ENABLE_HARDENED_RUNTIME=NO
    export ENABLE_HEADER_DEPENDENCIES=YES
    export ENABLE_INCOMING_NETWORK_CONNECTIONS=NO
    export ENABLE_INCREMENTAL_DISTILL=NO
    export ENABLE_MODULE_VERIFIER=NO
    export ENABLE_NS_ASSERTIONS=YES
    export ENABLE_ONLY_ACTIVE_RESOURCES=YES
    export ENABLE_ON_DEMAND_RESOURCES=NO
    export ENABLE_OUTGOING_NETWORK_CONNECTIONS=NO
    export ENABLE_POINTER_AUTHENTICATION=NO
    export ENABLE_PREVIEWS=YES
    export ENABLE_RESOURCE_ACCESS_AUDIO_INPUT=NO
    export ENABLE_RESOURCE_ACCESS_BLUETOOTH=NO
    export ENABLE_RESOURCE_ACCESS_CALENDARS=NO
    export ENABLE_RESOURCE_ACCESS_CAMERA=NO
    export ENABLE_RESOURCE_ACCESS_CONTACTS=NO
    export ENABLE_RESOURCE_ACCESS_LOCATION=NO
    export ENABLE_RESOURCE_ACCESS_PHOTO_LIBRARY=NO
    export ENABLE_RESOURCE_ACCESS_PRINTING=NO
    export ENABLE_RESOURCE_ACCESS_USB=NO
    export ENABLE_SDK_IMPORTS=NO
    export ENABLE_SECURITY_COMPILER_WARNINGS=NO
    export ENABLE_STRICT_OBJC_MSGSEND=YES
    export ENABLE_SWIFT_6_UPCOMING_FEATURES_IN_SWIFT_VERSION_6_0=YES
    export ENABLE_SYSTEM_SANITIZERS=
    export ENABLE_TESTABILITY=YES
    export ENABLE_TESTING_SEARCH_PATHS=NO
    export ENABLE_USER_SCRIPT_SANDBOXING=NO
    export ENABLE_USER_SELECTED_FILES=
    export ENFORCE_VALID_ARCHS=YES
    export ENTITLEMENTS_ALLOWED=YES
    export ENTITLEMENTS_DESTINATION=Signature
    export ENTITLEMENTS_REQUIRED=NO
    export EXCLUDED_EXPLICIT_TARGET_DEPENDENCIES=
    export EXCLUDED_INSTALLSRC_SUBDIRECTORY_PATTERNS=".DS_Store .svn .git .hg CVS"
    export EXCLUDED_RECURSIVE_SEARCH_PATH_SUBDIRECTORIES="*.nib *.lproj *.framework *.gch *.xcode* *.xcassets *.icon (*) .DS_Store CVS .svn .git .hg *.pbproj *.pbxproj"
    export EXCLUDED_SOURCE_FILE_NAMES=
    export EXECUTABLES_FOLDER_PATH=Epistemos.app/Contents/Executables
    export EXECUTABLE_EXTENSION=
    export EXECUTABLE_FOLDER_PATH=Epistemos.app/Contents/MacOS
    export EXECUTABLE_FOLDER_PATH_SHALLOW_BUNDLE_NO=Epistemos.app/Contents/MacOS
    export EXECUTABLE_FOLDER_PATH_SHALLOW_BUNDLE_YES=Epistemos.app/Contents
    export EXECUTABLE_NAME=Epistemos
    export EXECUTABLE_PATH=Epistemos.app/Contents/MacOS/Epistemos
    export EXECUTABLE_PREFIX=
    export EXECUTABLE_SUFFIX=
    export EXECUTABLE_VARIANT_SUFFIX=
    export EXPORTED_SYMBOLS_FILE=
    export EXTENSIONS_FOLDER_PATH=Epistemos.app/Contents/Extensions
    export ExpandBuildSettings=
    export FILE_LIST=/Users/jojo/Library/Developer/Xcode/DerivedData/Epistemos-ctkiyqxaarezsccbouumxcpfxvtl/Build/Intermediates.noindex/Epistemos.build/Debug/Epistemos.build/Objects/LinkFileList
    export FIXED_FILES_DIR=/Users/jojo/Library/Developer/Xcode/DerivedData/Epistemos-ctkiyqxaarezsccbouumxcpfxvtl/Build/Intermediates.noindex/Epistemos.build/Debug/Epistemos.build/FixedFiles
    export FPATH="/opt/homebrew/share/zsh/site-functions:/usr/local/share/zsh/site-functions:/usr/share/zsh/site-functions:/usr/share/zsh/5.9/functions"
    export FRAMEWORKS_FOLDER_PATH=Epistemos.app/Contents/Frameworks
    export FRAMEWORK_FLAG_PREFIX=-framework
    export FRAMEWORK_SEARCH_PATHS=
    export FRAMEWORK_VERSION=A
    export FULL_PRODUCT_NAME=Epistemos.app
    export FUSE_BUILD_PHASES=YES
    export FUSE_BUILD_SCRIPT_PHASES=NO
    export GCC3_VERSION=3.3
    export GCC_CHAR_IS_UNSIGNED_CHAR=NO
    export GCC_CW_ASM_SYNTAX=YES
    export GCC_C_LANGUAGE_STANDARD=gnu11
    export GCC_DEBUG_INFORMATION_FORMAT=dwarf
    export GCC_DEBUG_INFORMATION_VERSION=compiler-default
    export GCC_DYNAMIC_NO_PIC=NO
    export GCC_ENABLE_ASM_KEYWORD=YES
    export GCC_ENABLE_BUILTIN_FUNCTIONS=YES
    export GCC_ENABLE_CPP_EXCEPTIONS=YES
    export GCC_ENABLE_CPP_RTTI=YES
    export GCC_ENABLE_EXCEPTIONS=NO
    export GCC_ENABLE_FLOATING_POINT_LIBRARY_CALLS=NO
    export GCC_ENABLE_KERNEL_DEVELOPMENT=NO
    export GCC_ENABLE_OBJC_EXCEPTIONS=YES
    export GCC_ENABLE_PASCAL_STRINGS=YES
    export GCC_ENABLE_SSE3_EXTENSIONS=NO
    export GCC_ENABLE_SSE41_EXTENSIONS=NO
    export GCC_ENABLE_SSE42_EXTENSIONS=NO
    export GCC_ENABLE_SUPPLEMENTAL_SSE3_INSTRUCTIONS=NO
    export GCC_ENABLE_TRIGRAPHS=NO
    export GCC_FAST_MATH=NO
    export GCC_GENERATE_DEBUGGING_SYMBOLS=YES
    export GCC_GENERATE_TEST_COVERAGE_FILES=NO
    export GCC_INCREASE_PRECOMPILED_HEADER_SHARING=NO
    export GCC_INLINES_ARE_PRIVATE_EXTERN=YES
    export GCC_INPUT_FILETYPE=automatic
    export GCC_INSTRUMENT_PROGRAM_FLOW_ARCS=NO
    export GCC_LINK_WITH_DYNAMIC_LIBRARIES=YES
    export GCC_NO_COMMON_BLOCKS=YES
    export GCC_OBJC_ABI_VERSION=
    export GCC_OBJC_LEGACY_DISPATCH=NO
    export GCC_OPERATION=compile
    export GCC_OPTIMIZATION_LEVEL=0
    export GCC_PFE_FILE_C_DIALECTS="c objective-c c++ objective-c++"
    export GCC_PRECOMPILE_PREFIX_HEADER=
    export GCC_PREFIX_HEADER=
    export GCC_PREPROCESSOR_DEFINITIONS=" DEBUG=1"
    export GCC_PREPROCESSOR_DEFINITIONS_NOT_USED_IN_PRECOMPS=
    export GCC_PRODUCT_TYPE_PREPROCESSOR_DEFINITIONS=
    export GCC_REUSE_STRINGS=YES
    export GCC_SHORT_ENUMS=NO
    export GCC_STRICT_ALIASING=YES
    export GCC_SYMBOLS_PRIVATE_EXTERN=NO
    export GCC_THREADSAFE_STATICS=YES
    export GCC_TREAT_IMPLICIT_FUNCTION_DECLARATIONS_AS_ERRORS=NO
    export GCC_TREAT_INCOMPATIBLE_POINTER_TYPE_WARNINGS_AS_ERRORS=NO
    export GCC_TREAT_WARNINGS_AS_ERRORS=NO
    export GCC_UNROLL_LOOPS=NO
    export GCC_USE_GCC3_PFE_SUPPORT=
    export GCC_USE_STANDARD_INCLUDE_SEARCHING=YES
    export GCC_VERSION=
    export GCC_VERSION_IDENTIFIER=
    export GCC_WARN_64_TO_32_BIT_CONVERSION=YES
    export GCC_WARN_ABOUT_DEPRECATED_FUNCTIONS=YES
    export GCC_WARN_ABOUT_INVALID_OFFSETOF_MACRO=YES
    export GCC_WARN_ABOUT_MISSING_FIELD_INITIALIZERS=NO
    export GCC_WARN_ABOUT_MISSING_NEWLINE=NO
    export GCC_WARN_ABOUT_MISSING_PROTOTYPES=NO
    export GCC_WARN_ABOUT_POINTER_SIGNEDNESS=YES
    export GCC_WARN_ABOUT_RETURN_TYPE=YES_ERROR
    export GCC_WARN_ALLOW_INCOMPLETE_PROTOCOL=YES
    export GCC_WARN_CHECK_SWITCH_STATEMENTS=YES
    export GCC_WARN_FOUR_CHARACTER_CONSTANTS=NO
    export GCC_WARN_HIDDEN_VIRTUAL_FUNCTIONS=NO
    export GCC_WARN_INHIBIT_ALL_WARNINGS=NO
    export GCC_WARN_INITIALIZER_NOT_FULLY_BRACKETED=NO
    export GCC_WARN_MISSING_PARENTHESES=YES
    export GCC_WARN_MULTIPLE_DEFINITION_TYPES_FOR_SELECTOR=NO
    export GCC_WARN_NON_VIRTUAL_DESTRUCTOR=NO
    export GCC_WARN_PEDANTIC=NO
    export GCC_WARN_SHADOW=NO
    export GCC_WARN_SIGN_COMPARE=NO
    export GCC_WARN_STRICT_SELECTOR_MATCH=NO
    export GCC_WARN_TYPECHECK_CALLS_TO_PRINTF=YES
    export GCC_WARN_UNDECLARED_SELECTOR=YES
    export GCC_WARN_UNINITIALIZED_AUTOS=YES_AGGRESSIVE
    export GCC_WARN_UNKNOWN_PRAGMAS=NO
    export GCC_WARN_UNUSED_FUNCTION=YES
    export GCC_WARN_UNUSED_LABEL=NO
    export GCC_WARN_UNUSED_PARAMETER=NO
    export GCC_WARN_UNUSED_VALUE=YES
    export GCC_WARN_UNUSED_VARIABLE=YES
    export GENERATED_MODULEMAP_DIR=/Users/jojo/Library/Developer/Xcode/DerivedData/Epistemos-ctkiyqxaarezsccbouumxcpfxvtl/Build/Intermediates.noindex/GeneratedModuleMaps
    export GENERATE_INFOPLIST_FILE=NO
    export GENERATE_INTERMEDIATE_TEXT_BASED_STUBS=YES
    export GENERATE_PKGINFO_FILE=YES
    export GENERATE_PRELINK_OBJECT_FILE=NO
    export GENERATE_PROFILING_CODE=NO
    export GENERATE_TEXT_BASED_STUBS=NO
    export GH_PAGER=cat
    export GID=20
    export GIT_PAGER=cat
    export GLOBAL_CFLAGS=
    export GROUP=staff
    export GeneratedPkgInfoFile=
    export HEADERMAP_FILE_FORMAT=traditional
    export HEADERMAP_INCLUDES_FLAT_ENTRIES_FOR_TARGET_BEING_BUILT=YES
    export HEADERMAP_INCLUDES_FRAMEWORK_ENTRIES_FOR_ALL_PRODUCT_TYPES=YES
    export HEADERMAP_INCLUDES_FRAMEWORK_ENTRIES_FOR_TARGETS_NOT_BEING_BUILT=YES
    export HEADERMAP_INCLUDES_NONPUBLIC_NONPRIVATE_HEADERS=YES
    export HEADERMAP_INCLUDES_PROJECT_HEADERS=YES
    export HEADERMAP_USES_FRAMEWORK_PREFIX_ENTRIES=YES
    export HEADERMAP_USES_VFS=NO
    export HEADER_DEPENDENCIES=
    export HEADER_SEARCH_PATHS=
    export HF_TOKEN=HF_REDACTED_PUSH_PROTECTION
    export HOME=/Users/jojo
    export HOMEBREW_CELLAR=/opt/homebrew/Cellar
    export HOMEBREW_PREFIX=/opt/homebrew
    export HOMEBREW_REPOSITORY=/opt/homebrew
    export HOST_ARCH=arm64e
    export IBC_COMPILATION_MODE_FOR_IOS=
    export IBC_COMPILER_AUTO_ACTIVATE_CUSTOM_FONTS=YES
    export IBC_COMPILER_USE_NIBKEYEDARCHIVER_FOR_MACOS=NO
    export IBC_ERRORS=YES
    export IBC_EXEC=ibtool
    export IBC_FLATTEN_NIBS=YES
    export IBC_MODULE=Epistemos
    export IBC_NOTICES=YES
    export IBC_OTHER_FLAGS=
    export IBC_OVERRIDING_PLUGINS_AND_FRAMEWORKS_DIR=
    export IBC_PLUGINS=
    export IBC_PLUGIN_SEARCH_PATHS=
    export IBC_REGIONS_AND_STRINGS_FILES=
    export IBC_STRIP_NIBS=YES
    export IBC_WARNINGS=YES
    export IBSC_COMPILATION_MODE_FOR_IOS=
    export IBSC_COMPILER_AUTO_ACTIVATE_CUSTOM_FONTS=YES
    export IBSC_COMPILER_USE_NIBKEYEDARCHIVER_FOR_MACOS=NO
    export IBSC_ERRORS=YES
    export IBSC_FLATTEN_NIBS=YES
    export IBSC_MODULE=Epistemos
    export IBSC_NOTICES=YES
    export IBSC_OTHER_FLAGS=
    export IBSC_REGIONS_AND_STRINGS_FILES=
    export IBSC_STRIP_NIBS=YES
    export IBSC_WARNINGS=YES
    export ICONV=/usr/bin/iconv
    export IIG_CXX_LANGUAGE_STANDARD=gnu++14
    export IIG_DERIVED_FILE_DIR=/Users/jojo/Library/Developer/Xcode/DerivedData/Epistemos-ctkiyqxaarezsccbouumxcpfxvtl/Build/Intermediates.noindex/Epistemos.build/Debug/Epistemos.build/DerivedSources/Epistemos
    export IIG_EXEC=iig
    export IIG_FRAMEWORK_NAME=Epistemos
    export IIG_HEADERS_DIR=/Users/jojo/Library/Developer/Xcode/DerivedData/Epistemos-ctkiyqxaarezsccbouumxcpfxvtl/Build/Intermediates.noindex/Epistemos.build/Debug/Epistemos.build/DerivedSources/Epistemos
    export IIG_IMPLEMENTATION_DIR=/Users/jojo/Library/Developer/Xcode/DerivedData/Epistemos-ctkiyqxaarezsccbouumxcpfxvtl/Build/Intermediates.noindex/Epistemos.build/Debug/Epistemos.build/DerivedSources/Epistemos
    export IIG_PREPROCESSOR_DEFINITIONS=__IIG=1
    export IMPLICIT_DEPENDENCY_DOMAIN=default
    export INCLUDED_EXPLICIT_TARGET_DEPENDENCIES=
    export INCLUDED_RECURSIVE_SEARCH_PATH_SUBDIRECTORIES=
    export INCLUDED_SOURCE_FILE_NAMES=
    export INDEX_DATA_STORE_DIR=/Users/jojo/Library/Developer/Xcode/DerivedData/Epistemos-ctkiyqxaarezsccbouumxcpfxvtl/Index.noindex/DataStore
    export INDEX_ENABLE_DATA_STORE=YES
    export INDEX_PRECOMPS_DIR=/Users/jojo/Library/Developer/Xcode/DerivedData/Epistemos-ctkiyqxaarezsccbouumxcpfxvtl/Index.noindex/PrecompiledHeaders
    export INDEX_STORE_COMPRESS=NO
    export INDEX_STORE_ONLY_PROJECT_FILES=NO
    export INFOPATH="/opt/homebrew/share/info:/opt/homebrew/share/info:"
    export INFOPLIST_ENABLE_CFBUNDLEICONS_MERGE=YES
    export INFOPLIST_EXPAND_BUILD_SETTINGS=YES
    export INFOPLIST_FILE=Epistemos-Info.plist
    export INFOPLIST_KEY_CFBundleDisplayName=
    export INFOPLIST_KEY_CLKComplicationPrincipalClass=
    export INFOPLIST_KEY_GCSupportsControllerUserInteraction=
    export INFOPLIST_KEY_GCSupportsGameMode=
    export INFOPLIST_KEY_ITSAppUsesNonExemptEncryption=
    export INFOPLIST_KEY_ITSEncryptionExportComplianceCode=
    export INFOPLIST_KEY_LSApplicationCategoryType=
    export INFOPLIST_KEY_LSBackgroundOnly=
    export INFOPLIST_KEY_LSSupportsOpeningDocumentsInPlace=
    export INFOPLIST_KEY_LSUIElement=
    export INFOPLIST_KEY_MetalCaptureEnabled=
    export INFOPLIST_KEY_NFCReaderUsageDescription=
    export INFOPLIST_KEY_NSAccessoryTrackingUsageDescription=
    export INFOPLIST_KEY_NSAppDataUsageDescription=
    export INFOPLIST_KEY_NSAppleEventsUsageDescription=
    export INFOPLIST_KEY_NSAppleMusicUsageDescription=
    export INFOPLIST_KEY_NSBluetoothAlwaysUsageDescription=
    export INFOPLIST_KEY_NSBluetoothPeripheralUsageDescription=
    export INFOPLIST_KEY_NSBluetoothWhileInUseUsageDescription=
    export INFOPLIST_KEY_NSCalendarsFullAccessUsageDescription=
    export INFOPLIST_KEY_NSCalendarsUsageDescription=
    export INFOPLIST_KEY_NSCalendarsWriteOnlyAccessUsageDescription=
    export INFOPLIST_KEY_NSCameraUsageDescription=
    export INFOPLIST_KEY_NSContactsUsageDescription=
    export INFOPLIST_KEY_NSCriticalMessagingUsageDescription=
    export INFOPLIST_KEY_NSDesktopFolderUsageDescription=
    export INFOPLIST_KEY_NSDocumentsFolderUsageDescription=
    export INFOPLIST_KEY_NSDownloadsFolderUsageDescription=
    export INFOPLIST_KEY_NSFaceIDUsageDescription=
    export INFOPLIST_KEY_NSFallDetectionUsageDescription=
    export INFOPLIST_KEY_NSFileProviderDomainUsageDescription=
    export INFOPLIST_KEY_NSFileProviderPresenceUsageDescription=
    export INFOPLIST_KEY_NSFinancialDataUsageDescription=
    export INFOPLIST_KEY_NSFocusStatusUsageDescription=
    export INFOPLIST_KEY_NSGKFriendListUsageDescription=
    export INFOPLIST_KEY_NSHandsTrackingUsageDescription=
    export INFOPLIST_KEY_NSHealthClinicalHealthRecordsShareUsageDescription=
    export INFOPLIST_KEY_NSHealthShareUsageDescription=
    export INFOPLIST_KEY_NSHealthUpdateUsageDescription=
    export INFOPLIST_KEY_NSHomeKitUsageDescription=
    export INFOPLIST_KEY_NSHumanReadableCopyright=
    export INFOPLIST_KEY_NSIdentityUsageDescription=
    export INFOPLIST_KEY_NSLocalNetworkUsageDescription=
    export INFOPLIST_KEY_NSLocationAlwaysAndWhenInUseUsageDescription=
    export INFOPLIST_KEY_NSLocationAlwaysUsageDescription=
    export INFOPLIST_KEY_NSLocationTemporaryUsageDescriptionDictionary=
    export INFOPLIST_KEY_NSLocationUsageDescription=
    export INFOPLIST_KEY_NSLocationWhenInUseUsageDescription=
    export INFOPLIST_KEY_NSMainCameraUsageDescription=
    export INFOPLIST_KEY_NSMainNibFile=
    export INFOPLIST_KEY_NSMainStoryboardFile=
    export INFOPLIST_KEY_NSMicrophoneUsageDescription=
    export INFOPLIST_KEY_NSMotionUsageDescription=
    export INFOPLIST_KEY_NSNearbyInteractionAllowOnceUsageDescription=
    export INFOPLIST_KEY_NSNearbyInteractionUsageDescription=
    export INFOPLIST_KEY_NSNetworkVolumesUsageDescription=
    export INFOPLIST_KEY_NSPhotoLibraryAddUsageDescription=
    export INFOPLIST_KEY_NSPhotoLibraryUsageDescription=
    export INFOPLIST_KEY_NSPrincipalClass=
    export INFOPLIST_KEY_NSRemindersFullAccessUsageDescription=
    export INFOPLIST_KEY_NSRemindersUsageDescription=
    export INFOPLIST_KEY_NSRemovableVolumesUsageDescription=
    export INFOPLIST_KEY_NSSensorKitPrivacyPolicyURL=
    export INFOPLIST_KEY_NSSensorKitUsageDescription=
    export INFOPLIST_KEY_NSSiriUsageDescription=
    export INFOPLIST_KEY_NSSpeechRecognitionUsageDescription=
    export INFOPLIST_KEY_NSStickerSharingLevel=
    export INFOPLIST_KEY_NSSupportsLiveActivities=
    export INFOPLIST_KEY_NSSupportsLiveActivitiesFrequentUpdates=
    export INFOPLIST_KEY_NSSystemAdministrationUsageDescription=
    export INFOPLIST_KEY_NSSystemExtensionUsageDescription=
    export INFOPLIST_KEY_NSUserTrackingUsageDescription=
    export INFOPLIST_KEY_NSVideoSubscriberAccountUsageDescription=
    export INFOPLIST_KEY_NSVoIPUsageDescription=
    export INFOPLIST_KEY_NSWorldSensingUsageDescription=
    export INFOPLIST_KEY_OSBundleUsageDescription=
    export INFOPLIST_KEY_UIApplicationSceneManifest_Generation=
    export INFOPLIST_KEY_UIApplicationSupportsIndirectInputEvents=
    export INFOPLIST_KEY_UILaunchScreen_Generation=
    export INFOPLIST_KEY_UILaunchStoryboardName=
    export INFOPLIST_KEY_UIMainStoryboardFile=
    export INFOPLIST_KEY_UIRequiresFullScreen=
    export INFOPLIST_KEY_UIStatusBarHidden=
    export INFOPLIST_KEY_UIStatusBarStyle=
    export INFOPLIST_KEY_UISupportsDocumentBrowser=
    export INFOPLIST_KEY_UIUserInterfaceStyle=
    export INFOPLIST_KEY_WKCompanionAppBundleIdentifier=
    export INFOPLIST_KEY_WKExtensionDelegateClassName=
    export INFOPLIST_KEY_WKRunsIndependentlyOfCompanionApp=
    export INFOPLIST_KEY_WKWatchOnly=
    export INFOPLIST_OTHER_PREPROCESSOR_FLAGS=
    export INFOPLIST_OUTPUT_FORMAT=same-as-input
    export INFOPLIST_PATH=Epistemos.app/Contents/Info.plist
    export INFOPLIST_PREFIX_HEADER=
    export INFOPLIST_PREPROCESS=NO
    export INFOPLIST_PREPROCESSOR_DEFINITIONS=
    export INFOSTRINGS_PATH=Epistemos.app/Contents/Resources/en.lproj/InfoPlist.strings
    export INIT_ROUTINE=
    export INLINE_PRIVATE_FRAMEWORKS=NO
    export INSTALLAPI_IGNORE_SKIP_INSTALL=YES
    export INSTALLHDRS_COPY_PHASE=NO
    export INSTALLHDRS_SCRIPT_PHASE=NO
    export INSTALL_DIR=/tmp/Epistemos.dst/Applications
    export INSTALL_GROUP=staff
    export INSTALL_MODE_FLAG=u+w,go-w,a+rX
    export INSTALL_OWNER=jojo
    export INSTALL_PATH=/Applications
    export INSTALL_ROOT=/tmp/Epistemos.dst
    export INSTRUMENTS_PACKAGE_BUILDER=instrumentbuilder
    export INSTRUMENTS_PACKAGE_BUILDER_DEPENDENCY_INFO_FILE=/Users/jojo/Library/Developer/Xcode/DerivedData/Epistemos-ctkiyqxaarezsccbouumxcpfxvtl/Build/Intermediates.noindex/Epistemos.build/Debug/Epistemos.build/instruments-package-builder.dependencies
    export INSTRUMENTS_PACKAGE_BUILDER_LINKED_PACKAGES=
    export INSTRUMENTS_PACKAGE_BUILDER_NO_SYSTEM_SEARCH=NO
    export INSTRUMENTS_PACKAGE_BUILDER_SEARCH_PATHS=/Users/jojo/Library/Developer/Xcode/DerivedData/Epistemos-ctkiyqxaarezsccbouumxcpfxvtl/Build/Products/Debug
    export INSTRUMENTS_PACKAGE_BUILDER_VERSION_OVERRIDE=
    export INTENTS_CODEGEN_LANGUAGE=Automatic
    export IOS_UNZIPPERED_TWIN_PREFIX_PATH=/System/iOSSupport
    export IPHONEOS_DEPLOYMENT_TARGET=26.4
    export IS_MACCATALYST=NO
    export IS_UIKITFORMAC=NO
    export InfoPlistPath=
    export JAVAC_DEFAULT_FLAGS="-J-Xms64m -J-XX:NewSize=4M -J-Dfile.encoding=UTF8"
    export JAVA_APP_STUB=/System/Library/Frameworks/JavaVM.framework/Resources/MacOS/JavaApplicationStub
    export JAVA_ARCHIVE_CLASSES=YES
    export JAVA_ARCHIVE_TYPE=JAR
    export JAVA_COMPILER=/usr/bin/javac
    export JAVA_FOLDER_PATH=Epistemos.app/Contents/Resources/Java
    export JAVA_FRAMEWORK_JARS=
    export JAVA_FRAMEWORK_RESOURCES_DIRS=Resources
    export JAVA_JAR_FLAGS=cv
    export JAVA_SOURCE_SUBDIR=.
    export JAVA_USE_DEPENDENCIES=YES
    export JAVA_ZIP_FLAGS=-urg
    export JIKES_DEFAULT_FLAGS="+E +OLDCSO"
    export KASAN_CFLAGS_CLASSIC="-DKASAN=1 -DKASAN_CLASSIC=1 -fsanitize=address -mllvm -asan-globals-live-support -mllvm -asan-force-dynamic-shadow"
    export KASAN_CFLAGS_TBI="-DKASAN=1 -DKASAN_TBI=1 -fsanitize=kernel-hwaddress -mllvm -hwasan-recover=0 -mllvm -hwasan-instrument-atomics=0 -mllvm -hwasan-instrument-stack=1 -mllvm -hwasan-generate-tags-with-calls=1 -mllvm -hwasan-instrument-with-calls=1 -mllvm -hwasan-use-short-granules=0 -mllvm -hwasan-memory-access-callback-prefix=__asan_"
    export KASAN_DEFAULT_CFLAGS="-DKASAN=1 -DKASAN_CLASSIC=1 -fsanitize=address -mllvm -asan-globals-live-support -mllvm -asan-force-dynamic-shadow"
    export KEEP_PRIVATE_EXTERNS=NO
    export KERNEL_EXTENSION_HEADER_SEARCH_PATHS="/PrivateHeaders "
    export KEXT_CFLAGS=
    export KEXT_CPLUSPLUSFLAGS=
    export LANG=C.UTF-8
    export LAUNCH_CONSTRAINT_PARENT=
    export LAUNCH_CONSTRAINT_RESPONSIBLE=
    export LAUNCH_CONSTRAINT_SELF=
    export LC_ALL=C.UTF-8
    export LC_CTYPE=C.UTF-8
    export LD_ADDRESS_SANITIZER=-fsanitize=address
    export LD_ADDRESS_SANITIZER_clang=-fsanitize=address
    export LD_ADDRESS_SANITIZER_swiftc=-sanitize=address
    export LD_ADD_MERGEABLE_DEBUG_HOOK=
    export LD_CLIENT_NAME=
    export LD_COHORT_ARCHS=
    export LD_DEBUG_VARIANT=YES
    export LD_DEPENDENCY_INFO_FILE=/undefined_arch/Epistemos_dependency_info.dat
    export LD_DETERMINISTIC_MODE=YES
    export LD_DONT_RUN_DEDUPLICATION=YES
    export LD_DYLIB_ALLOWABLE_CLIENTS=
    export LD_DYLIB_INSTALL_NAME=
    export LD_ENTITLEMENTS_SECTION=
    export LD_ENTITLEMENTS_SECTION_DER=
    export LD_ENTRY_POINT=
    export LD_ENVIRONMENT=
    export LD_EXPORT_GLOBAL_SYMBOLS=YES
    export LD_EXPORT_SYMBOLS=YES
    export LD_FINAL_OUTPUT_FILE=/Applications/Epistemos.app/Contents/MacOS/Epistemos
    export LD_FLAGS=
    export LD_GENERATE_MAP_FILE=NO
    export LD_LTO_OBJECT_FILE=/undefined_arch/Epistemos_lto.o
    export LD_MAKE_MERGEABLE=NO
    export LD_MAP_FILE_PATH=/Users/jojo/Library/Developer/Xcode/DerivedData/Epistemos-ctkiyqxaarezsccbouumxcpfxvtl/Build/Intermediates.noindex/Epistemos.build/Debug/Epistemos.build/Epistemos-LinkMap-normal-undefined_arch.txt
    export LD_NO_PIE=NO
    export LD_OBJC_ABI_VERSION=
    export LD_OBJC_RUNTIME_ARGS=-fobjc-link-runtime
    export LD_OBJC_RUNTIME_ARGS_clang=-fobjc-link-runtime
    export LD_OBJC_RUNTIME_ARGS_swiftc=-link-objc-runtime
    export LD_OPTIMIZATION_LEVEL=0
    export LD_QUOTE_LINKER_ARGUMENTS_FOR_COMPILER_DRIVER=YES
    export LD_RUNPATH_SEARCH_PATHS="@executable_path @executable_path/../Frameworks @loader_path/../Frameworks"
    export LD_RUNPATH_SEARCH_PATHS_YES="@loader_path/../Frameworks"
    export LD_SDK_IMPORTS_FILE=/undefined_arch/Epistemos_normal_undefined_arch_sdk_imports.json
    export LD_SHARED_CACHE_ELIGIBLE=Automatic
    export LD_SKIP_MERGEABLE_LIBRARY_BUNDLE_HOOK=NO
    export LD_SUPPRESS_WARNINGS=NO
    export LD_TARGET_TRIPLE_ARCHS=undefined_arch
    export LD_THREAD_SANITIZER=
    export LD_WARN_DUPLICATE_LIBRARIES=NO
    export LD_WARN_UNUSED_DYLIBS=NO
    export LEGACY_DEVELOPER_DIR=/Applications/Xcode.app/Contents/Developer/PlugIns/Xcode3Core.ideplugin/Contents/SharedSupport/Developer
    export LEX=lex
    export LEXFLAGS=
    export LEX_CASE_INSENSITIVE_SCANNER=NO
    export LEX_INSERT_LINE_DIRECTIVES=YES
    export LEX_SUPPRESS_DEFAULT_RULE=NO
    export LEX_SUPPRESS_WARNINGS=NO
    export LIBRARY_DEXT_INSTALL_PATH=/Library/DriverExtensions
    export LIBRARY_FLAG_NOSPACE=YES
    export LIBRARY_FLAG_PREFIX=-l
    export LIBRARY_KEXT_INSTALL_PATH=/Library/Extensions
    export LIBRARY_LOAD_CONSTRAINT=
    export LIBRARY_SEARCH_PATHS=
    export LIBTOOL=libtool
    export LIBTOOL_ARCH=undefined_arch
    export LIBTOOL_COHORT_ARCHS=
    export LIBTOOL_DEPENDENCY_INFO_FILE=/undefined_arch/Epistemos_libtool_dependency_info.dat
    export LIBTOOL_DEPLOYMENT_TARGET=26.0
    export LIBTOOL_DETERMINISTIC_MODE=YES
    export LIBTOOL_FILE_LIST_FORMAT=unescapedNewlineSeparated
    export LIBTOOL_USE_RESPONSE_FILE=YES
    export LINKER_DISPLAYS_MANGLED_NAMES=NO
    export LINKER_DRIVER=clang
    export LINKER_FILE_LIST_FORMAT=unescapedNewlineSeparated
    export LINKER_FILE_LIST_FORMAT_clang=unescapedNewlineSeparated
    export LINKER_FILE_LIST_FORMAT_swiftc=unixShellQuotedSpaceSeparated
    export LINKER_LIBRARY_FLAGS=
    export LINKER_RESPONSE_FILE_FORMAT=unixShellQuotedSpaceSeparated
    export LINK_WITH_STANDARD_LIBRARIES=YES
    export LLVM_IMPLICIT_AGGRESSIVE_OPTIMIZATIONS=NO
    export LLVM_LTO=NO
    export LLVM_OPTIMIZATION_LEVEL_VAL_0=NO
    export LLVM_OPTIMIZATION_LEVEL_VAL_1=NO
    export LLVM_OPTIMIZATION_LEVEL_VAL_2=NO
    export LLVM_OPTIMIZATION_LEVEL_VAL_3=NO
    export LLVM_OPTIMIZATION_LEVEL_VAL_fast=YES
    export LLVM_OPTIMIZATION_LEVEL_VAL_s=NO
    export LLVM_OPTIMIZATION_LEVEL_VAL_z=NO
    export LLVM_TARGET_TRIPLE_OS_VERSION=macos26.0
    export LLVM_TARGET_TRIPLE_OS_VERSION_NO=macos26.0
    export LLVM_TARGET_TRIPLE_OS_VERSION_YES=macos26.4
    export LLVM_TARGET_TRIPLE_SUFFIX=
    export LLVM_TARGET_TRIPLE_VENDOR=apple
    export LM_AUX_CONST_METADATA_LIST_PATH=
    export LM_AUX_INTENTS_METADATA_FILES_LIST_PATH=/Users/jojo/Library/Developer/Xcode/DerivedData/Epistemos-ctkiyqxaarezsccbouumxcpfxvtl/Build/Intermediates.noindex/Epistemos.build/Debug/Epistemos.build/Epistemos.DependencyMetadataFileList
    export LM_AUX_INTENTS_STATIC_METADATA_FILES_LIST_PATH=/Users/jojo/Library/Developer/Xcode/DerivedData/Epistemos-ctkiyqxaarezsccbouumxcpfxvtl/Build/Intermediates.noindex/Epistemos.build/Debug/Epistemos.build/Epistemos.DependencyStaticMetadataFileList
    export LM_BINARY_PATH=
    export LM_BUNDLE_IDENTIFIER=com.epistemos.app
    export LM_COMPILE_TIME_EXTRACTION=YES
    export LM_DEPENDENCY_FILES=
    export LM_ENABLE_APP_NAME_OVERRIDE=NO
    export LM_ENABLE_ASSISTANT_INTENT_APP_NAME_OVERRIDE=NO
    export LM_ENABLE_LINK_GENERATION=YES
    export LM_ENABLE_STRING_VALIDATION=YES
    export LM_FILTER_WARNINGS=NO
    export LM_FORCE_LINK_GENERATION=NO
    export LM_FORCE_METADATA_OUTPUT=NO
    export LM_NO_APP_SHORTCUT_LOCALIZATION=YES
    export LM_OUTPUT_DIR=
    export LM_STRINGSDATA_FILES=
    export LOCALIZABLE_CONTENT_DIR=
    export LOCALIZATION_EXPORT_SUPPORTED=YES
    export LOCALIZATION_PREFERS_STRING_CATALOGS=NO
    export LOCALIZED_RESOURCES_FOLDER_PATH=Epistemos.app/Contents/Resources/en.lproj
    export LOCALIZED_STRING_CODE_COMMENTS=NO
    export LOCALIZED_STRING_MACRO_NAMES="NSLocalizedString CFCopyLocalizedString"
    export LOCALIZED_STRING_SWIFTUI_SUPPORT=YES
    export LOCAL_ADMIN_APPS_DIR=/Applications/Utilities
    export LOCAL_APPS_DIR=/Applications
    export LOCAL_DEVELOPER_DIR=/Library/Developer
    export LOCAL_DEVELOPER_EXECUTABLES_DIR=
    export LOCAL_LIBRARY_DIR=/Library
    export LOCROOT=
    export LOCSYMROOT=
    export LOGNAME=jojo
    export LOG_FORMAT=json
    export MACH_O_TYPE=mh_execute
    export MACOSX_DEPLOYMENT_TARGET=26.0
    export MACOS_CREATOR=
    export MACOS_CREATOR_ARG=
    export MACOS_TYPE=
    export MACOS_TYPE_ARG=
    export MAC_OS_X_PRODUCT_BUILD_VERSION=25D2128
    export MAC_OS_X_VERSION_ACTUAL=260301
    export MAC_OS_X_VERSION_MAJOR=260000
    export MAC_OS_X_VERSION_MAX_ALLOWED=
    export MAC_OS_X_VERSION_MINOR=260300
    export MAC_OS_X_VERSION_MIN_REQUIRED=
    export MAKE_MERGEABLE=NO
    export MANPATH="/Applications/Xcode.app/Contents/Developer/Platforms/MacOSX.platform/Developer/SDKs/MacOSX.sdk/usr/share/man:/Applications/Xcode.app/Contents/Developer/Platforms/MacOSX.platform/usr/share/man:/Applications/Xcode.app/Contents/Developer/usr/share/man:/Applications/Xcode.app/Contents/Developer/Toolchains/XcodeDefault.xctoolchain/usr/share/man:"
    export MAPC_MODULE=Epistemos
    export MAPC_NO_WARNINGS=NO
    export MARKETING_VERSION=
    export MERGEABLE_LIBRARY=NO
    export MERGED_BINARY_TYPE=none
    export MERGE_LINKED_LIBRARIES=NO
    export METAL_INDEX_STORE_ONLY_PROJECT_FILES=NO
    export METAL_LIBRARY_FILE_BASE=default
    export METAL_LIBRARY_OUTPUT_DIR=/Users/jojo/Library/Developer/Xcode/DerivedData/Epistemos-ctkiyqxaarezsccbouumxcpfxvtl/Build/Products/Debug/Epistemos.app/Contents/Resources
    export MIG_DEPLOYMENT_TARGET=26.0
    export MIG_EXEC=mig
    export MODULEMAP_FILE=
    export MODULEMAP_PRIVATE_FILE=
    export MODULES_FOLDER_PATH=Epistemos.app/Contents/Modules
    export MODULES_VERIFIER_EXEC=modules-verifier
    export MODULE_CACHE_DIR=/Users/jojo/Library/Developer/Xcode/DerivedData/ModuleCache.noindex
    export MODULE_DEPENDENCIES=
    export MODULE_NAME=
    export MODULE_START=
    export MODULE_STOP=
    export MODULE_VERIFIER_LSV=NO
    export MODULE_VERIFIER_SUPPORTED_LANGUAGES=objective-c
    export MODULE_VERIFIER_TARGET_TRIPLE_ARCHS="arm64 x86_64"
    export MODULE_VERIFIER_VERBOSE=NO
    export MODULE_VERSION=
    export MOMC_MODULE=Epistemos
    export MOMC_NO_DELETE_RULE_WARNINGS=NO
    export MOMC_NO_INVERSE_RELATIONSHIP_WARNINGS=NO
    export MOMC_NO_MAX_PROPERTY_COUNT_WARNINGS=NO
    export MOMC_NO_WARNINGS=NO
    export MOMC_OUTPUT_SUFFIX=
    export MOMC_OUTPUT_SUFFIX__xcdatamodel=.mom
    export MOMC_OUTPUT_SUFFIX__xcdatamodeld=.momd
    export MOMC_SUPPRESS_INVERSE_TRANSIENT_ERROR=NO
    export MTLCOMPILER_DEPENDENCY_INFO_FILE=/Users/jojo/Library/Developer/Xcode/DerivedData/Epistemos-ctkiyqxaarezsccbouumxcpfxvtl/Build/Intermediates.noindex/Epistemos.build/Debug/Epistemos.build/Metal/.dat
    export MTLCOMPILER_OUTPUT_FILE=/Users/jojo/Library/Developer/Xcode/DerivedData/Epistemos-ctkiyqxaarezsccbouumxcpfxvtl/Build/Intermediates.noindex/Epistemos.build/Debug/Epistemos.build/Metal/.air
    export MTLLINKER_ALTERNATE_LINKER=
    export MTLLINKER_INCLUDE_SOURCE=
    export MTLLINKER_OUTPUT_FILE=
    export MTLLINKER_TARGET_TRIPLE=
    export MTL_COMPILER_FLAGS=
    export MTL_ENABLE_DEBUG_INFO=INCLUDE_SOURCE
    export MTL_ENABLE_INDEX_STORE=YES
    export MTL_ENABLE_MODULES=STDLIB
    export MTL_FAST_MATH=YES
    export MTL_FRAMEWORK_SEARCH_PATH_BUILT_PRODUCTS_DIR=
    export MTL_HEADER_SEARCH_PATHS=
    export MTL_HEADER_SEARCH_PATH_BUILT_PRODUCTS_DIR=
    export MTL_IGNORE_WARNINGS=NO
    export MTL_INDEX_STORE_PATH=/Users/jojo/Library/Developer/Xcode/DerivedData/Epistemos-ctkiyqxaarezsccbouumxcpfxvtl/Index.noindex/DataStore
    export MTL_LANGUAGE_REVISION=UseDeploymentTarget
    export MTL_LANGUAGE_REVISION_dialect=macos
    export MTL_LANGUAGE_REVISION_dialect_macosx=macos
    export MTL_LANGUAGE_REVISION_optgen=UseDeploymentTarget
    export MTL_MATH_FP32_FUNCTIONS=FAST
    export MTL_MATH_FP32_FUNCTIONS_derived_NO=PRECISE
    export MTL_MATH_MODE=FAST
    export MTL_MATH_MODE_derived_NO=SAFE
    export MTL_OPTIMIZATION_LEVEL=default
    export MTL_TARGET_TRIPLE=air64-apple-macos26.0
    export MTL_TREAT_WARNINGS_AS_ERRORS=NO
    export MallocNanoZone=0
    export NATIVE_ARCH=arm64e
    export NATIVE_ARCH_32_BIT=i386
    export NATIVE_ARCH_64_BIT=arm64e
    export NATIVE_ARCH_ACTUAL=arm64e
    export NO_COLOR=1
    export NO_COMMON=YES
    export OBJECT_FILE_ASSEMBLER_LINKER_RESPONSE_FILE_FORMAT=unixShellQuotedSpaceSeparated
    export OBJECT_FILE_DIR=/Users/jojo/Library/Developer/Xcode/DerivedData/Epistemos-ctkiyqxaarezsccbouumxcpfxvtl/Build/Intermediates.noindex/Epistemos.build/Debug/Epistemos.build/Objects
    export OBJROOT=/Users/jojo/Library/Developer/Xcode/DerivedData/Epistemos-ctkiyqxaarezsccbouumxcpfxvtl/Build/Intermediates.noindex
    export OLDPWD=/Users/jojo/Downloads/Epistemos
    export ONLY_ACTIVE_ARCH=YES
    export OPENCLC=/System/Library/Frameworks/OpenCL.framework/Libraries/openclc
    export OPENCL_ARCHS="i386 x86_64 gpu_32 gpu_64"
    export OPENCL_AUTO_VECTORIZE_ENABLE=YES
    export OPENCL_COMPILER_VERSION=CL1.1
    export OPENCL_DENORMS_ARE_ZERO=NO
    export OPENCL_DOUBLE_AS_SINGLE=NO
    export OPENCL_FAST_RELAXED_MATH=NO
    export OPENCL_MAD_ENABLE=NO
    export OPENCL_OPTIMIZATION_LEVEL=s
    export OPTIMIZATION_CFLAGS=
    export ORDER_FILE=
    export OS=MACOS
    export OSAC=/usr/bin/osacompile
    export OSACOMPILE_EXECUTE_ONLY=NO
    export OSLogRateLimit=64
    export OTHER_CLANG_MODULES_VERIFIER_FLAGS=
    export OTHER_CODE_SIGN_FLAGS=
    export OTHER_CPLUSPLUSFLAGS=
    export OTHER_IIG_CFLAGS=
    export OTHER_IIG_FLAGS=
    export OTHER_LDFLAGS="-L/Users/jojo/Downloads/Epistemos/build-rust -lgraph_engine -lsyntax_core -lomega_mcp -lomega_ax -lepistemos_core -lagent_core -lepistemos_shadow -lepistemos_code_index -lsubstrate_rt"
    export OTHER_LDRFLAGS="-L/Users/jojo/Downloads/Epistemos/build-rust -lgraph_engine -lsyntax_core -lomega_mcp -lomega_ax -lepistemos_core -lagent_core -lepistemos_shadow -lepistemos_code_index -lsubstrate_rt"
    export OTHER_LIBTOOLFLAGS=
    export OTHER_MIGFLAGS=
    export OTHER_MODULE_VERIFIER_FLAGS=
    export OTHER_OSACOMPILEFLAGS=
    export OTHER_OSAFLAGS=
    export OTHER_PRECOMP_CFLAGS=
    export OTHER_RESMERGERFLAGS=
    export OTHER_REZFLAGS=
    export OTHER_SWIFT_STDLIB_TOOL_FLAGS=
    export OTHER_TAPI_FLAGS=
    export OutputFormat=
    export PACKAGE_TYPE=com.apple.package-type.wrapper.application
    export PAGER=cat
    export PASCAL_STRINGS=YES
    export PATH="/Applications/Xcode.app/Contents/Developer/usr/bin:/Users/jojo/.codex/tmp/arg0/codex-arg0E3HkjA:/Users/jojo/.antigravity/antigravity/bin:/Users/jojo/.antigravity/antigravity/bin:/Users/jojo/.local/bin:/Users/jojo/.local/bin:/Users/jojo/.elan/bin:/opt/homebrew/bin:/opt/homebrew/sbin:/usr/local/bin:/System/Cryptexes/App/usr/bin:/usr/bin:/bin:/usr/sbin:/sbin:/var/run/com.apple.security.cryptexd/codex.system/bootstrap/usr/local/bin:/var/run/com.apple.security.cryptexd/codex.system/bootstrap/usr/bin:/var/run/com.apple.security.cryptexd/codex.system/bootstrap/usr/appleinternal/bin:/opt/pmk/env/global/bin:/Library/Apple/usr/bin:/Users/jojo/.cargo/bin:/Applications/Codex.app/Contents/Resources"
    export PATH_PREFIXES_EXCLUDED_FROM_HEADER_DEPENDENCIES="/usr/include /usr/local/include /System/Library/Frameworks /System/Library/PrivateFrameworks /Applications/Xcode.app/Contents/Developer/Headers /Applications/Xcode.app/Contents/Developer/SDKs /Applications/Xcode.app/Contents/Developer/Platforms"
    export PBDEVELOPMENTPLIST_PATH=Epistemos.app/Contents/pbdevelopment.plist
    export PBXCP_BITCODE_STRIP_MODE=
    export PBXCP_BITCODE_STRIP_TOOL=
    export PBXCP_EXCLUDE_SUBPATHS=
    export PBXCP_IGNORE_MISSING_INPUTS=NO
    export PBXCP_INCLUDE_ONLY_SUBPATHS=
    export PBXCP_STRIP_BITCODE=NO
    export PBXCP_STRIP_SUBPATHS=
    export PBXCP_STRIP_TOOL=
    export PBXCP_STRIP_UNSIGNED_BINARIES=NO
    export PER_ARCH_MODULE_FILE_DIR=/Modules
    export PFE_FILE_C_DIALECTS=
    export PKGINFO_PATH=Epistemos.app/Contents/PkgInfo
    export PLATFORM_DEVELOPER_APPLICATIONS_DIR=/Applications/Xcode.app/Contents/Developer/Applications
    export PLATFORM_DEVELOPER_BIN_DIR=/Applications/Xcode.app/Contents/Developer/usr/bin
    export PLATFORM_DEVELOPER_LIBRARY_DIR=/Applications/Xcode.app/Contents/Developer/Library
    export PLATFORM_DEVELOPER_SDK_DIR=/Applications/Xcode.app/Contents/Developer/Platforms/MacOSX.platform/Developer/SDKs
    export PLATFORM_DEVELOPER_TOOLS_DIR=/Applications/Xcode.app/Contents/Developer/Tools
    export PLATFORM_DEVELOPER_USR_DIR=/Applications/Xcode.app/Contents/Developer/usr
    export PLATFORM_DIR=/Applications/Xcode.app/Contents/Developer/Platforms/MacOSX.platform
    export PLATFORM_DISPLAY_NAME=macOS
    export PLATFORM_NAME=macosx
    export PLATFORM_PREFERRED_ARCH=undefined_arch
    export PLATFORM_PRODUCT_BUILD_VERSION=25E251
    export PLIST_FILE_OUTPUT_FORMAT=same-as-input
    export PLUGINS_FOLDER_PATH=Epistemos.app/Contents/PlugIns
    export PRECOMPILE_PREFIX_HEADER=
    export PRECOMPS_INCLUDE_HEADERS_FROM_BUILT_PRODUCTS_DIR=YES
    export PRECOMP_DESTINATION_DIR=/Users/jojo/Library/Developer/Xcode/DerivedData/Epistemos-ctkiyqxaarezsccbouumxcpfxvtl/Build/Intermediates.noindex/Epistemos.build/Debug/Epistemos.build/PrefixHeaders
    export PREFIX_CFLAG_BASE=
    export PREFIX_FLAGS=
    export PREFIX_HEADER=
    export PREFIX_REFERENCE=
    export PRELINK_FLAGS=
    export PRELINK_LIBS=
    export PRIVATE_HEADERS_FOLDER_PATH=Epistemos.app/Contents/PrivateHeaders
    export PROCESSED_INFOPLIST_PATH=/Users/jojo/Library/Developer/Xcode/DerivedData/Epistemos-ctkiyqxaarezsccbouumxcpfxvtl/Build/Intermediates.noindex/Epistemos.build/Debug/Epistemos.build/Objects-normal/undefined_arch/Processed-Info.plist
    export PRODUCT_BUNDLE_IDENTIFIER=com.epistemos.app
    export PRODUCT_BUNDLE_PACKAGE_TYPE=APPL
    export PRODUCT_DEFINITION_PLIST=
    export PRODUCT_MODULE_NAME=Epistemos
    export PRODUCT_NAME=Epistemos
    export PRODUCT_TYPE=com.apple.product-type.application
    export PRODUCT_TYPE_SWIFT_STDLIB_TOOL_FLAGS=
    export PROFILING_CODE=NO
    export PROJECT=Epistemos
    export PROJECT_DERIVED_FILE_DIR=/Users/jojo/Library/Developer/Xcode/DerivedData/Epistemos-ctkiyqxaarezsccbouumxcpfxvtl/Build/Intermediates.noindex/Epistemos.build/DerivedSources
    export PROJECT_DIR=/Users/jojo/Downloads/Epistemos
    export PROJECT_FILE_PATH=/Users/jojo/Downloads/Epistemos/Epistemos.xcodeproj
    export PROJECT_NAME=Epistemos
    export PROJECT_TEMP_DIR=/Users/jojo/Library/Developer/Xcode/DerivedData/Epistemos-ctkiyqxaarezsccbouumxcpfxvtl/Build/Intermediates.noindex/Epistemos.build
    export PROJECT_TEMP_ROOT=/Users/jojo/Library/Developer/Xcode/DerivedData/Epistemos-ctkiyqxaarezsccbouumxcpfxvtl/Build/Intermediates.noindex
    export PROVISIONING_PROFILE=
    export PROVISIONING_PROFILE_DESTINATION_PATH=/Users/jojo/Library/Developer/Xcode/DerivedData/Epistemos-ctkiyqxaarezsccbouumxcpfxvtl/Build/Products/Debug/Epistemos.app/Contents
    export PROVISIONING_PROFILE_REQUIRED=NO
    export PROVISIONING_PROFILE_REQUIRED_YES_YES=YES
    export PROVISIONING_PROFILE_SPECIFIER=
    export PROVISIONING_PROFILE_SUPPORTED=YES
    export PUBLIC_HEADERS_FOLDER_PATH=Epistemos.app/Contents/Headers
    export PWD=/Users/jojo/Downloads/Epistemos
    export REALITYASSET_DEPLOYMENT_TARGET=26.0
    export RECURSIVE_SEARCH_PATHS_FOLLOW_SYMLINKS=YES
    export REFERENCEOBJECT_STRIP_USDZ=NO
    export REGISTER_APP_GROUPS=
    export REMOVE_CVS_FROM_RESOURCES=YES
    export REMOVE_GIT_FROM_RESOURCES=YES
    export REMOVE_HEADERS_FROM_EMBEDDED_BUNDLES=YES
    export REMOVE_HEADER_DIRECTORIES=NO
    export REMOVE_HG_FROM_RESOURCES=YES
    export REMOVE_STATIC_EXECUTABLES_FROM_EMBEDDED_BUNDLES=YES
    export REMOVE_SVN_FROM_RESOURCES=YES
    export RESCHEDULE_INDEPENDENT_HEADERS_PHASES=YES
    export RESMERGER_SOURCES_FORK=auto
    export RESOURCES_PLATFORM_NAME=
    export RESOURCES_UI_FRAMEWORK_FAMILY=
    export RESOURCE_RULES_PLIST_PATH=
    export RETAIN_RAW_BINARIES=
    export REZ_COLLECTOR_DIR=/Users/jojo/Library/Developer/Xcode/DerivedData/Epistemos-ctkiyqxaarezsccbouumxcpfxvtl/Build/Intermediates.noindex/Epistemos.build/Debug/Epistemos.build/ResourceManagerResources
    export REZ_EXECUTABLE=
    export REZ_OBJECTS_DIR=/Users/jojo/Library/Developer/Xcode/DerivedData/Epistemos-ctkiyqxaarezsccbouumxcpfxvtl/Build/Intermediates.noindex/Epistemos.build/Debug/Epistemos.build/ResourceManagerResources/Objects
    export REZ_PREFIX_FILE=
    export REZ_PREPROCESSOR_DEFINITIONS=
    export REZ_PREPROCESSOR_UNDEFINITIONS=
    export REZ_RESOLVE_ALIASES=Always
    export REZ_RESOURCE_MAP_READ_ONLY=NO
    export REZ_SCRIPT_TYPE=Roman
    export REZ_SEARCH_PATHS=
    export REZ_SHOW_DEBUG_OUTPUT=NO
    export REZ_SUPPRESS_REDECLARED_RESOURCE_TYPE_WARNINGS=NO
    export RUNTIME_EXCEPTION_ALLOW_DYLD_ENVIRONMENT_VARIABLES=NO
    export RUNTIME_EXCEPTION_ALLOW_JIT=NO
    export RUNTIME_EXCEPTION_ALLOW_UNSIGNED_EXECUTABLE_MEMORY=NO
    export RUNTIME_EXCEPTION_DEBUGGING_TOOL=NO
    export RUNTIME_EXCEPTION_DISABLE_EXECUTABLE_PAGE_PROTECTION=NO
    export RUNTIME_EXCEPTION_DISABLE_LIBRARY_VALIDATION=NO
    export RUN_CLANG_STATIC_ANALYZER=NO
    export RUN_DESTINATION_DEVICE_MODEL=Mac14,9
    export RUN_DESTINATION_DEVICE_NAME="My Mac"
    export RUN_DESTINATION_DEVICE_OS_VERSION=26.3.1
    export RUN_DESTINATION_DEVICE_PLATFORM_IDENTIFIER=com.apple.platform.macosx
    export RUN_DESTINATION_DEVICE_PLATFORM_NAME=macosx
    export RUN_DESTINATION_DEVICE_UDID=00006020-000249E00CC0C01E
    export RUN_DOCUMENTATION_COMPILER=NO
    export RUST_LOG=warn
    export RemoveFile=
    export SCAN_ALL_SOURCE_FILES_FOR_INCLUDES=NO
    export SCENEKIT_DEPLOYMENT_TARGET=26.0
    export SCHEME_ACTION_NAME="Patch MLX Metal Warning"
    export SCHEME_NAME=Epistemos
    export SCRIPTS_FOLDER_PATH=Epistemos.app/Contents/Resources/Scripts
    export SDKDB_TO_SYMGRAPH_EXEC=/Applications/Xcode.app/Contents/Developer/../SharedFrameworks/CoreDocumentation.framework/Resources/sdkdb_to_symgraph
    export SDKROOT=macosx
    export SDK_DIR=/Applications/Xcode.app/Contents/Developer/Platforms/MacOSX.platform/Developer/SDKs/MacOSX26.4.sdk
    export SDK_DIR_macosx26_4=/Applications/Xcode.app/Contents/Developer/Platforms/MacOSX.platform/Developer/SDKs/MacOSX26.4.sdk
    export SDK_NAME=macosx26.4
    export SDK_NAMES=macosx26.4
    export SDK_PRODUCT_BUILD_VERSION=25E251
    export SDK_STAT_CACHE_ENABLE=YES
    export SDK_STAT_CACHE_VERBOSE_LOGGING=NO
    export SDK_VARIANT=macos
    export SDK_VERSION=26.4
    export SDK_VERSION_ACTUAL=260400
    export SDK_VERSION_MAJOR=260000
    export SDK_VERSION_MINOR=260400
    export SECTORDER_FLAGS=
    export SED=/usr/bin/sed
    export SEPARATE_STRIP=NO
    export SEPARATE_SYMBOL_EDIT=NO
    export SETTING_DefaultValue_NO_NO=NO
    export SETTING_DefaultValue_NO_YES=YES
    export SETTING_DefaultValue_YES_NO=YES
    export SETTING_DefaultValue_YES_YES=YES
    export SETTING_DefaultValue__=NO
    export SET_DIR_MODE_OWNER_GROUP=YES
    export SET_FILE_MODE_OWNER_GROUP=NO
    export SHALLOW_BUNDLE=NO
    export SHALLOW_BUNDLE_PLATFORM=NO
    export SHALLOW_BUNDLE_TRIPLE=macos
    export SHALLOW_BUNDLE_ios_macabi=NO
    export SHALLOW_BUNDLE_macos=NO
    export SHARED_DERIVED_FILE_DIR=/Users/jojo/Library/Developer/Xcode/DerivedData/Epistemos-ctkiyqxaarezsccbouumxcpfxvtl/Build/Products/Debug/DerivedSources
    export SHARED_FRAMEWORKS_FOLDER_PATH=Epistemos.app/Contents/SharedFrameworks
    export SHARED_PRECOMPS_DIR=/Users/jojo/Library/Developer/Xcode/DerivedData/Epistemos-ctkiyqxaarezsccbouumxcpfxvtl/Build/Intermediates.noindex/PrecompiledHeaders
    export SHARED_SUPPORT_FOLDER_PATH=Epistemos.app/Contents/SharedSupport
    export SHELL=/bin/zsh
    export SHLVL=2
    export SKIP_INSTALL=NO
    export SKIP_MERGEABLE_LIBRARY_BUNDLE_HOOK=NO
    export SOURCE_ROOT=/Users/jojo/Downloads/Epistemos
    export SRCROOT=/Users/jojo/Downloads/Epistemos
    export SSH_AUTH_SOCK=/private/tmp/com.apple.launchd.sS7B6SSxea/Listeners
    export STORYBOARD_COMPILER_INFOPLIST_CONTENT_FILE=/Users/jojo/Library/Developer/Xcode/DerivedData/Epistemos-ctkiyqxaarezsccbouumxcpfxvtl/Build/Intermediates.noindex/Epistemos.build/Debug/Epistemos.build/-SBPartialInfo.plist
    export STRINGSDATA_DIR=/undefined_arch
    export STRINGSDATA_ROOT=/Users/jojo/Library/Developer/Xcode/DerivedData/Epistemos-ctkiyqxaarezsccbouumxcpfxvtl/Build/Intermediates.noindex/Epistemos.build/Debug/Epistemos.build
    export STRINGS_FILE_INFOPLIST_RENAME=YES
    export STRINGS_FILE_INPUT_ENCODING=
    export STRINGS_FILE_OUTPUT_ENCODING=UTF-16
    export STRINGS_FILE_OUTPUT_FILENAME=
    export STRING_CATALOG_GENERATE_SYMBOLS=NO
    export STRIPFLAGS=
    export STRIP_BITCODE_FROM_COPIED_FILES=YES
    export STRIP_DETERMINISTIC_MODE=YES
    export STRIP_INSTALLED_PRODUCT=YES
    export STRIP_PNG_TEXT=NO
    export STRIP_STYLE=all
    export STRIP_SWIFT_SYMBOLS=YES
    export SUPPORTED_PLATFORMS=macosx
    export SUPPORTS_MACCATALYST=NO
    export SUPPORTS_MAC_DESIGNED_FOR_IPHONE_IPAD=
    export SUPPORTS_ON_DEMAND_RESOURCES=NO
    export SUPPORTS_TEXT_BASED_API=NO
    export SUPPORTS_XR_DESIGNED_FOR_IPHONE_IPAD=
    export SUPPRESS_WARNINGS=NO
    export SWIFTC_ALTERNATE_LINKER=
    export SWIFTC_CLANG_COVERAGE_MAPPING_LINKER_ARGS=NO
    export SWIFTC_LD_DYLIB_INSTALL_NAME=
    export SWIFTC_LD_EXPORT_GLOBAL_SYMBOLS=YES
    export SWIFTC_LD_SUPPRESS_WARNINGS=NO
    export SWIFTC_LD_THREAD_SANITIZER=
    export SWIFTC_LINK_WITH_STANDARD_LIBRARIES=YES
    export SWIFTC_MACH_O_TYPE=mh_execute
    export SWIFTC_PASS_SDKROOT=YES
    export SWIFTC_RESOURCE_DIR=
    export SWIFTC_SDKROOT_LINKER_INPUT=macosx
    export SWIFTC_SYSTEM_FRAMEWORK_SEARCH_PATHS=
    export SWIFTC__INPUT_FILE_LIST_PATH__=
    export SWIFT_ACTIVE_COMPILATION_CONDITIONS="DEBUG EPISTEMOS_LINK_SUBSTRATE_RT"
    export SWIFT_ADDITIONAL_LINKER_ARGS_OUTPUT_PATH=/Epistemos-linker-args.resp
    export SWIFT_ADDRESS_SANITIZER=
    export SWIFT_ADDRESS_SANITIZER_ALLOW_ERROR_RECOVERY=
    export SWIFT_ALLOW_INSTALL_OBJC_HEADER=YES
    export SWIFT_API_DIGESTER_MODE=abi
    export SWIFT_APPROACHABLE_CONCURRENCY=NO
    export SWIFT_AUTOLINK_EXTRACT_OUTPUT_PATH=/Epistemos-swiftbuild.autolink
    export SWIFT_BRIDGING_HEADER_IS_INTERNAL=NO
    export SWIFT_CLANG_CXX_LANGUAGE_STANDARD=objc-gnu++14
    export SWIFT_CLANG_CXX_STANDARD_LIBRARY_HARDENING=debug
    export SWIFT_COHORT_ARCHS=
    export SWIFT_COMPILATION_MODE=singlefile
    export SWIFT_CROSS_MODULE_OPTIMIZATION=NO
    export SWIFT_DEBUG_INFORMATION_FORMAT=dwarf
    export SWIFT_DEBUG_INFORMATION_VERSION=compiler-default
    export SWIFT_DEFAULT_ACTOR_ISOLATION=MainActor
    export SWIFT_DEPLOYMENT_TARGET=26.0
    export SWIFT_DISABLE_SAFETY_CHECKS=NO
    export SWIFT_EAGER_MODULE_EMISSION_IN_WMO=YES
    export SWIFT_EMIT_LOC_STRINGS=YES
    export SWIFT_EMIT_MODULE_INTERFACE=NO
    export SWIFT_ENABLE_APP_EXTENSION=NO
    export SWIFT_ENABLE_BARE_SLASH_REGEX=YES
    export SWIFT_ENABLE_BATCH_MODE=YES
    export SWIFT_ENABLE_COMPILE_CACHE=
    export SWIFT_ENABLE_EMIT_CONST_VALUES=YES
    export SWIFT_ENABLE_EXPLICIT_MODULES=
    export SWIFT_ENABLE_INCREMENTAL_COMPILATION=YES
    export SWIFT_ENABLE_LAYOUT_STRING_VALUE_WITNESSES=NO
    export SWIFT_ENABLE_LIBRARY_EVOLUTION=NO
    export SWIFT_ENABLE_OPAQUE_TYPE_ERASURE=NO
    export SWIFT_ENABLE_PREFIX_MAPPING=
    export SWIFT_ENABLE_TESTABILITY=NO
    export SWIFT_ENFORCE_EXCLUSIVE_ACCESS=default
    export SWIFT_EXEC=swiftc
    export SWIFT_EXPERIMENTAL_FEATURE_DEBUG_DESCRIPTION_MACRO=YES
    export SWIFT_GENERATE_ADDITIONAL_LINKER_ARGS=
    export SWIFT_INCLUDE_PATHS="/Users/jojo/Downloads/Epistemos/build-rust/swift-bindings/omega_mcpFFI /Users/jojo/Downloads/Epistemos/build-rust/swift-bindings/omega_axFFI /Users/jojo/Downloads/Epistemos/build-rust/swift-bindings/epistemos_coreFFI /Users/jojo/Downloads/Epistemos/build-rust/swift-bindings/agent_coreFFI"
    export SWIFT_INDEX_STORE_COMPRESS=NO
    export SWIFT_INDEX_STORE_ENABLE=YES
    export SWIFT_INDEX_STORE_ONLY_PROJECT_FILES=NO
    export SWIFT_INDEX_STORE_PATH=/Users/jojo/Library/Developer/Xcode/DerivedData/Epistemos-ctkiyqxaarezsccbouumxcpfxvtl/Index.noindex/DataStore
    export SWIFT_INSTALL_MODULE=YES
    export SWIFT_INSTALL_MODULE_ABI_DESCRIPTOR=YES
    export SWIFT_INSTALL_OBJC_HEADER=YES
    export SWIFT_LIBFUZZER=
    export SWIFT_LIBRARIES_ONLY=NO
    export SWIFT_LIBRARY_PATH=
    export SWIFT_LINK_OBJC_RUNTIME=
    export SWIFT_LTO=NO
    export SWIFT_MODULES_AUTOLINK=YES
    export SWIFT_MODULE_ALIASES=
    export SWIFT_MODULE_NAME=Epistemos
    export SWIFT_OBJC_BRIDGING_HEADER=Epistemos-Bridging-Header.h
    export SWIFT_OBJC_INTERFACE_HEADER_NAME=Epistemos-Swift.h
    export SWIFT_OBJC_INTEROP_MODE=objc
    export SWIFT_OMIT_FRAME_POINTERS=compiler-default
    export SWIFT_OPTIMIZATION_LEVEL=-Onone
    export SWIFT_OTHER_PREFIX_MAPPINGS=
    export SWIFT_OVERLOAD_PREBUILT_MODULE_CACHE_PATH=
    export SWIFT_PACKAGE_NAME=
    export SWIFT_PLATFORM_TARGET_PREFIX=macos
    export SWIFT_PRECOMPILE_BRIDGING_HEADER=YES
    export SWIFT_REFLECTION_METADATA_LEVEL=all
    export SWIFT_RESOURCE_DIR=
    export SWIFT_RESPONSE_FILE_PATH=
    export SWIFT_SERIALIZE_DEBUGGING_OPTIONS=YES
    export SWIFT_SKIP_AUTOLINKING_ALL_FRAMEWORKS=NO
    export SWIFT_STDLIB=swiftCore
    export SWIFT_STDLIB_TOOL_ACTION=
    export SWIFT_STDLIB_TOOL_CODE_SIGN_IDENTITY=
    export SWIFT_STDLIB_TOOL_DESTINATION_DIR=/Users/jojo/Library/Developer/Xcode/DerivedData/Epistemos-ctkiyqxaarezsccbouumxcpfxvtl/Build/Products/Debug/Epistemos.app/Contents/Frameworks
    export SWIFT_STDLIB_TOOL_EXECUTABLE_TO_SCAN=
    export SWIFT_STDLIB_TOOL_FOLDERS_TO_SCAN=
    export SWIFT_STDLIB_TOOL_KEYCHAIN=
    export SWIFT_STDLIB_TOOL_OTHER_CODE_SIGN_FLAGS=
    export SWIFT_STDLIB_TOOL_SOURCE_LIBRARIES=
    export SWIFT_STDLIB_TOOL_STRIP_BITCODE=YES
    export SWIFT_STDLIB_TOOL_TOOLCHAINS="/var/run/com.apple.security.cryptexd/mnt/com.apple.MobileAsset.MetalToolchain-v17.5.188.0.0yVXtr/Metal.xctoolchain /Applications/Xcode.app/Contents/Developer/Toolchains/XcodeDefault.xctoolchain"
    export SWIFT_STDLIB_TOOL_UNSIGNED_DESTINATION_DIR=
    export SWIFT_STDLIB_TOOL_VERBOSITY=verbose
    export SWIFT_STRICT_CONCURRENCY=complete
    export SWIFT_STRICT_CONCURRENCY_DEFAULT=complete
    export SWIFT_STRICT_CONCURRENCY_IN_SWIFT_VERSION_6_0=complete
    export SWIFT_STRICT_MEMORY_SAFETY=NO
    export SWIFT_SUPPRESS_WARNINGS=NO
    export SWIFT_SYSTEM_INCLUDE_PATHS=
    export SWIFT_TARGET_TRIPLE=undefined_arch-apple-macos26.0
    export SWIFT_THREAD_SANITIZER=
    export SWIFT_TREAT_WARNINGS_AS_ERRORS=NO
    export SWIFT_UPCOMING_FEATURE_6_0=YES
    export SWIFT_UPCOMING_FEATURE_CONCISE_MAGIC_FILE=YES
    export SWIFT_UPCOMING_FEATURE_DEPRECATE_APPLICATION_MAIN=YES
    export SWIFT_UPCOMING_FEATURE_DISABLE_OUTWARD_ACTOR_ISOLATION=YES
    export SWIFT_UPCOMING_FEATURE_DYNAMIC_ACTOR_ISOLATION=YES
    export SWIFT_UPCOMING_FEATURE_EXISTENTIAL_ANY=No
    export SWIFT_UPCOMING_FEATURE_FORWARD_TRAILING_CLOSURES=YES
    export SWIFT_UPCOMING_FEATURE_GLOBAL_ACTOR_ISOLATED_TYPES_USABILITY=YES
    export SWIFT_UPCOMING_FEATURE_GLOBAL_CONCURRENCY=YES
    export SWIFT_UPCOMING_FEATURE_IMPLICIT_OPEN_EXISTENTIALS=YES
    export SWIFT_UPCOMING_FEATURE_IMPORT_OBJC_FORWARD_DECLS=YES
    export SWIFT_UPCOMING_FEATURE_INFER_ISOLATED_CONFORMANCES=NO
    export SWIFT_UPCOMING_FEATURE_INFER_SENDABLE_FROM_CAPTURES=YES
    export SWIFT_UPCOMING_FEATURE_INTERNAL_IMPORTS_BY_DEFAULT=NO
    export SWIFT_UPCOMING_FEATURE_ISOLATED_DEFAULT_VALUES=YES
    export SWIFT_UPCOMING_FEATURE_MEMBER_IMPORT_VISIBILITY=NO
    export SWIFT_UPCOMING_FEATURE_NONFROZEN_ENUM_EXHAUSTIVITY=YES
    export SWIFT_UPCOMING_FEATURE_NONISOLATED_NONSENDING_BY_DEFAULT=NO
    export SWIFT_UPCOMING_FEATURE_REGION_BASED_ISOLATION=YES
    export SWIFT_USE_PARALLEL_WHOLE_MODULE_OPTIMIZATION=YES
    export SWIFT_USE_PARALLEL_WMO_TARGETS=YES
    export SWIFT_VALIDATE_CLANG_MODULES_ONCE_PER_BUILD_SESSION=YES
    export SWIFT_VERSION=6.0
    export SWIFT_WARNINGS_AS_ERRORS_GROUPS=
    export SWIFT_WARNINGS_AS_WARNINGS_GROUPS=
    export SWIFT_WHOLE_MODULE_OPTIMIZATION=NO
    export SYMBOL_GRAPH_EXTRACTOR_EXEC=swift-symbolgraph-extract
    export SYMBOL_GRAPH_EXTRACTOR_MODULE_CACHE_PATH=/Users/jojo/Library/Developer/Xcode/DerivedData/ModuleCache.noindex
    export SYMBOL_GRAPH_EXTRACTOR_MODULE_NAME=Epistemos
    export SYMBOL_GRAPH_EXTRACTOR_OUTPUT_BASE=/Users/jojo/Library/Developer/Xcode/DerivedData/Epistemos-ctkiyqxaarezsccbouumxcpfxvtl/Build/Intermediates.noindex/Epistemos.build/Debug/Epistemos.build/symbol-graph
    export SYMBOL_GRAPH_EXTRACTOR_OUTPUT_DIR=/Users/jojo/Library/Developer/Xcode/DerivedData/Epistemos-ctkiyqxaarezsccbouumxcpfxvtl/Build/Intermediates.noindex/Epistemos.build/Debug/Epistemos.build/symbol-graph/swift/undefined_arch-apple-macos26.0
    export SYMBOL_GRAPH_EXTRACTOR_SDK=macosx
    export SYMBOL_GRAPH_EXTRACTOR_SEARCH_PATHS=
    export SYMBOL_GRAPH_EXTRACTOR_SWIFT_VERSION=6.0
    export SYMBOL_GRAPH_EXTRACTOR_TARGET_TRIPLE=undefined_arch-apple-macos26.0
    export SYMBOL_HEADER=
    export SYMROOT=/Users/jojo/Library/Developer/Xcode/DerivedData/Epistemos-ctkiyqxaarezsccbouumxcpfxvtl/Build/Products
    export SYSTEM_ADMIN_APPS_DIR=/Applications/Utilities
    export SYSTEM_APPS_DIR=/Applications
    export SYSTEM_CORE_SERVICES_DIR=/System/Library/CoreServices
    export SYSTEM_DEMOS_DIR=/Applications/Extras
    export SYSTEM_DEVELOPER_APPS_DIR=/Applications/Xcode.app/Contents/Developer/Applications
    export SYSTEM_DEVELOPER_BIN_DIR=/Applications/Xcode.app/Contents/Developer/usr/bin
    export SYSTEM_DEVELOPER_DEMOS_DIR="/Applications/Xcode.app/Contents/Developer/Applications/Utilities/Built Examples"
    export SYSTEM_DEVELOPER_DIR=/Applications/Xcode.app/Contents/Developer
    export SYSTEM_DEVELOPER_DOC_DIR="/Applications/Xcode.app/Contents/Developer/ADC Reference Library"
    export SYSTEM_DEVELOPER_EXECUTABLES_DIR=
    export SYSTEM_DEVELOPER_GRAPHICS_TOOLS_DIR="/Applications/Xcode.app/Contents/Developer/Applications/Graphics Tools"
    export SYSTEM_DEVELOPER_JAVA_TOOLS_DIR="/Applications/Xcode.app/Contents/Developer/Applications/Java Tools"
    export SYSTEM_DEVELOPER_PERFORMANCE_TOOLS_DIR="/Applications/Xcode.app/Contents/Developer/Applications/Performance Tools"
    export SYSTEM_DEVELOPER_RELEASENOTES_DIR="/Applications/Xcode.app/Contents/Developer/ADC Reference Library/releasenotes"
    export SYSTEM_DEVELOPER_TOOLS=/Applications/Xcode.app/Contents/Developer/Tools
    export SYSTEM_DEVELOPER_TOOLS_DOC_DIR="/Applications/Xcode.app/Contents/Developer/ADC Reference Library/documentation/DeveloperTools"
    export SYSTEM_DEVELOPER_TOOLS_RELEASENOTES_DIR="/Applications/Xcode.app/Contents/Developer/ADC Reference Library/releasenotes/DeveloperTools"
    export SYSTEM_DEVELOPER_USR_DIR=/Applications/Xcode.app/Contents/Developer/usr
    export SYSTEM_DEVELOPER_UTILITIES_DIR=/Applications/Xcode.app/Contents/Developer/Applications/Utilities
    export SYSTEM_DEXT_INSTALL_PATH=/System/Library/DriverExtensions
    export SYSTEM_DOCUMENTATION_DIR=/Library/Documentation
    export SYSTEM_EXTENSIONS_FOLDER_PATH=Epistemos.app/Contents/Library/SystemExtensions
    export SYSTEM_EXTENSIONS_FOLDER_PATH_SHALLOW_BUNDLE_NO=Epistemos.app/Contents/Library/SystemExtensions
    export SYSTEM_EXTENSIONS_FOLDER_PATH_SHALLOW_BUNDLE_YES=Epistemos.app/Contents/SystemExtensions
    export SYSTEM_FRAMEWORK_SEARCH_PATHS=
    export SYSTEM_HEADER_SEARCH_PATHS=
    export SYSTEM_KEXT_INSTALL_PATH=/System/Library/Extensions
    export SYSTEM_LIBRARY_DIR=/System/Library
    export SYSTEM_LIBRARY_EXECUTABLES_DIR=
    export ShallowBundle=NO
    export SigningCert=
    export SkipEmbeddedFrameworksValidation=
    export TAPI_APPLICATION_EXTENSION_API_ONLY=NO
    export TAPI_DEMANGLE=YES
    export TAPI_DYLIB_ALLOWABLE_CLIENTS=
    export TAPI_DYLIB_COMPATIBILITY_VERSION=
    export TAPI_DYLIB_CURRENT_VERSION=
    export TAPI_DYLIB_INSTALL_NAME=
    export TAPI_EMIT_PROFILING_SYMBOLS=YES
    export TAPI_ENABLE_MODULES=NO
    export TAPI_ENABLE_PROJECT_HEADERS=NO
    export TAPI_ENABLE_VERIFICATION_MODE=YES
    export TAPI_EXCLUDE_PRIVATE_HEADERS=
    export TAPI_EXCLUDE_PROJECT_HEADERS=
    export TAPI_EXCLUDE_PUBLIC_HEADERS=
    export TAPI_EXEC=tapi
    export TAPI_EXTRACT_API_ENABLE_MODULES=YES
    export TAPI_EXTRACT_API_ENABLE_OBJC_ARC=YES
    export TAPI_EXTRACT_API_MODULE_CACHE_PATH=/Users/jojo/Library/Developer/Xcode/DerivedData/ModuleCache.noindex
    export TAPI_EXTRACT_API_OUTPUT_DIR=/Users/jojo/Library/Developer/Xcode/DerivedData/Epistemos-ctkiyqxaarezsccbouumxcpfxvtl/Build/Intermediates.noindex/Epistemos.build/Debug/Epistemos.build/symbol-graph/clang/undefined_arch-apple-macos26.0
    export TAPI_EXTRACT_API_SDKDB_OUTPUT_PATH=/Users/jojo/Library/Developer/Xcode/DerivedData/Epistemos-ctkiyqxaarezsccbouumxcpfxvtl/Build/Intermediates.noindex/Epistemos.build/Debug/Epistemos.build/symbol-graph/clang/undefined_arch-apple-macos26.0/Epistemos.sdkdb
    export TAPI_EXTRACT_API_SEARCH_PATHS=
    export TAPI_EXTRACT_API_SYSTEM_ROOT=macosx
    export TAPI_EXTRACT_API_TARGET_TRIPLE=undefined_arch-apple-macos26.0
    export TAPI_EXTRA_PRIVATE_HEADERS=
    export TAPI_EXTRA_PROJECT_HEADERS=
    export TAPI_EXTRA_PUBLIC_HEADERS=
    export TAPI_FRAMEWORK_SEARCH_PATHS=
    export TAPI_HEADER_SEARCH_PATHS=
    export TAPI_LANGUAGE=objective-c
    export TAPI_LANGUAGE_STANDARD=compiler-default
    export TAPI_LIBRARY_SEARCH_PATHS=
    export TAPI_MODULES_VALIDATE_SYSTEM_HEADERS=NO
    export TAPI_MODULE_CACHE_PATH=/Users/jojo/Library/Developer/Xcode/DerivedData/ModuleCache.noindex
    export TAPI_PREPROCESSOR_DEFINITIONS=" DEBUG=1 "
    export TAPI_PRODUCT_TYPE=com.apple.product-type.application
    export TAPI_READ_DSYM=YES
    export TAPI_REEXPORTED_FRAMEWORK_INSTALL_NAMES=
    export TAPI_REEXPORTED_FRAMEWORK_NAMES=
    export TAPI_REEXPORTED_LIBRARY_INSTALL_NAMES=
    export TAPI_REEXPORTED_LIBRARY_NAMES=
    export TAPI_REEXPORTED_LIBRARY_PATHS=
    export TAPI_RUNPATH_SEARCH_PATHS="@executable_path @executable_path/../Frameworks @loader_path/../Frameworks"
    export TAPI_SHARED_CACHE_ELIGIBLE=Automatic
    export TAPI_SYSTEM_FRAMEWORK_SEARCH_PATHS=
    export TAPI_SYSTEM_HEADER_SEARCH_PATHS=
    export TAPI_TARGET_TRIPLE_ARCHS="arm64 x86_64"
    export TAPI_USE_SRCROOT=YES
    export TAPI_VERIFY_AGAINST=
    export TAPI_VERIFY_MODE=Pedantic
    export TARGETED_DEVICE_FAMILY=
    export TARGETNAME=Epistemos
    export TARGET_BUILD_DIR=/Users/jojo/Library/Developer/Xcode/DerivedData/Epistemos-ctkiyqxaarezsccbouumxcpfxvtl/Build/Products/Debug
    export TARGET_BUILD_SUBPATH=
    export TARGET_NAME=Epistemos
    export TARGET_TEMP_DIR=/Users/jojo/Library/Developer/Xcode/DerivedData/Epistemos-ctkiyqxaarezsccbouumxcpfxvtl/Build/Intermediates.noindex/Epistemos.build/Debug/Epistemos.build
    export TEMP_DIR=/Users/jojo/Library/Developer/Xcode/DerivedData/Epistemos-ctkiyqxaarezsccbouumxcpfxvtl/Build/Intermediates.noindex/Epistemos.build/Debug/Epistemos.build
    export TEMP_FILES_DIR=/Users/jojo/Library/Developer/Xcode/DerivedData/Epistemos-ctkiyqxaarezsccbouumxcpfxvtl/Build/Intermediates.noindex/Epistemos.build/Debug/Epistemos.build
    export TEMP_FILE_DIR=/Users/jojo/Library/Developer/Xcode/DerivedData/Epistemos-ctkiyqxaarezsccbouumxcpfxvtl/Build/Intermediates.noindex/Epistemos.build/Debug/Epistemos.build
    export TEMP_ROOT=/Users/jojo/Library/Developer/Xcode/DerivedData/Epistemos-ctkiyqxaarezsccbouumxcpfxvtl/Build/Intermediates.noindex
    export TEMP_SANDBOX_DIR=/Users/jojo/Library/Developer/Xcode/DerivedData/Epistemos-ctkiyqxaarezsccbouumxcpfxvtl/Build/Intermediates.noindex/TemporaryTaskSandboxes
    export TERM=dumb
    export TEST_FRAMEWORK_SEARCH_PATHS=" /Applications/Xcode.app/Contents/Developer/Platforms/MacOSX.platform/Developer/Library/Frameworks"
    export TEST_HOST=
    export TEST_LIBRARY_SEARCH_PATHS=" /Applications/Xcode.app/Contents/Developer/Platforms/MacOSX.platform/Developer/usr/lib"
    export TEXTURE_ATLAS_ENABLE_WARNINGS=Yes
    export TEXTURE_ATLAS_FORMAT=RGBA8888_PNG
    export TEXTURE_ATLAS_MAXIMUM_SIZE=2048x2048
    export TMPDIR=/var/folders/3w/cpj519g555jbvmmbp42z7mvw0000gn/T/
    export TOOLCHAINS=
    export TOOLCHAIN_DIR=/var/run/com.apple.security.cryptexd/mnt/com.apple.MobileAsset.MetalToolchain-v17.5.188.0.0yVXtr/Metal.xctoolchain
    export TREAT_MISSING_BASELINES_AS_TEST_FAILURES=NO
    export TREAT_MISSING_SCRIPT_PHASE_OUTPUTS_AS_ERRORS=NO
    export TVOS_DEPLOYMENT_TARGET=15.6
    export UID=501
    export UNEXPORTED_SYMBOLS_FILE=
    export UNINSTALLED_PRODUCTS_DIR=/Users/jojo/Library/Developer/Xcode/DerivedData/Epistemos-ctkiyqxaarezsccbouumxcpfxvtl/Build/Intermediates.noindex/UninstalledProducts
    export UNLOCALIZED_RESOURCES_FOLDER_PATH=Epistemos.app/Contents/Resources
    export UNLOCALIZED_RESOURCES_FOLDER_PATH_SHALLOW_BUNDLE_NO=Epistemos.app/Contents/Resources
    export UNLOCALIZED_RESOURCES_FOLDER_PATH_SHALLOW_BUNDLE_YES=Epistemos.app/Contents
    export UNSTRIPPED_PRODUCT=NO
    export USER=jojo
    export USER_APPS_DIR=/Users/jojo/Applications
    export USER_LIBRARY_DIR=/Users/jojo/Library
    export USE_DYNAMIC_NO_PIC=YES
    export USE_GCC3_PFE_SUPPORT=
    export USE_HEADERMAP=YES
    export USE_HEADER_SYMLINKS=NO
    export USE_SDK_TOOLCHAINS=YES
    export VALIDATE_PLIST_FILES_WHILE_COPYING=NO
    export VALIDATE_PRODUCT=NO
    export VALIDATE_STRINGS_FILES_WHILE_COPYING=YES
    export VALID_ARCHS="x86_64 x86_64h arm64 arm64e"
    export VERBOSE_PBXCP=NO
    export VERSIONING_STUB=
    export VERSIONING_SYSTEM=
    export VERSIONPLIST_PATH=Epistemos.app/Contents/version.plist
    export VERSIONS_FOLDER_PATH=
    export VERSION_INFO_BUILDER=jojo
    export VERSION_INFO_EXPORT_DECL=
    export VERSION_INFO_FILE=Epistemos_vers.c
    export VERSION_INFO_PREFIX=
    export VERSION_INFO_STRING="\"@(#)PROGRAM:Epistemos  PROJECT:Epistemos-\""
    export VERSION_INFO_SUFFIX=
    export ValidateForStore=NO
    export WARNING_CFLAGS=
    export WATCHOS_DEPLOYMENT_TARGET=8.7
    export WATCH_BUILT_PRODUCTS_DIR=/Users/jojo/Library/Developer/Xcode/DerivedData/Epistemos-ctkiyqxaarezsccbouumxcpfxvtl/Build/Products/Debug-watchos
    export WORKSPACE_PATH=/Users/jojo/Downloads/Epistemos/Epistemos.xcodeproj/project.xcworkspace
    export WRAPPER_EXTENSION=app
    export WRAPPER_NAME=Epistemos.app
    export WRAPPER_PREFIX=
    export WRAPPER_SUFFIX=.app
    export WRAP_ASSET_PACKS_IN_SEPARATE_DIRECTORIES=NO
    export XCODE_APP_SUPPORT_DIR=/Applications/Xcode.app/Contents/Developer/Library/Xcode
    export XCODE_DEVELOPER_DIR_PATH=
    export XCODE_PRODUCT_BUILD_VERSION=17E202
    export XCODE_VERSION_ACTUAL=2641
    export XCODE_VERSION_MAJOR=2600
    export XCODE_VERSION_MINOR=2640
    export XCSTRINGS_FORCE_BUILD_ALL_STRINGS=NO
    export XCSTRINGS_LANGUAGES_TO_COMPILE=
    export XIB_COMPILER_INFOPLIST_CONTENT_FILE=/Users/jojo/Library/Developer/Xcode/DerivedData/Epistemos-ctkiyqxaarezsccbouumxcpfxvtl/Build/Intermediates.noindex/Epistemos.build/Debug/Epistemos.build/-PartialInfo.plist
    export XPCSERVICES_FOLDER_PATH=Epistemos.app/Contents/XPCServices
    export XPC_FLAGS=0x0
    export XPC_SERVICE_NAME=0
    export XROS_DEPLOYMENT_TARGET=1.3
    export YACC=yacc
    export YACCFLAGS=
    export YACC_GENERATED_FILE_STEM=Standard
    export YACC_GENERATE_DEBUGGING_DIRECTIVES=NO
    export YACC_INSERT_LINE_DIRECTIVES=YES
    export ZSH_TMUX_AUTOSTART=false
    export ZSH_TMUX_AUTOSTARTED=true
    export _=/usr/bin/xcodebuild
    export _BOOL_=NO
    export _BOOL_NO=NO
    export _BOOL_YES=YES
    export _CLANG_ENABLE_TYPED_ALLOCATOR_SUPPORT_DEFAULT=compiler-default
    export _CLANG_ENABLE_TYPED_ALLOCATOR_SUPPORT_DEFAULT_ENHANCED_SECURITY_NO=compiler-default
    export _CLANG_ENABLE_TYPED_ALLOCATOR_SUPPORT_DEFAULT_ENHANCED_SECURITY_YES=YES
    export _CLANG_TRIVIAL_AUTO_VAR_INIT_DEFAULT=default
    export _CLANG_TRIVIAL_AUTO_VAR_INIT_DEFAULT_ENABLE_ZERO_INIT_NO=default
    export _CLANG_TRIVIAL_AUTO_VAR_INIT_DEFAULT_ENABLE_ZERO_INIT_YES=zero
    export _DEVELOPMENT_TEAM_IS_EMPTY=NO
    export _DISCOVER_COMMAND_LINE_LINKER_INPUTS=YES
    export _DISCOVER_COMMAND_LINE_LINKER_INPUTS_INCLUDE_WL=YES
    export _IS_EMPTY_=YES
    export _LD_MULTIARCH=YES
    export _MACOSX_DEPLOYMENT_TARGET_IS_EMPTY=NO
    export _PREFIXED_SWIFT_VERSION=_6.0
    export _REZ_PREFIX_FILE=/Users/jojo/Downloads/Epistemos/
    export _UNSAFE_BUFFER_USAGE_DEFAULT=DEFAULT
    export _UNSAFE_BUFFER_USAGE_DEFAULT_ENABLE_SAFE_BUFFERS_NO=DEFAULT
    export _UNSAFE_BUFFER_USAGE_DEFAULT_ENABLE_SAFE_BUFFERS_YES=YES_ERROR
    export _WRAPPER_CONTENTS_DIR=/Contents
    export _WRAPPER_CONTENTS_DIR_SHALLOW_BUNDLE_NO=/Contents
    export _WRAPPER_PARENT_PATH=/..
    export _WRAPPER_PARENT_PATH_SHALLOW_BUNDLE_NO=/..
    export _WRAPPER_RESOURCES_DIR=/Resources
    export _WRAPPER_RESOURCES_DIR_SHALLOW_BUNDLE_NO=/Resources
    export __CFBundleIdentifier=com.openai.codex
    export __CF_USER_TEXT_ENCODING="0x1F5:0x0:0x0"
    export __CLANG_ANALYZER_DIVIDE_BY_ZERO_NO_SILENCE_STRING=core.DivideZero
    export __CLANG_ANALYZER_DIVIDE_BY_ZERO_YES_SILENCE_STRING=.
    export __CLANG_ANALYZER_NULL_DEREFERENCE_NO_SILENCE_STRING=core.NullDereference
    export __CLANG_ANALYZER_NULL_DEREFERENCE_YES_SILENCE_STRING=.
    export __CLANG_ANALYZER_SILENCE_CHECKERS=YES
    export __CLANG_ANALYZER_SILENCE_CHECKERS_LIST=".;."
    export __CPP_PREFIX_HEADER=
    export __CREATE_INFOPLIST_SECTION_IN_BINARY=NO
    export __DIAGNOSE_DEPRECATED_ARCHS=YES
    export __ENHANCED_SECURITY_OR_BOUNDS_SAFE_BUFFERS=NO
    export __ENHANCED_SECURITY_OR_BOUNDS_SAFE_BUFFERS_NO_NO=NO
    export __ENHANCED_SECURITY_OR_BOUNDS_SAFE_BUFFERS_NO_YES=YES
    export __ENHANCED_SECURITY_OR_BOUNDS_SAFE_BUFFERS_YES_NO=YES
    export __ENHANCED_SECURITY_OR_BOUNDS_SAFE_BUFFERS_YES_YES=YES
    export __IIG_DEPLOYMENT_TARGET__=26.0
    export __IIG_FRAMEWORK_NAME__=com.apple.product-type.application
    export __INPUT_FILE_LIST_PATH__=
    export __IS_NOT_MACOS=NO
    export __IS_NOT_MACOS_macosx=NO
    export __IS_NOT_SIMULATOR=YES
    export __IS_NOT_SIMULATOR_simulator=NO
    export __LIBRARY_HARDENING_DEFAULT_VALUE=debug
    export __LIBRARY_HARDENING_DEFAULT_VALUE_OPT_LEVEL_0_ENHANCED_SECURITY_OR_BOUNDS_SAFE_BUFFERS_NO=debug
    export __LIBRARY_HARDENING_DEFAULT_VALUE_OPT_LEVEL_0_ENHANCED_SECURITY_OR_BOUNDS_SAFE_BUFFERS_YES=debug
    export __LIBRARY_HARDENING_DEFAULT_VALUE_OPT_LEVEL_1_ENHANCED_SECURITY_OR_BOUNDS_SAFE_BUFFERS_YES=fast
    export __LIBRARY_HARDENING_DEFAULT_VALUE_OPT_LEVEL_2_ENHANCED_SECURITY_OR_BOUNDS_SAFE_BUFFERS_YES=fast
    export __LIBRARY_HARDENING_DEFAULT_VALUE_OPT_LEVEL_3_ENHANCED_SECURITY_OR_BOUNDS_SAFE_BUFFERS_YES=fast
    export __LIBRARY_HARDENING_DEFAULT_VALUE_OPT_LEVEL_fast_ENHANCED_SECURITY_OR_BOUNDS_SAFE_BUFFERS_YES=fast
    export __LIBRARY_HARDENING_DEFAULT_VALUE_OPT_LEVEL_s_ENHANCED_SECURITY_OR_BOUNDS_SAFE_BUFFERS_YES=fast
    export __LIBRARY_HARDENING_DEFAULT_VALUE_OPT_LEVEL_z_ENHANCED_SECURITY_OR_BOUNDS_SAFE_BUFFERS_YES=fast
    export __OTHER_IIG_CFLAGS__=YES
    export __SWIFT_ENFORCE_EXCLUSIVE_ACCESS_DEBUG_ENFORCEMENT_DEBUG=YES
    export __SWIFT_ENFORCE_EXCLUSIVE_ACCESS_DEBUG_ENFORCEMENT_RELEASE=YES
    export __infoplist_absolute__=/Users/jojo/Library/Developer/Xcode/DerivedData/Epistemos-ctkiyqxaarezsccbouumxcpfxvtl/Build/Products/Debug/Epistemos.app
    export __infoplist_subpath__=Contents/Info.plist
    export __no_validate_extension__=YES
    export _exclude_ds_store_files_=
    export _resolve_src_symlinks_=
    export arch=undefined_arch
    export build_file_compiler_flags=
    export diagnostic_message_length=0
    export mig_generate_client_sources=YES
    export mig_generate_server_sources=NO
    export print_note_include_stack=YES
    export variant=normal
    /bin/sh -c /var/folders/3w/cpj519g555jbvmmbp42z7mvw0000gn/T/SchemeScriptAction-AMlRMg.sh

ComputePackagePrebuildTargetDependencyGraph

Prepare packages

Compile plug-in “SwiftLint” in package “swiftlintplugin”
[debug]: Compiling plugin to executable at /Users/jojo/Library/Developer/Xcode/DerivedData/Epistemos-ctkiyqxaarezsccbouumxcpfxvtl/Build/Products/PluginExecutables/SwiftLint
[debug]: Using compiler /Applications/Xcode.app/Contents/Developer/Toolchains/XcodeDefault.xctoolchain/usr/bin/swiftc
[debug]: Plugin compilation output directory '/Users/jojo/Library/Developer/Xcode/DerivedData/Epistemos-ctkiyqxaarezsccbouumxcpfxvtl/Build/Products/PluginExecutables'
[debug]: Computed hash of plugin compilation inputs: 2630373b82c1f2a02b3d726aa99ea988be55493b431a628a4a9d53fc2dbeb4ae


Apply build tool plug-in “SwiftLint” to target “CodeEditTextView” in package “codeedittextview”

working directory:
   /Users/jojo/Library/Developer/Xcode/DerivedData/Epistemos-ctkiyqxaarezsccbouumxcpfxvtl/SourcePackages/checkouts/CodeEditSourceEditor
tool mapping:
   swiftlint: /Users/jojo/Library/Developer/Xcode/DerivedData/Epistemos-ctkiyqxaarezsccbouumxcpfxvtl/SourcePackages/artifacts/swiftlintplugin/SwiftLintBinary/SwiftLintBinary.artifactbundle/macos/swiftlint [arm64-apple-macosx]
tool search paths:
   /Applications/Codex.app/Contents/Resources
   /Applications/Xcode.app/Contents/Developer/Toolchains/XcodeDefault.xctoolchain/usr/bin
   /Applications/Xcode.app/Contents/Developer/usr/bin
   /Library/Apple/usr/bin
   /System/Cryptexes/App/usr/bin
   /Users/jojo/.antigravity/antigravity/bin
   /Users/jojo/.antigravity/antigravity/bin
   /Users/jojo/.cargo/bin
   /Users/jojo/.codex/tmp/arg0/codex-arg0E3HkjA
   /Users/jojo/.elan/bin
   /Users/jojo/.local/bin
   /Users/jojo/.local/bin
   /bin
   /opt/homebrew/bin
   /opt/homebrew/sbin
   /opt/pmk/env/global/bin
   /sbin
   /usr/bin
   /usr/local/bin
   /usr/sbin
   /var/run/com.apple.security.cryptexd/codex.system/bootstrap/usr/appleinternal/bin
   /var/run/com.apple.security.cryptexd/codex.system/bootstrap/usr/bin
   /var/run/com.apple.security.cryptexd/codex.system/bootstrap/usr/local/bin

/usr/bin/sandbox-exec -p "(version 1)
(deny default)
(import \"system.sb\")
(allow file-read*)
(allow process*)
(allow mach-lookup (global-name \"com.apple.lsd.mapdb\"))
(allow mach-lookup (global-name \"com.apple.mobileassetd.v2\"))
(allow file-write*
    (subpath \"/private/tmp\")
    (subpath \"/private/var/tmp\")
    (subpath \"/private/var/folders/3w/cpj519g555jbvmmbp42z7mvw0000gn/T\")
    (subpath \"/private/var/folders/3w/cpj519g555jbvmmbp42z7mvw0000gn/C\")
)
(deny file-write*
    (subpath \"/Users/jojo/Library/Developer/Xcode/DerivedData/Epistemos-ctkiyqxaarezsccbouumxcpfxvtl/SourcePackages/checkouts/CodeEditTextView\")
)
(allow file-write*
    (subpath \"/Users/jojo/Library/Developer/Xcode/DerivedData/Epistemos-ctkiyqxaarezsccbouumxcpfxvtl/Build/Intermediates.noindex/BuildToolPluginIntermediates/codeedittextview.output/CodeEditTextView/SwiftLint\")
    (subpath \"/private/var/folders/3w/cpj519g555jbvmmbp42z7mvw0000gn/T/TemporaryItems\")
)
" /Users/jojo/Library/Developer/Xcode/DerivedData/Epistemos-ctkiyqxaarezsccbouumxcpfxvtl/SourcePackages/artifacts/swiftlintplugin/SwiftLintBinary/SwiftLintBinary.artifactbundle/macos/swiftlint lint --config /Users/jojo/Library/Developer/Xcode/DerivedData/Epistemos-ctkiyqxaarezsccbouumxcpfxvtl/SourcePackages/checkouts/CodeEditTextView/.swiftlint.yml --cache-path /Users/jojo/Library/Developer/Xcode/DerivedData/Epistemos-ctkiyqxaarezsccbouumxcpfxvtl/Build/Intermediates.noindex/BuildToolPluginIntermediates/codeedittextview.output/CodeEditTextView/SwiftLint /Users/jojo/Library/Developer/Xcode/DerivedData/Epistemos-ctkiyqxaarezsccbouumxcpfxvtl/SourcePackages/checkouts/CodeEditTextView/Sources/CodeEditTextView
Linting Swift files at paths /Users/jojo/Library/Developer/Xcode/DerivedData/Epistemos-ctkiyqxaarezsccbouumxcpfxvtl/SourcePackages/checkouts/CodeEditTextView/Sources/CodeEditTextView
Linting 'CodeEditTextView.swift' (1/92)
Linting 'TextView+StorageDelegate.swift' (2/92)
Linting 'TextView+ColumnSelection.swift' (3/92)
Linting 'TextView+Lifecycle.swift' (4/92)
Linting 'TextView+ReplaceCharacters.swift' (5/92)
Linting 'TextView+FirstResponder.swift' (6/92)
Linting 'TextView+TextLayoutManagerDelegate.swift' (7/92)
Linting 'TextView+NSTextInput.swift' (8/92)
Linting 'TextView+Mouse.swift' (9/92)
Linting 'TextView+CopyPaste.swift' (10/92)
Linting 'TextView+KeyDown.swift' (11/92)
Linting 'DraggingTextRenderer.swift' (12/92)
Linting 'TextView+Delete.swift' (13/92)
Linting 'TextView+Menu.swift' (14/92)
Linting 'TextView+ScrollToVisible.swift' (15/92)
Linting 'TextView+UndoRedo.swift' (16/92)
Linting 'TextView+Drag.swift' (17/92)
Linting 'TextView+Select.swift' (18/92)
Linting 'TextView+Move.swift' (19/92)
Linting 'TextView.swift' (20/92)
Linting 'TextView+Layout.swift' (21/92)
Linting 'TextView+TextSelectionManagerDelegate.swift' (22/92)
Linting 'TextView+Setup.swift' (23/92)
Linting 'TextView+Accessibility.swift' (24/92)
Linting 'TextView+Insert.swift' (25/92)
Linting 'TextView+SetText.swift' (26/92)
Linting 'TextViewDelegate.swift' (27/92)
Linting 'MarkedTextManager.swift' (28/92)
Linting 'MarkedRanges.swift' (29/92)
Linting 'TextLine.swift' (30/92)
Linting 'LineFragmentView.swift' (31/92)
Linting 'LineFragmentRenderer.swift' (32/92)
Linting 'LineBreakStrategy.swift' (33/92)
Linting 'LineFragment.swift' (34/92)
Linting 'CTLineTypesetData.swift' (35/92)
Linting 'Typesetter.swift' (36/92)
Linting 'LineFragmentTypesetContext.swift' (37/92)
Linting 'TextLayoutManager+Edits.swift' (38/92)
Linting 'TextLayoutManager+Layout.swift' (39/92)
Linting 'TextLayoutManager+Public.swift' (40/92)
Linting 'TypesetContext.swift' (41/92)
Linting 'TextLayoutManagerDelegate.swift' (42/92)
Linting 'TextLayoutManagerRenderDelegate.swift' (43/92)
Linting 'TextLayoutManager.swift' (44/92)
Linting 'TextLayoutManager+Invalidation.swift' (45/92)
Linting 'TextAttachmentManager.swift' (46/92)
Linting 'TextLayoutManager+Iterator.swift' (47/92)
Linting 'TextAttachment.swift' (48/92)
Linting 'TextAttachmentManagerDelegate.swift' (49/92)
Linting 'Emphasis.swift' (50/92)
Linting 'EmphasisManager.swift' (51/92)
Linting 'ViewReuseQueue.swift' (52/92)
Linting 'Logger.swift' (53/92)
Linting 'KillRing.swift' (54/92)
Linting 'EmphasisStyle.swift' (55/92)
Linting 'MultiStorageDelegate.swift' (56/92)
Linting 'LineEnding.swift' (57/92)
Linting 'HorizontalEdgeInsets.swift' (58/92)
Linting 'CEUndoManager.swift' (59/92)
Linting 'CharacterSet.swift' (60/92)
Linting 'PixelAligned.swift' (61/92)
Linting 'NSColor+Greyscale.swift' (62/92)
Linting 'CTTypesetter+SuggestLineBreak.swift' (63/92)
Linting 'NSTextStorage+getLine.swift' (64/92)
Linting 'NSBezierPath+SmoothPath.swift' (65/92)
Linting 'NSColor+Hex.swift' (66/92)
Linting 'GC+ApproximateEqual.swift' (67/92)
Linting 'NSBezierPath+CGPathFallback.swift' (68/92)
Linting 'NSRange+isEmpty.swift' (69/92)
Linting 'NSRange+init.swift' (70/92)
Linting 'NSRange+translate.swift' (71/92)
Linting 'CGRectArray+BoundingRect.swift' (72/92)
Linting 'TextSelection.swift' (73/92)
Linting 'TextSelectionManager+Update.swift' (74/92)
Linting 'TextSelectionManager+Move.swift' (75/92)
Linting 'TextSelectionManager+Draw.swift' (76/92)
Linting 'Destination.swift' (77/92)
Linting 'TextSelectionManager.swift' (78/92)
Linting 'Direction.swift' (79/92)
Linting 'TextSelectionManager+FillRects.swift' (81/92)
Linting 'TextSelectionManager+SelectionManipulation.swift' (82/92)
Linting 'SelectionManipulation+Horizontal.swift' (80/92)
Linting 'SelectionManipulation+Vertical.swift' (83/92)
Linting 'TextLineStorage+Node.swift' (84/92)
Linting 'TextLineStorage+NSTextStorage.swift' (85/92)
Linting 'TextLineStorage+Iterator.swift' (86/92)
Linting 'TextLineStorage+Structs.swift' (87/92)
Linting 'CursorSelectionMode.swift' (88/92)
Linting 'TextLineStorage.swift' (89/92)
Linting 'CursorView.swift' (90/92)
Linting 'InvisibleCharactersDelegate.swift' (91/92)
Linting 'CursorTimer.swift' (92/92)
Done linting! Found 0 violations, 0 serious in 92 files.

/usr/bin/sandbox-exec -p "(version 1)
(deny default)
(import \"system.sb\")
(allow file-read*)
(allow process*)
(allow mach-lookup (global-name \"com.apple.lsd.mapdb\"))
(allow mach-lookup (global-name \"com.apple.mobileassetd.v2\"))
(allow file-write*
    (subpath \"/private/tmp\")
    (subpath \"/private/var/tmp\")
    (subpath \"/private/var/folders/3w/cpj519g555jbvmmbp42z7mvw0000gn/T\")
    (subpath \"/private/var/folders/3w/cpj519g555jbvmmbp42z7mvw0000gn/C\")
)
(deny file-write*
    (subpath \"/Users/jojo/Library/Developer/Xcode/DerivedData/Epistemos-ctkiyqxaarezsccbouumxcpfxvtl/SourcePackages/checkouts/CodeEditSourceEditor\")
)
(allow file-write*
    (subpath \"/Users/jojo/Library/Developer/Xcode/DerivedData/Epistemos-ctkiyqxaarezsccbouumxcpfxvtl/Build/Intermediates.noindex/BuildToolPluginIntermediates/codeeditsourceeditor.output/CodeEditSourceEditor/SwiftLint\")
    (subpath \"/private/var/folders/3w/cpj519g555jbvmmbp42z7mvw0000gn/T/TemporaryItems\")
)
" /Users/jojo/Library/Developer/Xcode/DerivedData/Epistemos-ctkiyqxaarezsccbouumxcpfxvtl/SourcePackages/artifacts/swiftlintplugin/SwiftLintBinary/SwiftLintBinary.artifactbundle/macos/swiftlint lint --config /Users/jojo/Library/Developer/Xcode/DerivedData/Epistemos-ctkiyqxaarezsccbouumxcpfxvtl/SourcePackages/checkouts/CodeEditSourceEditor/.swiftlint.yml --cache-path /Users/jojo/Library/Developer/Xcode/DerivedData/Epistemos-ctkiyqxaarezsccbouumxcpfxvtl/Build/Intermediates.noindex/BuildToolPluginIntermediates/codeeditsourceeditor.output/CodeEditSourceEditor/SwiftLint /Users/jojo/Library/Developer/Xcode/DerivedData/Epistemos-ctkiyqxaarezsccbouumxcpfxvtl/SourcePackages/checkouts/CodeEditSourceEditor/Sources/CodeEditSourceEditor
Linting Swift files at paths /Users/jojo/Library/Developer/Xcode/DerivedData/Epistemos-ctkiyqxaarezsccbouumxcpfxvtl/SourcePackages/checkouts/CodeEditSourceEditor/Sources/CodeEditSourceEditor
Linting 'TagFilter.swift' (1/157)
Linting 'TabReplacementFilter.swift' (2/157)
Linting 'DeleteWhitespaceFilter.swift' (3/157)
Linting 'TreeSitterExecutor.swift' (4/157)
Linting 'TreeSitterClient+Edit.swift' (5/157)
Linting 'TreeSitterState.swift' (6/157)
Linting 'TreeSitterClient+Highlight.swift' (7/157)
Linting 'TreeSitterClient.swift' (8/157)
Linting 'TreeSitterClient+Query.swift' (9/157)
Linting 'Atomic.swift' (11/157)
Linting 'LanguageLayer.swift' (10/157)
Linting 'TreeSitterClient+Temporary.swift' (12/157)
Linting 'SourceEditorState.swift' (13/157)
Linting 'LineFoldCalculator.swift' (14/157)
Linting 'LineFoldStorage.swift' (15/157)
Linting 'LineFoldModel.swift' (16/157)
Linting 'LineFoldProvider.swift' (17/157)
Linting 'FoldRange.swift' (18/157)
Linting 'LineIndentationFoldProvider.swift' (19/157)
Linting 'LineFoldRibbonView+FoldCapInfo.swift' (20/157)
Linting 'LineFoldRibbonView.swift' (21/157)
Linting 'LineFoldPlaceholder.swift' (22/157)
Linting 'LineFoldRibbonView+Draw.swift' (23/157)
Linting 'HighlightRange.swift' (24/157)
Linting 'VisibleRangeProvider.swift' (25/157)
Linting 'Highlighter.swift' (26/157)
Linting 'StyledRangeContainer.swift' (27/157)
Linting 'StyledRangeContainer+runsIn.swift' (28/157)
Linting 'HighlightProviding.swift' (29/157)
Linting 'GutterView.swift' (30/157)
Linting 'RangeStore+OffsetMetric.swift' (32/157)
Linting 'RangeStore.swift' (33/157)
Linting 'HighlightProviderState.swift' (31/157)
Linting 'RangeStore+StoredRun.swift' (34/157)
Linting 'RangeStoreElement.swift' (35/157)
Linting 'RangeStore+FindIndex.swift' (36/157)
Linting 'RangeStore+Coalesce.swift' (37/157)
Linting 'BracketPairs.swift' (38/157)
Linting 'BracketPairEmphasis.swift' (39/157)
Linting 'RangeStoreRun.swift' (40/157)
Linting 'CaptureModifier.swift' (41/157)
Linting 'IndentOption.swift' (42/157)
Linting 'CaptureName.swift' (43/157)
Linting 'SourceEditorConfiguration+Behavior.swift' (44/157)
Linting 'SourceEditorConfiguration+Appearance.swift' (45/157)
Linting 'CaptureModifierSet.swift' (46/157)
Linting 'SourceEditorConfiguration+Peripherals.swift' (47/157)
Linting 'EmphasisGroup.swift' (48/157)
Linting 'SourceEditorConfiguration.swift' (49/157)
Linting 'SourceEditorConfiguration+Layout.swift' (50/157)
Linting 'CursorPosition.swift' (51/157)
Linting 'WeakCoordinator.swift' (52/157)
Linting 'ReformattingGuideView.swift' (53/157)
Linting 'MinimapView+TextAttachmentManagerDelegate.swift' (54/157)
Linting 'MinimapView.swift' (55/157)
Linting 'MinimapLineRenderer.swift' (56/157)
Linting 'MinimapContentView.swift' (57/157)
Linting 'MinimapView+TextSelectionManagerDelegate.swift' (58/157)
Linting 'MinimapView+DocumentVisibleView.swift' (59/157)
Linting 'MinimapLineFragmentView.swift' (60/157)
Linting 'MinimapView+DragVisibleView.swift' (61/157)
Linting 'TextViewController+FindPanelTarget.swift' (62/157)
Linting 'TextViewController+Cursor.swift' (63/157)
Linting 'TextViewController+TextFormation.swift' (64/157)
Linting 'TextViewController+StyleViews.swift' (65/157)
Linting 'TextViewController+IndentLines.swift' (66/157)
Linting 'MinimapView+TextLayoutManagerDelegate.swift' (67/157)
Linting 'TextViewController+TextViewDelegate.swift' (68/157)
Linting 'TextViewController+EmphasizeBracket.swift' (69/157)
Linting 'TextViewController+ReloadUI.swift' (70/157)
Linting 'TextViewController+Lifecycle.swift' (71/157)
Linting 'TextViewController+ToggleComment.swift' (72/157)
Linting 'TextViewController+Highlighter.swift' (73/157)
Linting 'TextViewController.swift' (74/157)
Linting 'TextViewController+MoveLines.swift' (76/157)
Linting 'TextViewController+ToggleCommentCache.swift' (75/157)
Linting 'TextViewController+GutterViewDelegate.swift' (77/157)
Linting 'CodeSuggestionPreviewView.swift' (78/157)
Linting 'NoSlotScroller.swift' (79/157)
Linting 'SuggestionViewController.swift' (80/157)
Linting 'CodeSuggestionRowView.swift' (81/157)
Linting 'CodeSuggestionLabelView.swift' (82/157)
Linting 'SuggestionTriggerCharacterModel.swift' (83/157)
Linting 'SuggestionController.swift' (84/157)
Linting 'SuggestionController+Window.swift' (85/157)
Linting 'SuggestionViewModel.swift' (86/157)
Linting 'NSScrollView+percentScrolled.swift' (87/157)
Linting 'CodeSuggestionDelegate.swift' (88/157)
Linting 'CodeSuggestionEntry.swift' (89/157)
Linting 'NSColor+LightDark.swift' (90/157)
Linting 'IndexSet+NSRange.swift' (91/157)
Linting 'NSBezierPath+RoundedCorners.swift' (92/157)
Linting 'Color+Hex.swift' (93/157)
Linting 'TextMutation+isEmpty.swift' (94/157)
Linting 'Range+Length.swift' (95/157)
Linting 'DispatchQueue+dispatchMainIfNot.swift' (96/157)
Linting 'TreeSitterLanguage+TagFilter.swift' (97/157)
Linting 'NSRect+Transform.swift' (98/157)
Linting 'Node+filterChildren.swift' (100/157)
Linting 'Tree+prettyPrint.swift' (99/157)
Linting 'NSString+TextStory.swift' (101/157)
Linting 'Result+ThrowOrReturn.swift' (102/157)
Linting 'String+encoding.swift' (103/157)
Linting 'NSEdgeInsets+Equatable.swift' (105/157)
Linting 'String+Groups.swift' (104/157)
Linting 'NSEdgeInsets+Helpers.swift' (106/157)
Linting 'NSRange+isEmpty.swift' (107/157)
Linting 'NSRange+String.swift' (108/157)
Linting 'NSRange+NSTextRange.swift' (109/157)
Linting 'NSRange+InputEdit.swift' (110/157)
Linting 'NSFont+CharWidth.swift' (111/157)
Linting 'NSRange+TSRange.swift' (112/157)
Linting 'NSFont+LineHeight.swift' (113/157)
Linting 'NSFont+RulerFont.swift' (114/157)
Linting 'TextView+Menu.swift' (115/157)
Linting 'TextView+Point.swift' (116/157)
Linting 'TextView+createReadBlock.swift' (117/157)
Linting 'TextView+TextFormation.swift' (118/157)
Linting 'IconButtonStyle.swift' (119/157)
Linting 'ForwardingScrollView.swift' (120/157)
Linting 'SourceEditorTextView.swift' (121/157)
Linting 'IconToggleStyle.swift' (122/157)
Linting 'PanelTextField.swift' (123/157)
Linting 'EffectView.swift' (124/157)
Linting 'PanelStyles.swift' (125/157)
Linting 'BezelNotification.swift' (126/157)
Linting 'SourceEditor.swift' (128/157)
Linting 'FlippedNSView.swift' (127/157)
Linting 'SourceEditor+Coordinator.swift' (129/157)
Linting 'JumpToDefinitionLink.swift' (130/157)
Linting 'JumpToDefinitionDelegate.swift' (131/157)
Linting 'JumpToDefinitionModel.swift' (132/157)
Linting 'ThemeAttributesProviding.swift' (133/157)
Linting 'EditorTheme.swift' (134/157)
Linting 'CombineCoordinator.swift' (135/157)
Linting 'TextViewCoordinator.swift' (136/157)
Linting 'FindPanelMode.swift' (137/157)
Linting 'FindMethod.swift' (138/157)
Linting 'FindViewController.swift' (139/157)
Linting 'FindViewController+Toggle.swift' (140/157)
Linting 'FindPanelTarget.swift' (141/157)
Linting 'FindPanelViewModel+Move.swift' (142/157)
Linting 'FindPanelViewModel.swift' (143/157)
Linting 'FindPanelViewModel+Emphasis.swift' (144/157)
Linting 'FindPanelViewModel+Find.swift' (145/157)
Linting 'FindMethodPicker.swift' (146/157)
Linting 'FindPanelViewModel+Replace.swift' (147/157)
Linting 'FindPanelView.swift' (148/157)
Linting 'FindControls.swift' (149/157)
Linting 'FindModePicker.swift' (150/157)
Linting 'FindPanelContent.swift' (151/157)
Linting 'FindPanelHostingView.swift' (152/157)
Linting 'ReplaceSearchField.swift' (153/157)
Linting 'FindSearchField.swift' (154/157)
Linting 'ReplaceControls.swift' (155/157)
Linting 'InvisibleCharactersCoordinator.swift' (156/157)
Linting 'InvisibleCharactersConfiguration.swift' (157/157)
Done linting! Found 0 violations, 0 serious in 157 files.

Process build tool plug-in results
package: <IDESwiftPackageCore.IDESwiftPackageDependency:0x8c3d35500 path:'/Users/jojo/Library/Developer/Xcode/DerivedData/Epistemos-ctkiyqxaarezsccbouumxcpfxvtl/SourcePackages/checkouts/CodeEditSourceEditor'>
    target: CodeEditSourceEditor
        prebuildCommandOutputPaths: []
        buildCommands: []
        allDerivedOutputPaths: []
package: <IDESwiftPackageCore.IDESwiftPackageDependency:0x8c23a9e00 path:'/Users/jojo/Library/Developer/Xcode/DerivedData/Epistemos-ctkiyqxaarezsccbouumxcpfxvtl/SourcePackages/checkouts/CodeEditTextView'>
    target: CodeEditTextView
        prebuildCommandOutputPaths: []
        buildCommands: []
        allDerivedOutputPaths: []

CreateBuildRequest

SendProjectDescription

CreateBuildOperation

ComputeTargetDependencyGraph
note: Building targets in dependency order
note: Target dependency graph (108 targets)
    Target 'Epistemos' in project 'Epistemos'
        ➜ Explicit dependency on target 'AXorcist' in project 'axPackage'
        ➜ Explicit dependency on target 'GRDB' in project 'GRDB'
        ➜ Explicit dependency on target 'Grape' in project 'Grape'
        ➜ Explicit dependency on target 'HuggingFace' in project 'swift-huggingface'
        ➜ Explicit dependency on target 'MLX' in project 'mlx-swift'
        ➜ Explicit dependency on target 'MLXLMCommon' in project 'mlx-swift-lm'
        ➜ Explicit dependency on target 'MLXLLM' in project 'mlx-swift-lm'
        ➜ Explicit dependency on target 'MLXVLM' in project 'mlx-swift-lm'
        ➜ Explicit dependency on target 'GGUFRuntimeBridge' in project 'GGUFRuntimeBridge'
        ➜ Explicit dependency on target 'CodeEditSourceEditor' in project 'CodeEditSourceEditor'
        ➜ Explicit dependency on target 'SwiftTreeSitter' in project 'SwiftTreeSitter'
        ➜ Explicit dependency on target 'CodeEditLanguages' in project 'CodeEditLanguages'
        ➜ Explicit dependency on target 'MLXStructured' in project 'mlx-swift-structured'
    Target 'MLXStructured' in project 'mlx-swift-structured'
        ➜ Explicit dependency on target 'MLXStructured' in project 'mlx-swift-structured'
        ➜ Explicit dependency on target 'CMLXStructured' in project 'mlx-swift-structured'
        ➜ Explicit dependency on target 'MLX' in project 'mlx-swift'
        ➜ Explicit dependency on target 'MLXLMCommon' in project 'mlx-swift-lm'
        ➜ Explicit dependency on target 'Hub' in project 'swift-transformers'
        ➜ Explicit dependency on target 'JSONSchema' in project 'JSONSchema'
        ➜ Explicit dependency on target 'AsyncAlgorithms' in project 'swift-async-algorithms'
    Target 'MLXStructured' in project 'mlx-swift-structured'
        ➜ Explicit dependency on target 'CMLXStructured' in project 'mlx-swift-structured'
        ➜ Explicit dependency on target 'MLX' in project 'mlx-swift'
        ➜ Explicit dependency on target 'MLXLMCommon' in project 'mlx-swift-lm'
        ➜ Explicit dependency on target 'Hub' in project 'swift-transformers'
        ➜ Explicit dependency on target 'JSONSchema' in project 'JSONSchema'
        ➜ Explicit dependency on target 'AsyncAlgorithms' in project 'swift-async-algorithms'
    Target 'AsyncAlgorithms' in project 'swift-async-algorithms'
        ➜ Explicit dependency on target 'AsyncAlgorithms' in project 'swift-async-algorithms'
        ➜ Explicit dependency on target 'OrderedCollections' in project 'swift-collections'
        ➜ Explicit dependency on target 'DequeModule' in project 'swift-collections'
    Target 'AsyncAlgorithms' in project 'swift-async-algorithms'
        ➜ Explicit dependency on target 'OrderedCollections' in project 'swift-collections'
        ➜ Explicit dependency on target 'DequeModule' in project 'swift-collections'
    Target 'JSONSchema' in project 'JSONSchema'
        ➜ Explicit dependency on target 'JSONSchema' in project 'JSONSchema'
        ➜ Explicit dependency on target 'Collections' in project 'swift-collections'
    Target 'JSONSchema' in project 'JSONSchema'
        ➜ Explicit dependency on target 'Collections' in project 'swift-collections'
    Target 'Hub' in project 'swift-transformers'
        ➜ Explicit dependency on target 'Hub' in project 'swift-transformers'
        ➜ Explicit dependency on target 'swift-transformers_Hub' in project 'swift-transformers'
        ➜ Explicit dependency on target 'Jinja' in project 'Jinja'
        ➜ Explicit dependency on target 'HuggingFace' in project 'swift-huggingface'
        ➜ Explicit dependency on target 'OrderedCollections' in project 'swift-collections'
        ➜ Explicit dependency on target 'Crypto' in project 'swift-crypto'
        ➜ Explicit dependency on target 'yyjson' in project 'yyjson'
    Target 'CMLXStructured' in project 'mlx-swift-structured' (no dependencies)
    Target 'CodeEditSourceEditor' in project 'CodeEditSourceEditor'
        ➜ Explicit dependency on target 'CodeEditSourceEditor' in project 'CodeEditSourceEditor'
        ➜ Explicit dependency on target 'SwiftLint' in project 'SwiftLintPlugin'
        ➜ Explicit dependency on target 'CodeEditTextView' in project 'CodeEditTextView'
        ➜ Explicit dependency on target 'CodeEditLanguages' in project 'CodeEditLanguages'
        ➜ Explicit dependency on target 'TextFormation' in project 'TextFormation'
        ➜ Explicit dependency on target 'CodeEditSymbols' in project 'CodeEditSymbols'
    Target 'CodeEditSourceEditor' in project 'CodeEditSourceEditor'
        ➜ Explicit dependency on target 'SwiftLint' in project 'SwiftLintPlugin'
        ➜ Explicit dependency on target 'CodeEditTextView' in project 'CodeEditTextView'
        ➜ Explicit dependency on target 'CodeEditLanguages' in project 'CodeEditLanguages'
        ➜ Explicit dependency on target 'TextFormation' in project 'TextFormation'
        ➜ Explicit dependency on target 'CodeEditSymbols' in project 'CodeEditSymbols'
    Target 'CodeEditSymbols' in project 'CodeEditSymbols'
        ➜ Explicit dependency on target 'CodeEditSymbols' in project 'CodeEditSymbols'
        ➜ Explicit dependency on target 'CodeEditSymbols_CodeEditSymbols' in project 'CodeEditSymbols'
    Target 'CodeEditSymbols' in project 'CodeEditSymbols'
        ➜ Explicit dependency on target 'CodeEditSymbols_CodeEditSymbols' in project 'CodeEditSymbols'
    Target 'CodeEditSymbols_CodeEditSymbols' in project 'CodeEditSymbols' (no dependencies)
    Target 'TextFormation' in project 'TextFormation'
        ➜ Explicit dependency on target 'TextFormation' in project 'TextFormation'
        ➜ Explicit dependency on target 'TextStory' in project 'TextStory'
    Target 'TextFormation' in project 'TextFormation'
        ➜ Explicit dependency on target 'TextStory' in project 'TextStory'
    Target 'CodeEditLanguages' in project 'CodeEditLanguages'
        ➜ Explicit dependency on target 'CodeEditLanguages' in project 'CodeEditLanguages'
        ➜ Explicit dependency on target 'CodeEditLanguages_CodeEditLanguages' in project 'CodeEditLanguages'
        ➜ Explicit dependency on target 'SwiftTreeSitter' in project 'SwiftTreeSitter'
    Target 'CodeEditLanguages' in project 'CodeEditLanguages'
        ➜ Explicit dependency on target 'CodeEditLanguages_CodeEditLanguages' in project 'CodeEditLanguages'
        ➜ Explicit dependency on target 'SwiftTreeSitter' in project 'SwiftTreeSitter'
    Target 'SwiftTreeSitter' in project 'SwiftTreeSitter'
        ➜ Explicit dependency on target 'SwiftTreeSitter' in project 'SwiftTreeSitter'
        ➜ Explicit dependency on target 'TreeSitter' in project 'TreeSitter'
    Target 'SwiftTreeSitter' in project 'SwiftTreeSitter'
        ➜ Explicit dependency on target 'TreeSitter' in project 'TreeSitter'
    Target 'TreeSitter' in project 'TreeSitter'
        ➜ Explicit dependency on target 'TreeSitter' in project 'TreeSitter'
    Target 'TreeSitter' in project 'TreeSitter' (no dependencies)
    Target 'CodeEditLanguages_CodeEditLanguages' in project 'CodeEditLanguages' (no dependencies)
    Target 'CodeEditTextView' in project 'CodeEditTextView'
        ➜ Explicit dependency on target 'CodeEditTextView' in project 'CodeEditTextView'
        ➜ Explicit dependency on target 'CodeEditTextViewObjC' in project 'CodeEditTextView'
        ➜ Explicit dependency on target 'SwiftLint' in project 'SwiftLintPlugin'
        ➜ Explicit dependency on target 'TextStory' in project 'TextStory'
        ➜ Explicit dependency on target 'Collections' in project 'swift-collections'
    Target 'CodeEditTextView' in project 'CodeEditTextView'
        ➜ Explicit dependency on target 'CodeEditTextViewObjC' in project 'CodeEditTextView'
        ➜ Explicit dependency on target 'SwiftLint' in project 'SwiftLintPlugin'
        ➜ Explicit dependency on target 'TextStory' in project 'TextStory'
        ➜ Explicit dependency on target 'Collections' in project 'swift-collections'
    Target 'Collections' in project 'swift-collections'
        ➜ Explicit dependency on target 'Collections' in project 'swift-collections'
        ➜ Explicit dependency on target 'InternalCollectionsUtilities' in project 'swift-collections'
        ➜ Explicit dependency on target 'BitCollections' in project 'swift-collections'
        ➜ Explicit dependency on target 'ContainersPreview' in project 'swift-collections'
        ➜ Explicit dependency on target 'DequeModule' in project 'swift-collections'
        ➜ Explicit dependency on target 'HashTreeCollections' in project 'swift-collections'
        ➜ Explicit dependency on target 'HeapModule' in project 'swift-collections'
        ➜ Explicit dependency on target 'OrderedCollections' in project 'swift-collections'
        ➜ Explicit dependency on target '_RopeModule' in project 'swift-collections'
    Target 'Collections' in project 'swift-collections'
        ➜ Explicit dependency on target 'InternalCollectionsUtilities' in project 'swift-collections'
        ➜ Explicit dependency on target 'BitCollections' in project 'swift-collections'
        ➜ Explicit dependency on target 'ContainersPreview' in project 'swift-collections'
        ➜ Explicit dependency on target 'DequeModule' in project 'swift-collections'
        ➜ Explicit dependency on target 'HashTreeCollections' in project 'swift-collections'
        ➜ Explicit dependency on target 'HeapModule' in project 'swift-collections'
        ➜ Explicit dependency on target 'OrderedCollections' in project 'swift-collections'
        ➜ Explicit dependency on target '_RopeModule' in project 'swift-collections'
    Target '_RopeModule' in project 'swift-collections'
        ➜ Explicit dependency on target 'InternalCollectionsUtilities' in project 'swift-collections'
    Target 'HeapModule' in project 'swift-collections'
        ➜ Explicit dependency on target 'InternalCollectionsUtilities' in project 'swift-collections'
    Target 'HashTreeCollections' in project 'swift-collections'
        ➜ Explicit dependency on target 'InternalCollectionsUtilities' in project 'swift-collections'
    Target 'BitCollections' in project 'swift-collections'
        ➜ Explicit dependency on target 'InternalCollectionsUtilities' in project 'swift-collections'
    Target 'TextStory' in project 'TextStory'
        ➜ Explicit dependency on target 'TextStory' in project 'TextStory'
        ➜ Explicit dependency on target 'Internal' in project 'TextStory'
        ➜ Explicit dependency on target 'Rearrange' in project 'Rearrange'
    Target 'TextStory' in project 'TextStory'
        ➜ Explicit dependency on target 'Internal' in project 'TextStory'
        ➜ Explicit dependency on target 'Rearrange' in project 'Rearrange'
    Target 'Rearrange' in project 'Rearrange'
        ➜ Explicit dependency on target 'Rearrange' in project 'Rearrange'
    Target 'Rearrange' in project 'Rearrange' (no dependencies)
    Target 'Internal' in project 'TextStory' (no dependencies)
    Target 'CodeEditTextViewObjC' in project 'CodeEditTextView' (no dependencies)
    Target 'SwiftLint' in project 'SwiftLintPlugin'
        ➜ Explicit dependency on target 'SwiftLint' in project 'SwiftLintPlugin'
    Target 'SwiftLint' in project 'SwiftLintPlugin' (no dependencies)
    Target 'GGUFRuntimeBridge' in project 'GGUFRuntimeBridge'
        ➜ Explicit dependency on target 'GGUFRuntimeBridge' in project 'GGUFRuntimeBridge'
    Target 'GGUFRuntimeBridge' in project 'GGUFRuntimeBridge' (no dependencies)
    Target 'MLXVLM' in project 'mlx-swift-lm'
        ➜ Explicit dependency on target 'MLXVLM' in project 'mlx-swift-lm'
        ➜ Explicit dependency on target 'MLXLMCommon' in project 'mlx-swift-lm'
        ➜ Explicit dependency on target 'MLX' in project 'mlx-swift'
        ➜ Explicit dependency on target 'MLXNN' in project 'mlx-swift'
        ➜ Explicit dependency on target 'MLXOptimizers' in project 'mlx-swift'
        ➜ Explicit dependency on target 'Transformers' in project 'swift-transformers'
    Target 'MLXVLM' in project 'mlx-swift-lm'
        ➜ Explicit dependency on target 'MLXLMCommon' in project 'mlx-swift-lm'
        ➜ Explicit dependency on target 'MLX' in project 'mlx-swift'
        ➜ Explicit dependency on target 'MLXNN' in project 'mlx-swift'
        ➜ Explicit dependency on target 'MLXOptimizers' in project 'mlx-swift'
        ➜ Explicit dependency on target 'Transformers' in project 'swift-transformers'
    Target 'MLXLLM' in project 'mlx-swift-lm'
        ➜ Explicit dependency on target 'MLXLLM' in project 'mlx-swift-lm'
        ➜ Explicit dependency on target 'MLXLMCommon' in project 'mlx-swift-lm'
        ➜ Explicit dependency on target 'MLX' in project 'mlx-swift'
        ➜ Explicit dependency on target 'MLXNN' in project 'mlx-swift'
        ➜ Explicit dependency on target 'MLXOptimizers' in project 'mlx-swift'
        ➜ Explicit dependency on target 'Transformers' in project 'swift-transformers'
    Target 'MLXLLM' in project 'mlx-swift-lm'
        ➜ Explicit dependency on target 'MLXLMCommon' in project 'mlx-swift-lm'
        ➜ Explicit dependency on target 'MLX' in project 'mlx-swift'
        ➜ Explicit dependency on target 'MLXNN' in project 'mlx-swift'
        ➜ Explicit dependency on target 'MLXOptimizers' in project 'mlx-swift'
        ➜ Explicit dependency on target 'Transformers' in project 'swift-transformers'
    Target 'MLXLMCommon' in project 'mlx-swift-lm'
        ➜ Explicit dependency on target 'MLXLMCommon' in project 'mlx-swift-lm'
        ➜ Explicit dependency on target 'MLX' in project 'mlx-swift'
        ➜ Explicit dependency on target 'MLXNN' in project 'mlx-swift'
        ➜ Explicit dependency on target 'MLXOptimizers' in project 'mlx-swift'
        ➜ Explicit dependency on target 'Transformers' in project 'swift-transformers'
    Target 'MLXLMCommon' in project 'mlx-swift-lm'
        ➜ Explicit dependency on target 'MLX' in project 'mlx-swift'
        ➜ Explicit dependency on target 'MLXNN' in project 'mlx-swift'
        ➜ Explicit dependency on target 'MLXOptimizers' in project 'mlx-swift'
        ➜ Explicit dependency on target 'Transformers' in project 'swift-transformers'
    Target 'Transformers' in project 'swift-transformers'
        ➜ Explicit dependency on target 'Tokenizers' in project 'swift-transformers'
        ➜ Explicit dependency on target 'Generation' in project 'swift-transformers'
        ➜ Explicit dependency on target 'Models' in project 'swift-transformers'
        ➜ Explicit dependency on target 'Hub' in project 'swift-transformers'
        ➜ Explicit dependency on target 'Jinja' in project 'Jinja'
        ➜ Explicit dependency on target 'HuggingFace' in project 'swift-huggingface'
        ➜ Explicit dependency on target 'OrderedCollections' in project 'swift-collections'
        ➜ Explicit dependency on target 'Crypto' in project 'swift-crypto'
        ➜ Explicit dependency on target 'yyjson' in project 'yyjson'
    Target 'Models' in project 'swift-transformers'
        ➜ Explicit dependency on target 'Hub' in project 'swift-transformers'
        ➜ Explicit dependency on target 'Tokenizers' in project 'swift-transformers'
        ➜ Explicit dependency on target 'Generation' in project 'swift-transformers'
        ➜ Explicit dependency on target 'Jinja' in project 'Jinja'
        ➜ Explicit dependency on target 'HuggingFace' in project 'swift-huggingface'
        ➜ Explicit dependency on target 'OrderedCollections' in project 'swift-collections'
        ➜ Explicit dependency on target 'Crypto' in project 'swift-crypto'
        ➜ Explicit dependency on target 'yyjson' in project 'yyjson'
    Target 'Generation' in project 'swift-transformers'
        ➜ Explicit dependency on target 'Hub' in project 'swift-transformers'
        ➜ Explicit dependency on target 'Tokenizers' in project 'swift-transformers'
        ➜ Explicit dependency on target 'Jinja' in project 'Jinja'
        ➜ Explicit dependency on target 'HuggingFace' in project 'swift-huggingface'
        ➜ Explicit dependency on target 'OrderedCollections' in project 'swift-collections'
        ➜ Explicit dependency on target 'Crypto' in project 'swift-crypto'
        ➜ Explicit dependency on target 'yyjson' in project 'yyjson'
    Target 'Tokenizers' in project 'swift-transformers'
        ➜ Explicit dependency on target 'Hub' in project 'swift-transformers'
        ➜ Explicit dependency on target 'Jinja' in project 'Jinja'
        ➜ Explicit dependency on target 'HuggingFace' in project 'swift-huggingface'
        ➜ Explicit dependency on target 'OrderedCollections' in project 'swift-collections'
        ➜ Explicit dependency on target 'Crypto' in project 'swift-crypto'
        ➜ Explicit dependency on target 'yyjson' in project 'yyjson'
    Target 'Hub' in project 'swift-transformers'
        ➜ Explicit dependency on target 'swift-transformers_Hub' in project 'swift-transformers'
        ➜ Explicit dependency on target 'Jinja' in project 'Jinja'
        ➜ Explicit dependency on target 'HuggingFace' in project 'swift-huggingface'
        ➜ Explicit dependency on target 'OrderedCollections' in project 'swift-collections'
        ➜ Explicit dependency on target 'Crypto' in project 'swift-crypto'
        ➜ Explicit dependency on target 'yyjson' in project 'yyjson'
    Target 'yyjson' in project 'yyjson'
        ➜ Explicit dependency on target 'yyjson' in project 'yyjson'
    Target 'yyjson' in project 'yyjson' (no dependencies)
    Target 'Jinja' in project 'Jinja'
        ➜ Explicit dependency on target 'Jinja' in project 'Jinja'
        ➜ Explicit dependency on target 'OrderedCollections' in project 'swift-collections'
    Target 'Jinja' in project 'Jinja'
        ➜ Explicit dependency on target 'OrderedCollections' in project 'swift-collections'
    Target 'OrderedCollections' in project 'swift-collections'
        ➜ Explicit dependency on target 'OrderedCollections' in project 'swift-collections'
        ➜ Explicit dependency on target 'InternalCollectionsUtilities' in project 'swift-collections'
    Target 'OrderedCollections' in project 'swift-collections'
        ➜ Explicit dependency on target 'InternalCollectionsUtilities' in project 'swift-collections'
    Target 'swift-transformers_Hub' in project 'swift-transformers' (no dependencies)
    Target 'MLXOptimizers' in project 'mlx-swift'
        ➜ Explicit dependency on target 'MLXOptimizers' in project 'mlx-swift'
        ➜ Explicit dependency on target 'Cmlx' in project 'mlx-swift'
        ➜ Explicit dependency on target 'MLX' in project 'mlx-swift'
        ➜ Explicit dependency on target 'MLXNN' in project 'mlx-swift'
        ➜ Explicit dependency on target 'Numerics' in project 'swift-numerics'
    Target 'MLXOptimizers' in project 'mlx-swift'
        ➜ Explicit dependency on target 'Cmlx' in project 'mlx-swift'
        ➜ Explicit dependency on target 'MLX' in project 'mlx-swift'
        ➜ Explicit dependency on target 'MLXNN' in project 'mlx-swift'
        ➜ Explicit dependency on target 'Numerics' in project 'swift-numerics'
    Target 'MLXNN' in project 'mlx-swift'
        ➜ Explicit dependency on target 'MLXNN' in project 'mlx-swift'
        ➜ Explicit dependency on target 'Cmlx' in project 'mlx-swift'
        ➜ Explicit dependency on target 'MLX' in project 'mlx-swift'
        ➜ Explicit dependency on target 'Numerics' in project 'swift-numerics'
    Target 'MLXNN' in project 'mlx-swift'
        ➜ Explicit dependency on target 'Cmlx' in project 'mlx-swift'
        ➜ Explicit dependency on target 'MLX' in project 'mlx-swift'
        ➜ Explicit dependency on target 'Numerics' in project 'swift-numerics'
    Target 'MLX' in project 'mlx-swift'
        ➜ Explicit dependency on target 'MLX' in project 'mlx-swift'
        ➜ Explicit dependency on target 'Cmlx' in project 'mlx-swift'
        ➜ Explicit dependency on target 'Numerics' in project 'swift-numerics'
    Target 'MLX' in project 'mlx-swift'
        ➜ Explicit dependency on target 'Cmlx' in project 'mlx-swift'
        ➜ Explicit dependency on target 'Numerics' in project 'swift-numerics'
    Target 'Numerics' in project 'swift-numerics'
        ➜ Explicit dependency on target 'Numerics' in project 'swift-numerics'
        ➜ Explicit dependency on target '_NumericsShims' in project 'swift-numerics'
        ➜ Explicit dependency on target 'RealModule' in project 'swift-numerics'
        ➜ Explicit dependency on target 'ComplexModule' in project 'swift-numerics'
    Target 'Numerics' in project 'swift-numerics'
        ➜ Explicit dependency on target '_NumericsShims' in project 'swift-numerics'
        ➜ Explicit dependency on target 'RealModule' in project 'swift-numerics'
        ➜ Explicit dependency on target 'ComplexModule' in project 'swift-numerics'
    Target 'ComplexModule' in project 'swift-numerics'
        ➜ Explicit dependency on target '_NumericsShims' in project 'swift-numerics'
        ➜ Explicit dependency on target 'RealModule' in project 'swift-numerics'
    Target 'RealModule' in project 'swift-numerics'
        ➜ Explicit dependency on target '_NumericsShims' in project 'swift-numerics'
    Target '_NumericsShims' in project 'swift-numerics' (no dependencies)
    Target 'Cmlx' in project 'mlx-swift'
        ➜ Explicit dependency on target 'mlx-swift_Cmlx' in project 'mlx-swift'
    Target 'mlx-swift_Cmlx' in project 'mlx-swift' (no dependencies)
    Target 'HuggingFace' in project 'swift-huggingface'
        ➜ Explicit dependency on target 'HuggingFace' in project 'swift-huggingface'
        ➜ Explicit dependency on target 'EventSource' in project 'EventSource'
        ➜ Explicit dependency on target 'Crypto' in project 'swift-crypto'
    Target 'HuggingFace' in project 'swift-huggingface'
        ➜ Explicit dependency on target 'EventSource' in project 'EventSource'
        ➜ Explicit dependency on target 'Crypto' in project 'swift-crypto'
    Target 'Crypto' in project 'swift-crypto'
        ➜ Explicit dependency on target 'Crypto' in project 'swift-crypto'
        ➜ Explicit dependency on target 'swift-crypto_Crypto' in project 'swift-crypto'
    Target 'Crypto' in project 'swift-crypto'
        ➜ Explicit dependency on target 'swift-crypto_Crypto' in project 'swift-crypto'
    Target 'swift-crypto_Crypto' in project 'swift-crypto' (no dependencies)
    Target 'EventSource' in project 'EventSource'
        ➜ Explicit dependency on target 'EventSource' in project 'EventSource'
        ➜ Explicit dependency on target 'NIOCore' in project 'swift-nio'
    Target 'EventSource' in project 'EventSource'
        ➜ Explicit dependency on target 'NIOCore' in project 'swift-nio'
    Target 'NIOCore' in project 'swift-nio'
        ➜ Explicit dependency on target 'NIOCore' in project 'swift-nio'
        ➜ Explicit dependency on target 'CNIOAtomics' in project 'swift-nio'
        ➜ Explicit dependency on target 'NIOConcurrencyHelpers' in project 'swift-nio'
        ➜ Explicit dependency on target '_NIOBase64' in project 'swift-nio'
        ➜ Explicit dependency on target 'CNIOOpenBSD' in project 'swift-nio'
        ➜ Explicit dependency on target 'CNIODarwin' in project 'swift-nio'
        ➜ Explicit dependency on target 'CNIOLinux' in project 'swift-nio'
        ➜ Explicit dependency on target 'CNIOWindows' in project 'swift-nio'
        ➜ Explicit dependency on target 'CNIOWASI' in project 'swift-nio'
        ➜ Explicit dependency on target '_NIODataStructures' in project 'swift-nio'
        ➜ Explicit dependency on target 'DequeModule' in project 'swift-collections'
        ➜ Explicit dependency on target 'Atomics' in project 'swift-atomics'
    Target 'NIOCore' in project 'swift-nio'
        ➜ Explicit dependency on target 'CNIOAtomics' in project 'swift-nio'
        ➜ Explicit dependency on target 'NIOConcurrencyHelpers' in project 'swift-nio'
        ➜ Explicit dependency on target '_NIOBase64' in project 'swift-nio'
        ➜ Explicit dependency on target 'CNIOOpenBSD' in project 'swift-nio'
        ➜ Explicit dependency on target 'CNIODarwin' in project 'swift-nio'
        ➜ Explicit dependency on target 'CNIOLinux' in project 'swift-nio'
        ➜ Explicit dependency on target 'CNIOWindows' in project 'swift-nio'
        ➜ Explicit dependency on target 'CNIOWASI' in project 'swift-nio'
        ➜ Explicit dependency on target '_NIODataStructures' in project 'swift-nio'
        ➜ Explicit dependency on target 'DequeModule' in project 'swift-collections'
        ➜ Explicit dependency on target 'Atomics' in project 'swift-atomics'
    Target 'Atomics' in project 'swift-atomics'
        ➜ Explicit dependency on target 'Atomics' in project 'swift-atomics'
        ➜ Explicit dependency on target '_AtomicsShims' in project 'swift-atomics'
    Target 'Atomics' in project 'swift-atomics'
        ➜ Explicit dependency on target '_AtomicsShims' in project 'swift-atomics'
    Target '_AtomicsShims' in project 'swift-atomics' (no dependencies)
    Target 'DequeModule' in project 'swift-collections'
        ➜ Explicit dependency on target 'DequeModule' in project 'swift-collections'
        ➜ Explicit dependency on target 'InternalCollectionsUtilities' in project 'swift-collections'
        ➜ Explicit dependency on target 'ContainersPreview' in project 'swift-collections'
    Target 'DequeModule' in project 'swift-collections'
        ➜ Explicit dependency on target 'InternalCollectionsUtilities' in project 'swift-collections'
        ➜ Explicit dependency on target 'ContainersPreview' in project 'swift-collections'
    Target 'ContainersPreview' in project 'swift-collections'
        ➜ Explicit dependency on target 'InternalCollectionsUtilities' in project 'swift-collections'
    Target 'InternalCollectionsUtilities' in project 'swift-collections' (no dependencies)
    Target '_NIODataStructures' in project 'swift-nio' (no dependencies)
    Target 'CNIOWASI' in project 'swift-nio' (no dependencies)
    Target 'CNIOWindows' in project 'swift-nio' (no dependencies)
    Target 'CNIOLinux' in project 'swift-nio' (no dependencies)
    Target 'CNIODarwin' in project 'swift-nio' (no dependencies)
    Target 'CNIOOpenBSD' in project 'swift-nio' (no dependencies)
    Target '_NIOBase64' in project 'swift-nio' (no dependencies)
    Target 'NIOConcurrencyHelpers' in project 'swift-nio'
        ➜ Explicit dependency on target 'CNIOAtomics' in project 'swift-nio'
    Target 'CNIOAtomics' in project 'swift-nio' (no dependencies)
    Target 'Grape' in project 'Grape'
        ➜ Explicit dependency on target 'Grape' in project 'Grape'
        ➜ Explicit dependency on target 'ForceSimulation' in project 'Grape'
    Target 'Grape' in project 'Grape'
        ➜ Explicit dependency on target 'ForceSimulation' in project 'Grape'
    Target 'ForceSimulation' in project 'Grape' (no dependencies)
    Target 'GRDB' in project 'GRDB'
        ➜ Explicit dependency on target 'GRDB' in project 'GRDB'
        ➜ Explicit dependency on target 'GRDB_GRDB' in project 'GRDB'
    Target 'GRDB' in project 'GRDB'
        ➜ Explicit dependency on target 'GRDB_GRDB' in project 'GRDB'
        ➜ Explicit dependency on target 'GRDBSQLite' in project 'GRDB'
    Target 'GRDBSQLite' in project 'GRDB' (no dependencies)
    Target 'GRDB_GRDB' in project 'GRDB' (no dependencies)
    Target 'AXorcist' in project 'axPackage'
        ➜ Explicit dependency on target 'AXorcist' in project 'axPackage'
        ➜ Explicit dependency on target 'Logging' in project 'swift-log'
    Target 'AXorcist' in project 'axPackage'
        ➜ Explicit dependency on target 'Logging' in project 'swift-log'
    Target 'Logging' in project 'swift-log'
        ➜ Explicit dependency on target 'Logging' in project 'swift-log'
    Target 'Logging' in project 'swift-log' (no dependencies)

GatherProvisioningInputs

CreateBuildDescription

ExecuteExternalTool /Applications/Xcode.app/Contents/Developer/Toolchains/XcodeDefault.xctoolchain/usr/bin/swiftc --version

ExecuteExternalTool /Applications/Xcode.app/Contents/Developer/Toolchains/XcodeDefault.xctoolchain/usr/bin/clang -v -E -dM -arch arm64 -isysroot /Applications/Xcode.app/Contents/Developer/Platforms/MacOSX.platform/Developer/SDKs/MacOSX26.4.sdk -x c -c /dev/null

ExecuteExternalTool /Applications/Xcode.app/Contents/Developer/Toolchains/XcodeDefault.xctoolchain/usr/bin/clang -v -E -dM -arch arm64 -isysroot /Applications/Xcode.app/Contents/Developer/Platforms/MacOSX.platform/Developer/SDKs/MacOSX26.4.sdk -x objective-c -c /dev/null

ExecuteExternalTool /Applications/Xcode.app/Contents/Developer/Toolchains/XcodeDefault.xctoolchain/usr/bin/clang -v -E -dM -isysroot /Applications/Xcode.app/Contents/Developer/Platforms/MacOSX.platform/Developer/SDKs/MacOSX26.4.sdk -x c -c /dev/null

ExecuteExternalTool /Applications/Xcode.app/Contents/Developer/Toolchains/XcodeDefault.xctoolchain/usr/bin/clang -v -E -dM -arch arm64 -isysroot /Applications/Xcode.app/Contents/Developer/Platforms/MacOSX.platform/Developer/SDKs/MacOSX26.4.sdk -x c++ -c /dev/null

ExecuteExternalTool /Applications/Xcode.app/Contents/Developer/Toolchains/XcodeDefault.xctoolchain/usr/bin/ld -version_details

ExecuteExternalTool /Applications/Xcode.app/Contents/Developer/usr/bin/actool --version --output-format xml1

ExecuteExternalTool /Applications/Xcode.app/Contents/Developer/usr/bin/xcstringstool compile --dry-run --output-directory /Users/jojo/Library/Developer/Xcode/DerivedData/Epistemos-ctkiyqxaarezsccbouumxcpfxvtl/Build/Intermediates.noindex/Epistemos.build/Debug/Epistemos.build /Users/jojo/Downloads/Epistemos/Epistemos/Resources/Localizable.xcstrings

ReadFileContents /Applications/Xcode.app/Contents/Developer/Toolchains/XcodeDefault.xctoolchain/usr/share/docc/features.json

Build description signature: 6411f528f0acf55c7db3c5e5ee0af8f4
Build description path: /Users/jojo/Library/Developer/Xcode/DerivedData/Epistemos-ctkiyqxaarezsccbouumxcpfxvtl/Build/Intermediates.noindex/XCBuildData/6411f528f0acf55c7db3c5e5ee0af8f4.xcbuilddata
ClangStatCache /Applications/Xcode.app/Contents/Developer/Toolchains/XcodeDefault.xctoolchain/usr/bin/clang-stat-cache /Applications/Xcode.app/Contents/Developer/Platforms/MacOSX.platform/Developer/SDKs/MacOSX26.4.sdk /Users/jojo/Library/Developer/Xcode/DerivedData/SDKStatCaches.noindex/macosx26.4-25E251-688ef53f1462e2c8f657fdc38a81448f30f9ca8789b706f8bd3fc906a70d770f.sdkstatcache
    cd /Users/jojo/Downloads/Epistemos/Epistemos.xcodeproj
    /Applications/Xcode.app/Contents/Developer/Toolchains/XcodeDefault.xctoolchain/usr/bin/clang-stat-cache /Applications/Xcode.app/Contents/Developer/Platforms/MacOSX.platform/Developer/SDKs/MacOSX26.4.sdk -o /Users/jojo/Library/Developer/Xcode/DerivedData/SDKStatCaches.noindex/macosx26.4-25E251-688ef53f1462e2c8f657fdc38a81448f30f9ca8789b706f8bd3fc906a70d770f.sdkstatcache

ProcessInfoPlistFile /Users/jojo/Library/Developer/Xcode/DerivedData/Epistemos-ctkiyqxaarezsccbouumxcpfxvtl/Build/Products/Debug/GRDB_GRDB.bundle/Contents/Info.plist /Users/jojo/Library/Developer/Xcode/DerivedData/Epistemos-ctkiyqxaarezsccbouumxcpfxvtl/Build/Intermediates.noindex/GRDB.build/Debug/GRDB_GRDB.build/empty-GRDB_GRDB.plist (in target 'GRDB_GRDB' from project 'GRDB')
    cd /Users/jojo/Library/Developer/Xcode/DerivedData/Epistemos-ctkiyqxaarezsccbouumxcpfxvtl/SourcePackages/checkouts/GRDB.swift
    builtin-infoPlistUtility /Users/jojo/Library/Developer/Xcode/DerivedData/Epistemos-ctkiyqxaarezsccbouumxcpfxvtl/Build/Intermediates.noindex/GRDB.build/Debug/GRDB_GRDB.build/empty-GRDB_GRDB.plist -producttype com.apple.product-type.bundle -expandbuildsettings -platform macosx -o /Users/jojo/Library/Developer/Xcode/DerivedData/Epistemos-ctkiyqxaarezsccbouumxcpfxvtl/Build/Products/Debug/GRDB_GRDB.bundle/Contents/Info.plist

ProcessInfoPlistFile /Users/jojo/Library/Developer/Xcode/DerivedData/Epistemos-ctkiyqxaarezsccbouumxcpfxvtl/Build/Products/Debug/CodeEditLanguages_CodeEditLanguages.bundle/Contents/Info.plist /Users/jojo/Library/Developer/Xcode/DerivedData/Epistemos-ctkiyqxaarezsccbouumxcpfxvtl/Build/Intermediates.noindex/CodeEditLanguages.build/Debug/CodeEditLanguages_CodeEditLanguages.build/empty-CodeEditLanguages_CodeEditLanguages.plist (in target 'CodeEditLanguages_CodeEditLanguages' from project 'CodeEditLanguages')
    cd /Users/jojo/Library/Developer/Xcode/DerivedData/Epistemos-ctkiyqxaarezsccbouumxcpfxvtl/SourcePackages/checkouts/CodeEditLanguages
    builtin-infoPlistUtility /Users/jojo/Library/Developer/Xcode/DerivedData/Epistemos-ctkiyqxaarezsccbouumxcpfxvtl/Build/Intermediates.noindex/CodeEditLanguages.build/Debug/CodeEditLanguages_CodeEditLanguages.build/empty-CodeEditLanguages_CodeEditLanguages.plist -producttype com.apple.product-type.bundle -expandbuildsettings -platform macosx -o /Users/jojo/Library/Developer/Xcode/DerivedData/Epistemos-ctkiyqxaarezsccbouumxcpfxvtl/Build/Products/Debug/CodeEditLanguages_CodeEditLanguages.bundle/Contents/Info.plist

ProcessInfoPlistFile /Users/jojo/Library/Developer/Xcode/DerivedData/Epistemos-ctkiyqxaarezsccbouumxcpfxvtl/Build/Products/Debug/mlx-swift_Cmlx.bundle/Contents/Info.plist /Users/jojo/Library/Developer/Xcode/DerivedData/Epistemos-ctkiyqxaarezsccbouumxcpfxvtl/Build/Intermediates.noindex/mlx-swift.build/Debug/mlx-swift_Cmlx.build/empty-mlx-swift_Cmlx.plist (in target 'mlx-swift_Cmlx' from project 'mlx-swift')
    cd /Users/jojo/Library/Developer/Xcode/DerivedData/Epistemos-ctkiyqxaarezsccbouumxcpfxvtl/SourcePackages/checkouts/mlx-swift
    builtin-infoPlistUtility /Users/jojo/Library/Developer/Xcode/DerivedData/Epistemos-ctkiyqxaarezsccbouumxcpfxvtl/Build/Intermediates.noindex/mlx-swift.build/Debug/mlx-swift_Cmlx.build/empty-mlx-swift_Cmlx.plist -producttype com.apple.product-type.bundle -expandbuildsettings -platform macosx -o /Users/jojo/Library/Developer/Xcode/DerivedData/Epistemos-ctkiyqxaarezsccbouumxcpfxvtl/Build/Products/Debug/mlx-swift_Cmlx.bundle/Contents/Info.plist

ProcessInfoPlistFile /Users/jojo/Library/Developer/Xcode/DerivedData/Epistemos-ctkiyqxaarezsccbouumxcpfxvtl/Build/Products/Debug/CodeEditSymbols_CodeEditSymbols.bundle/Contents/Info.plist /Users/jojo/Library/Developer/Xcode/DerivedData/Epistemos-ctkiyqxaarezsccbouumxcpfxvtl/Build/Intermediates.noindex/CodeEditSymbols.build/Debug/CodeEditSymbols_CodeEditSymbols.build/empty-CodeEditSymbols_CodeEditSymbols.plist (in target 'CodeEditSymbols_CodeEditSymbols' from project 'CodeEditSymbols')
    cd /Users/jojo/Library/Developer/Xcode/DerivedData/Epistemos-ctkiyqxaarezsccbouumxcpfxvtl/SourcePackages/checkouts/CodeEditSymbols
    builtin-infoPlistUtility /Users/jojo/Library/Developer/Xcode/DerivedData/Epistemos-ctkiyqxaarezsccbouumxcpfxvtl/Build/Intermediates.noindex/CodeEditSymbols.build/Debug/CodeEditSymbols_CodeEditSymbols.build/empty-CodeEditSymbols_CodeEditSymbols.plist -producttype com.apple.product-type.bundle -expandbuildsettings -platform macosx -additionalcontentfile /Users/jojo/Library/Developer/Xcode/DerivedData/Epistemos-ctkiyqxaarezsccbouumxcpfxvtl/Build/Intermediates.noindex/CodeEditSymbols.build/Debug/CodeEditSymbols_CodeEditSymbols.build/assetcatalog_generated_info.plist -o /Users/jojo/Library/Developer/Xcode/DerivedData/Epistemos-ctkiyqxaarezsccbouumxcpfxvtl/Build/Products/Debug/CodeEditSymbols_CodeEditSymbols.bundle/Contents/Info.plist

ProcessInfoPlistFile /Users/jojo/Library/Developer/Xcode/DerivedData/Epistemos-ctkiyqxaarezsccbouumxcpfxvtl/Build/Products/Debug/swift-crypto_Crypto.bundle/Contents/Info.plist /Users/jojo/Library/Developer/Xcode/DerivedData/Epistemos-ctkiyqxaarezsccbouumxcpfxvtl/Build/Intermediates.noindex/swift-crypto.build/Debug/swift-crypto_Crypto.build/empty-swift-crypto_Crypto.plist (in target 'swift-crypto_Crypto' from project 'swift-crypto')
    cd /Users/jojo/Library/Developer/Xcode/DerivedData/Epistemos-ctkiyqxaarezsccbouumxcpfxvtl/SourcePackages/checkouts/swift-crypto
    builtin-infoPlistUtility /Users/jojo/Library/Developer/Xcode/DerivedData/Epistemos-ctkiyqxaarezsccbouumxcpfxvtl/Build/Intermediates.noindex/swift-crypto.build/Debug/swift-crypto_Crypto.build/empty-swift-crypto_Crypto.plist -producttype com.apple.product-type.bundle -expandbuildsettings -platform macosx -o /Users/jojo/Library/Developer/Xcode/DerivedData/Epistemos-ctkiyqxaarezsccbouumxcpfxvtl/Build/Products/Debug/swift-crypto_Crypto.bundle/Contents/Info.plist

ProcessInfoPlistFile /Users/jojo/Library/Developer/Xcode/DerivedData/Epistemos-ctkiyqxaarezsccbouumxcpfxvtl/Build/Products/Debug/swift-transformers_Hub.bundle/Contents/Info.plist /Users/jojo/Library/Developer/Xcode/DerivedData/Epistemos-ctkiyqxaarezsccbouumxcpfxvtl/Build/Intermediates.noindex/swift-transformers.build/Debug/swift-transformers_Hub.build/empty-swift-transformers_Hub.plist (in target 'swift-transformers_Hub' from project 'swift-transformers')
    cd /Users/jojo/Library/Developer/Xcode/DerivedData/Epistemos-ctkiyqxaarezsccbouumxcpfxvtl/SourcePackages/checkouts/swift-transformers
    builtin-infoPlistUtility /Users/jojo/Library/Developer/Xcode/DerivedData/Epistemos-ctkiyqxaarezsccbouumxcpfxvtl/Build/Intermediates.noindex/swift-transformers.build/Debug/swift-transformers_Hub.build/empty-swift-transformers_Hub.plist -producttype com.apple.product-type.bundle -expandbuildsettings -platform macosx -o /Users/jojo/Library/Developer/Xcode/DerivedData/Epistemos-ctkiyqxaarezsccbouumxcpfxvtl/Build/Products/Debug/swift-transformers_Hub.bundle/Contents/Info.plist

note: Run script build phase 'Build Rust Engine' will be run during every build because the option to run the script phase "Based on dependency analysis" is unchecked. (in target 'Epistemos' from project 'Epistemos')
note: Run script build phase 'Bundle Runtime Assets' will be run during every build because the option to run the script phase "Based on dependency analysis" is unchecked. (in target 'Epistemos' from project 'Epistemos')
PhaseScriptExecution Build\ Rust\ Engine /Users/jojo/Library/Developer/Xcode/DerivedData/Epistemos-ctkiyqxaarezsccbouumxcpfxvtl/Build/Intermediates.noindex/Epistemos.build/Debug/Epistemos.build/Script-9ECE8015F787406179285179.sh (in target 'Epistemos' from project 'Epistemos')
    cd /Users/jojo/Downloads/Epistemos
    export ACTION\=build
    export AD_HOC_CODE_SIGNING_ALLOWED\=YES
    export AGGREGATE_TRACKED_DOMAINS\=YES
    export ALLOW_BUILD_REQUEST_OVERRIDES\=NO
    export ALLOW_TARGET_PLATFORM_SPECIALIZATION\=NO
    export ALTERNATE_GROUP\=staff
    export ALTERNATE_MODE\=u+w,go-w,a+rX
    export ALTERNATE_OWNER\=jojo
    export ALTERNATIVE_DISTRIBUTION_WEB\=NO
    export ALWAYS_EMBED_SWIFT_STANDARD_LIBRARIES\=NO
    export ALWAYS_SEARCH_USER_PATHS\=NO
    export ALWAYS_USE_SEPARATE_HEADERMAPS\=NO
    export APPLICATION_EXTENSION_API_ONLY\=NO
    export APPLY_RULES_IN_COPY_FILES\=NO
    export APPLY_RULES_IN_COPY_HEADERS\=NO
    export APP_SHORTCUTS_ENABLE_FLEXIBLE_MATCHING\=YES
    export ARCHS\=arm64
    export ARCHS_BASE\=arm64
    export ARCHS_STANDARD\=arm64\ x86_64
    export ARCHS_STANDARD_32_64_BIT\=arm64\ x86_64\ i386
    export ARCHS_STANDARD_32_BIT\=i386
    export ARCHS_STANDARD_64_BIT\=arm64\ x86_64
    export ARCHS_STANDARD_INCLUDING_64_BIT\=arm64\ x86_64
    export ASSETCATALOG_COMPILER_APPICON_NAME\=AppIcon
    export AUTOMATICALLY_MERGE_DEPENDENCIES\=NO
    export AUTOMATION_APPLE_EVENTS\=NO
    export AVAILABLE_PLATFORMS\=android\ appletvos\ appletvsimulator\ driverkit\ freebsd\ iphoneos\ iphonesimulator\ linux\ macosx\ none\ openbsd\ qnx\ watchos\ watchsimulator\ webassembly\ xros\ xrsimulator
    export AppIdentifierPrefix\=3BNL2669SL.
    export BUILD_ACTIVE_RESOURCES_ONLY\=NO
    export BUILD_COMPONENTS\=headers\ build
    export BUILD_DIR\=/Users/jojo/Library/Developer/Xcode/DerivedData/Epistemos-ctkiyqxaarezsccbouumxcpfxvtl/Build/Products
    export BUILD_LIBRARY_FOR_DISTRIBUTION\=NO
    export BUILD_ONLY_KNOWN_LOCALIZATIONS\=NO
    export BUILD_ROOT\=/Users/jojo/Library/Developer/Xcode/DerivedData/Epistemos-ctkiyqxaarezsccbouumxcpfxvtl/Build/Products
    export BUILD_STYLE\=
    export BUILD_VARIANTS\=normal
    export BUILT_PRODUCTS_DIR\=/Users/jojo/Library/Developer/Xcode/DerivedData/Epistemos-ctkiyqxaarezsccbouumxcpfxvtl/Build/Products/Debug
    export BUNDLE_CONTENTS_FOLDER_PATH\=Contents/
    export BUNDLE_CONTENTS_FOLDER_PATH_deep\=Contents/
    export BUNDLE_EXECUTABLE_FOLDER_NAME_deep\=MacOS
    export BUNDLE_EXECUTABLE_FOLDER_PATH\=Contents/MacOS
    export BUNDLE_EXTENSIONS_FOLDER_PATH\=Contents/Extensions
    export BUNDLE_FORMAT\=deep
    export BUNDLE_FRAMEWORKS_FOLDER_PATH\=Contents/Frameworks
    export BUNDLE_PLUGINS_FOLDER_PATH\=Contents/PlugIns
    export BUNDLE_PRIVATE_HEADERS_FOLDER_PATH\=Contents/PrivateHeaders
    export BUNDLE_PUBLIC_HEADERS_FOLDER_PATH\=Contents/Headers
    export CACHE_ROOT\=/var/folders/3w/cpj519g555jbvmmbp42z7mvw0000gn/C/com.apple.DeveloperTools/26.4.1-17E202/Xcode
    export CCHROOT\=/var/folders/3w/cpj519g555jbvmmbp42z7mvw0000gn/C/com.apple.DeveloperTools/26.4.1-17E202/Xcode
    export CHMOD\=/bin/chmod
    export CHOWN\=chown
    export CLANG_ANALYZER_NONNULL\=YES
    export CLANG_ANALYZER_NUMBER_OBJECT_CONVERSION\=YES_AGGRESSIVE
    export CLANG_CACHE_FINE_GRAINED_OUTPUTS\=YES
    export CLANG_CXX_LANGUAGE_STANDARD\=gnu++14
    export CLANG_CXX_LIBRARY\=libc++
    export CLANG_ENABLE_EXPLICIT_MODULES\=YES
    export CLANG_ENABLE_MODULES\=YES
    export CLANG_ENABLE_OBJC_ARC\=YES
    export CLANG_ENABLE_OBJC_WEAK\=YES
    export CLANG_MODULES_BUILD_SESSION_FILE\=/Users/jojo/Library/Developer/Xcode/DerivedData/ModuleCache.noindex/Session.modulevalidation
    export CLANG_WARN_BLOCK_CAPTURE_AUTORELEASING\=YES
    export CLANG_WARN_BOOL_CONVERSION\=YES
    export CLANG_WARN_COMMA\=YES
    export CLANG_WARN_CONSTANT_CONVERSION\=YES
    export CLANG_WARN_DEPRECATED_OBJC_IMPLEMENTATIONS\=YES
    export CLANG_WARN_DIRECT_OBJC_ISA_USAGE\=YES_ERROR
    export CLANG_WARN_DOCUMENTATION_COMMENTS\=YES
    export CLANG_WARN_EMPTY_BODY\=YES
    export CLANG_WARN_ENUM_CONVERSION\=YES
    export CLANG_WARN_INFINITE_RECURSION\=YES
    export CLANG_WARN_INT_CONVERSION\=YES
    export CLANG_WARN_NON_LITERAL_NULL_CONVERSION\=YES
    export CLANG_WARN_OBJC_IMPLICIT_RETAIN_SELF\=YES
    export CLANG_WARN_OBJC_LITERAL_CONVERSION\=YES
    export CLANG_WARN_OBJC_ROOT_CLASS\=YES_ERROR
    export CLANG_WARN_QUOTED_INCLUDE_IN_FRAMEWORK_HEADER\=YES
    export CLANG_WARN_RANGE_LOOP_ANALYSIS\=YES
    export CLANG_WARN_STRICT_PROTOTYPES\=YES
    export CLANG_WARN_SUSPICIOUS_MOVE\=YES
    export CLANG_WARN_UNGUARDED_AVAILABILITY\=YES_AGGRESSIVE
    export CLANG_WARN_UNREACHABLE_CODE\=YES
    export CLANG_WARN__DUPLICATE_METHOD_MATCH\=YES
    export CLASS_FILE_DIR\=/Users/jojo/Library/Developer/Xcode/DerivedData/Epistemos-ctkiyqxaarezsccbouumxcpfxvtl/Build/Intermediates.noindex/Epistemos.build/Debug/Epistemos.build/JavaClasses
    export CLEAN_PRECOMPS\=YES
    export CLONE_HEADERS\=NO
    export CODESIGNING_FOLDER_PATH\=/Users/jojo/Library/Developer/Xcode/DerivedData/Epistemos-ctkiyqxaarezsccbouumxcpfxvtl/Build/Products/Debug/Epistemos.app
    export CODE_SIGNING_ALLOWED\=YES
    export CODE_SIGNING_REQUIRED\=YES
    export CODE_SIGN_ENTITLEMENTS\=Epistemos/Epistemos-Debug.entitlements
    export CODE_SIGN_IDENTITY\=Apple\ Development
    export CODE_SIGN_IDENTITY_NO\=Apple\ Development
    export CODE_SIGN_IDENTITY_YES\=-
    export CODE_SIGN_INJECT_BASE_ENTITLEMENTS\=YES
    export CODE_SIGN_STYLE\=Automatic
    export COLOR_DIAGNOSTICS\=NO
    export COMBINE_HIDPI_IMAGES\=YES
    export COMPILATION_CACHE_CAS_PATH\=/Users/jojo/Library/Developer/Xcode/DerivedData/CompilationCache.noindex
    export COMPILATION_CACHE_KEEP_CAS_DIRECTORY\=YES
    export COMPILER_INDEX_STORE_ENABLE\=Default
    export COMPOSITE_SDK_DIRS\=/Users/jojo/Library/Developer/Xcode/DerivedData/Epistemos-ctkiyqxaarezsccbouumxcpfxvtl/Build/Intermediates.noindex/CompositeSDKs
    export COMPRESS_PNG_FILES\=NO
    export CONFIGURATION\=Debug
    export CONFIGURATION_BUILD_DIR\=/Users/jojo/Library/Developer/Xcode/DerivedData/Epistemos-ctkiyqxaarezsccbouumxcpfxvtl/Build/Products/Debug
    export CONFIGURATION_TEMP_DIR\=/Users/jojo/Library/Developer/Xcode/DerivedData/Epistemos-ctkiyqxaarezsccbouumxcpfxvtl/Build/Intermediates.noindex/Epistemos.build/Debug
    export CONTENTS_FOLDER_PATH\=Epistemos.app/Contents
    export CONTENTS_FOLDER_PATH_SHALLOW_BUNDLE_NO\=Epistemos.app/Contents
    export CONTENTS_FOLDER_PATH_SHALLOW_BUNDLE_YES\=Epistemos.app
    export COPYING_PRESERVES_HFS_DATA\=NO
    export COPY_HEADERS_RUN_UNIFDEF\=NO
    export COPY_PHASE_STRIP\=NO
    export CP\=/bin/cp
    export CREATE_INFOPLIST_SECTION_IN_BINARY\=NO
    export CURRENT_ARCH\=undefined_arch
    export CURRENT_VARIANT\=normal
    export DEAD_CODE_STRIPPING\=NO
    export DEBUGGING_SYMBOLS\=YES
    export DEBUG_INFORMATION_FORMAT\=dwarf
    export DEBUG_INFORMATION_VERSION\=compiler-default
    export DEFAULT_COMPILER\=com.apple.compilers.llvm.clang.1_0
    export DEFAULT_DEXT_INSTALL_PATH\=/System/Library/DriverExtensions
    export DEFAULT_KEXT_INSTALL_PATH\=/System/Library/Extensions
    export DEFINES_MODULE\=NO
    export DEPLOYMENT_LOCATION\=NO
    export DEPLOYMENT_POSTPROCESSING\=NO
    export DEPLOYMENT_TARGET_SETTING_NAME\=MACOSX_DEPLOYMENT_TARGET
    export DEPLOYMENT_TARGET_SUGGESTED_VALUES\=10.13\ 10.14\ 10.15\ 11.0\ 11.1\ 11.2\ 11.3\ 11.4\ 11.5\ 12.0\ 12.2\ 12.3\ 12.4\ 13.0\ 13.1\ 13.2\ 13.3\ 13.4\ 13.5\ 14.0\ 14.1\ 14.2\ 14.3\ 14.4\ 14.5\ 14.6\ 15.0\ 15.1\ 15.2\ 15.3\ 15.4\ 15.5\ 15.6\ 26.0\ 26.1\ 26.2\ 26.3\ 26.4
    export DERIVED_FILES_DIR\=/Users/jojo/Library/Developer/Xcode/DerivedData/Epistemos-ctkiyqxaarezsccbouumxcpfxvtl/Build/Intermediates.noindex/Epistemos.build/Debug/Epistemos.build/DerivedSources
    export DERIVED_FILE_DIR\=/Users/jojo/Library/Developer/Xcode/DerivedData/Epistemos-ctkiyqxaarezsccbouumxcpfxvtl/Build/Intermediates.noindex/Epistemos.build/Debug/Epistemos.build/DerivedSources
    export DERIVED_SOURCES_DIR\=/Users/jojo/Library/Developer/Xcode/DerivedData/Epistemos-ctkiyqxaarezsccbouumxcpfxvtl/Build/Intermediates.noindex/Epistemos.build/Debug/Epistemos.build/DerivedSources
    export DEVELOPER_APPLICATIONS_DIR\=/Applications/Xcode.app/Contents/Developer/Applications
    export DEVELOPER_BIN_DIR\=/Applications/Xcode.app/Contents/Developer/usr/bin
    export DEVELOPER_DIR\=/Applications/Xcode.app/Contents/Developer
    export DEVELOPER_FRAMEWORKS_DIR\=/Applications/Xcode.app/Contents/Developer/Library/Frameworks
    export DEVELOPER_FRAMEWORKS_DIR_QUOTED\=/Applications/Xcode.app/Contents/Developer/Library/Frameworks
    export DEVELOPER_LIBRARY_DIR\=/Applications/Xcode.app/Contents/Developer/Library
    export DEVELOPER_SDK_DIR\=/Applications/Xcode.app/Contents/Developer/Platforms/MacOSX.platform/Developer/SDKs
    export DEVELOPER_TOOLS_DIR\=/Applications/Xcode.app/Contents/Developer/Tools
    export DEVELOPER_USR_DIR\=/Applications/Xcode.app/Contents/Developer/usr
    export DEVELOPMENT_LANGUAGE\=en
    export DEVELOPMENT_TEAM\=3BNL2669SL
    export DIAGNOSE_MISSING_TARGET_DEPENDENCIES\=YES
    export DIFF\=/usr/bin/diff
    export DOCUMENTATION_FOLDER_PATH\=Epistemos.app/Contents/Resources/en.lproj/Documentation
    export DONT_GENERATE_INFOPLIST_FILE\=NO
    export DSTROOT\=/tmp/Epistemos.dst
    export DT_TOOLCHAIN_DIR\=/Applications/Xcode.app/Contents/Developer/Toolchains/XcodeDefault.xctoolchain
    export DUMP_DEPENDENCIES\=NO
    export DUMP_DEPENDENCIES_OUTPUT_PATH\=/Users/jojo/Library/Developer/Xcode/DerivedData/Epistemos-ctkiyqxaarezsccbouumxcpfxvtl/Build/Intermediates.noindex/Epistemos.build/Debug/Epistemos.build/Epistemos-BuildDependencyInfo.json
    export DWARF_DSYM_FILE_NAME\=Epistemos.app.dSYM
    export DWARF_DSYM_FILE_SHOULD_ACCOMPANY_PRODUCT\=NO
    export DWARF_DSYM_FOLDER_PATH\=/Users/jojo/Library/Developer/Xcode/DerivedData/Epistemos-ctkiyqxaarezsccbouumxcpfxvtl/Build/Products/Debug
    export DYNAMIC_LIBRARY_EXTENSION\=dylib
    export EAGER_COMPILATION_ALLOW_SCRIPTS\=NO
    export EAGER_LINKING\=NO
    export EFFECTIVE_SWIFT_VERSION\=6
    export EMBEDDED_CONTENT_CONTAINS_SWIFT\=NO
    export EMBEDDED_PROFILE_NAME\=embedded.provisionprofile
    export EMBED_ASSET_PACKS_IN_PRODUCT_BUNDLE\=NO
    export EMBED_PACKAGE_RESOURCE_BUNDLE_NAMES\=\ swift-transformers_Hub\ swift-crypto_Crypto\ CodeEditLanguages_CodeEditLanguages\ CodeEditSymbols_CodeEditSymbols\ mlx-swift_Cmlx\ GRDB_GRDB
    export ENABLE_APP_SANDBOX\=NO
    export ENABLE_CODE_COVERAGE\=YES
    export ENABLE_COHORT_ARCHS\=NO
    export ENABLE_CPLUSPLUS_BOUNDS_SAFE_BUFFERS\=NO
    export ENABLE_C_BOUNDS_SAFETY\=NO
    export ENABLE_DEBUG_DYLIB\=YES
    export ENABLE_DEFAULT_HEADER_SEARCH_PATHS\=YES
    export ENABLE_DEFAULT_SEARCH_PATHS\=YES
    export ENABLE_ENHANCED_SECURITY\=NO
    export ENABLE_HARDENED_RUNTIME\=NO
    export ENABLE_HEADER_DEPENDENCIES\=YES
    export ENABLE_INCOMING_NETWORK_CONNECTIONS\=NO
    export ENABLE_ON_DEMAND_RESOURCES\=NO
    export ENABLE_OUTGOING_NETWORK_CONNECTIONS\=NO
    export ENABLE_POINTER_AUTHENTICATION\=NO
    export ENABLE_PREVIEWS\=NO
    export ENABLE_RESOURCE_ACCESS_AUDIO_INPUT\=NO
    export ENABLE_RESOURCE_ACCESS_BLUETOOTH\=NO
    export ENABLE_RESOURCE_ACCESS_CALENDARS\=NO
    export ENABLE_RESOURCE_ACCESS_CAMERA\=NO
    export ENABLE_RESOURCE_ACCESS_CONTACTS\=NO
    export ENABLE_RESOURCE_ACCESS_LOCATION\=NO
    export ENABLE_RESOURCE_ACCESS_PHOTO_LIBRARY\=NO
    export ENABLE_RESOURCE_ACCESS_PRINTING\=NO
    export ENABLE_RESOURCE_ACCESS_USB\=NO
    export ENABLE_SDK_IMPORTS\=NO
    export ENABLE_SECURITY_COMPILER_WARNINGS\=NO
    export ENABLE_STRICT_OBJC_MSGSEND\=YES
    export ENABLE_TESTABILITY\=YES
    export ENABLE_TESTING_SEARCH_PATHS\=NO
    export ENABLE_USER_SCRIPT_SANDBOXING\=NO
    export ENABLE_XOJIT_PREVIEWS\=YES
    export ENFORCE_VALID_ARCHS\=YES
    export ENTITLEMENTS_ALLOWED\=YES
    export ENTITLEMENTS_DESTINATION\=Signature
    export ENTITLEMENTS_REQUIRED\=NO
    export EXCLUDED_INSTALLSRC_SUBDIRECTORY_PATTERNS\=.DS_Store\ .svn\ .git\ .hg\ CVS
    export EXCLUDED_RECURSIVE_SEARCH_PATH_SUBDIRECTORIES\=\*.nib\ \*.lproj\ \*.framework\ \*.gch\ \*.xcode\*\ \*.xcassets\ \*.icon\ \(\*\)\ .DS_Store\ CVS\ .svn\ .git\ .hg\ \*.pbproj\ \*.pbxproj
    export EXECUTABLES_FOLDER_PATH\=Epistemos.app/Contents/Executables
    export EXECUTABLE_BLANK_INJECTION_DYLIB_PATH\=Epistemos.app/Contents/MacOS/__preview.dylib
    export EXECUTABLE_DEBUG_DYLIB_INSTALL_NAME\=@rpath/Epistemos.debug.dylib
    export EXECUTABLE_DEBUG_DYLIB_PATH\=Epistemos.app/Contents/MacOS/Epistemos.debug.dylib
    export EXECUTABLE_FOLDER_PATH\=Epistemos.app/Contents/MacOS
    export EXECUTABLE_FOLDER_PATH_SHALLOW_BUNDLE_NO\=Epistemos.app/Contents/MacOS
    export EXECUTABLE_FOLDER_PATH_SHALLOW_BUNDLE_YES\=Epistemos.app/Contents
    export EXECUTABLE_NAME\=Epistemos
    export EXECUTABLE_PATH\=Epistemos.app/Contents/MacOS/Epistemos
    export EXPANDED_CODE_SIGN_IDENTITY\=AF2DF77A5068B80690E18117FD187198AA7D10CE
    export EXPANDED_CODE_SIGN_IDENTITY_NAME\=Apple\ Development:\ jordantyrellconley@gmail.com\ \(AL562BVF23\)
    export EXPANDED_PROVISIONING_PROFILE\=567a964a-ddf9-4667-9638-edda205f9f19
    export EXTENSIONS_FOLDER_PATH\=Epistemos.app/Contents/Extensions
    export FILE_LIST\=/Users/jojo/Library/Developer/Xcode/DerivedData/Epistemos-ctkiyqxaarezsccbouumxcpfxvtl/Build/Intermediates.noindex/Epistemos.build/Debug/Epistemos.build/Objects/LinkFileList
    export FIXED_FILES_DIR\=/Users/jojo/Library/Developer/Xcode/DerivedData/Epistemos-ctkiyqxaarezsccbouumxcpfxvtl/Build/Intermediates.noindex/Epistemos.build/Debug/Epistemos.build/FixedFiles
    export FRAMEWORKS_FOLDER_PATH\=Epistemos.app/Contents/Frameworks
    export FRAMEWORK_FLAG_PREFIX\=-framework
    export FRAMEWORK_SEARCH_PATHS\=/Users/jojo/Library/Developer/Xcode/DerivedData/Epistemos-ctkiyqxaarezsccbouumxcpfxvtl/Build/Products/Debug/PackageFrameworks\ /Users/jojo/Library/Developer/Xcode/DerivedData/Epistemos-ctkiyqxaarezsccbouumxcpfxvtl/Build/Products/Debug/PackageFrameworks\ /Users/jojo/Library/Developer/Xcode/DerivedData/Epistemos-ctkiyqxaarezsccbouumxcpfxvtl/Build/Products/Debug/PackageFrameworks\ /Users/jojo/Library/Developer/Xcode/DerivedData/Epistemos-ctkiyqxaarezsccbouumxcpfxvtl/Build/Products/Debug/PackageFrameworks\ /Users/jojo/Library/Developer/Xcode/DerivedData/Epistemos-ctkiyqxaarezsccbouumxcpfxvtl/Build/Products/Debug/PackageFrameworks\ /Users/jojo/Library/Developer/Xcode/DerivedData/Epistemos-ctkiyqxaarezsccbouumxcpfxvtl/Build/Products/Debug/PackageFrameworks\ /Users/jojo/Library/Developer/Xcode/DerivedData/Epistemos-ctkiyqxaarezsccbouumxcpfxvtl/Build/Products/Debug/PackageFrameworks\ /Users/jojo/Library/Developer/Xcode/DerivedData/Epistemos-ctkiyqxaarezsccbouumxcpfxvtl/Build/Products/Debug/PackageFrameworks\ /Users/jojo/Library/Developer/Xcode/DerivedData/Epistemos-ctkiyqxaarezsccbouumxcpfxvtl/Build/Products/Debug/PackageFrameworks\ /Users/jojo/Library/Developer/Xcode/DerivedData/Epistemos-ctkiyqxaarezsccbouumxcpfxvtl/Build/Products/Debug/PackageFrameworks\ /Users/jojo/Library/Developer/Xcode/DerivedData/Epistemos-ctkiyqxaarezsccbouumxcpfxvtl/Build/Products/Debug/PackageFrameworks\ /Users/jojo/Library/Developer/Xcode/DerivedData/Epistemos-ctkiyqxaarezsccbouumxcpfxvtl/Build/Products/Debug/PackageFrameworks\ /Users/jojo/Library/Developer/Xcode/DerivedData/Epistemos-ctkiyqxaarezsccbouumxcpfxvtl/Build/Products/Debug/PackageFrameworks\ /Users/jojo/Library/Developer/Xcode/DerivedData/Epistemos-ctkiyqxaarezsccbouumxcpfxvtl/Build/Products/Debug/PackageFrameworks\ /Users/jojo/Library/Developer/Xcode/DerivedData/Epistemos-ctkiyqxaarezsccbouumxcpfxvtl/Build/Products/Debug/PackageFrameworks\ /Users/jojo/Library/Developer/Xcode/DerivedData/Epistemos-ctkiyqxaarezsccbouumxcpfxvtl/Build/Products/Debug/PackageFrameworks\ /Users/jojo/Library/Developer/Xcode/DerivedData/Epistemos-ctkiyqxaarezsccbouumxcpfxvtl/Build/Products/Debug/PackageFrameworks\ /Users/jojo/Library/Developer/Xcode/DerivedData/Epistemos-ctkiyqxaarezsccbouumxcpfxvtl/Build/Products/Debug/PackageFrameworks\ /Users/jojo/Library/Developer/Xcode/DerivedData/Epistemos-ctkiyqxaarezsccbouumxcpfxvtl/Build/Products/Debug/PackageFrameworks\ /Users/jojo/Library/Developer/Xcode/DerivedData/Epistemos-ctkiyqxaarezsccbouumxcpfxvtl/Build/Products/Debug/PackageFrameworks\ /Users/jojo/Library/Developer/Xcode/DerivedData/Epistemos-ctkiyqxaarezsccbouumxcpfxvtl/Build/Products/Debug/PackageFrameworks\ /Users/jojo/Library/Developer/Xcode/DerivedData/Epistemos-ctkiyqxaarezsccbouumxcpfxvtl/Build/Products/Debug/PackageFrameworks\ /Users/jojo/Library/Developer/Xcode/DerivedData/Epistemos-ctkiyqxaarezsccbouumxcpfxvtl/Build/Products/Debug/PackageFrameworks\ /Users/jojo/Library/Developer/Xcode/DerivedData/Epistemos-ctkiyqxaarezsccbouumxcpfxvtl/Build/Products/Debug/PackageFrameworks\ /Users/jojo/Library/Developer/Xcode/DerivedData/Epistemos-ctkiyqxaarezsccbouumxcpfxvtl/Build/Products/Debug/PackageFrameworks\ /Users/jojo/Library/Developer/Xcode/DerivedData/Epistemos-ctkiyqxaarezsccbouumxcpfxvtl/Build/Products/Debug/PackageFrameworks\ /Users/jojo/Library/Developer/Xcode/DerivedData/Epistemos-ctkiyqxaarezsccbouumxcpfxvtl/Build/Products/Debug/PackageFrameworks\ /Users/jojo/Library/Developer/Xcode/DerivedData/Epistemos-ctkiyqxaarezsccbouumxcpfxvtl/Build/Products/Debug/PackageFrameworks\ /Users/jojo/Library/Developer/Xcode/DerivedData/Epistemos-ctkiyqxaarezsccbouumxcpfxvtl/Build/Products/Debug/PackageFrameworks\ /Users/jojo/Library/Developer/Xcode/DerivedData/Epistemos-ctkiyqxaarezsccbouumxcpfxvtl/Build/Products/Debug/PackageFrameworks\ /Users/jojo/Library/Developer/Xcode/DerivedData/Epistemos-ctkiyqxaarezsccbouumxcpfxvtl/Build/Products/Debug/PackageFrameworks\ /Users/jojo/Library/Developer/Xcode/DerivedData/Epistemos-ctkiyqxaarezsccbouumxcpfxvtl/Build/Products/Debug/PackageFrameworks\ /Users/jojo/Library/Developer/Xcode/DerivedData/Epistemos-ctkiyqxaarezsccbouumxcpfxvtl/Build/Products/Debug/PackageFrameworks\ /Users/jojo/Library/Developer/Xcode/DerivedData/Epistemos-ctkiyqxaarezsccbouumxcpfxvtl/Build/Products/Debug/PackageFrameworks\ /Users/jojo/Library/Developer/Xcode/DerivedData/Epistemos-ctkiyqxaarezsccbouumxcpfxvtl/Build/Products/Debug/PackageFrameworks\ /Users/jojo/Library/Developer/Xcode/DerivedData/Epistemos-ctkiyqxaarezsccbouumxcpfxvtl/Build/Products/Debug/PackageFrameworks\ /Users/jojo/Library/Developer/Xcode/DerivedData/Epistemos-ctkiyqxaarezsccbouumxcpfxvtl/Build/Products/Debug/PackageFrameworks\ /Users/jojo/Library/Developer/Xcode/DerivedData/Epistemos-ctkiyqxaarezsccbouumxcpfxvtl/Build/Products/Debug/PackageFrameworks\ /Users/jojo/Library/Developer/Xcode/DerivedData/Epistemos-ctkiyqxaarezsccbouumxcpfxvtl/Build/Products/Debug/PackageFrameworks\ /Users/jojo/Library/Developer/Xcode/DerivedData/Epistemos-ctkiyqxaarezsccbouumxcpfxvtl/Build/Products/Debug/PackageFrameworks\ /Users/jojo/Library/Developer/Xcode/DerivedData/Epistemos-ctkiyqxaarezsccbouumxcpfxvtl/Build/Products/Debug/PackageFrameworks\ /Users/jojo/Library/Developer/Xcode/DerivedData/Epistemos-ctkiyqxaarezsccbouumxcpfxvtl/Build/Products/Debug/PackageFrameworks\ /Users/jojo/Library/Developer/Xcode/DerivedData/Epistemos-ctkiyqxaarezsccbouumxcpfxvtl/Build/Products/Debug/PackageFrameworks\ /Users/jojo/Library/Developer/Xcode/DerivedData/Epistemos-ctkiyqxaarezsccbouumxcpfxvtl/Build/Products/Debug/PackageFrameworks\ /Users/jojo/Library/Developer/Xcode/DerivedData/Epistemos-ctkiyqxaarezsccbouumxcpfxvtl/Build/Products/Debug/PackageFrameworks\ /Users/jojo/Library/Developer/Xcode/DerivedData/Epistemos-ctkiyqxaarezsccbouumxcpfxvtl/Build/Products/Debug/PackageFrameworks\ /Users/jojo/Library/Developer/Xcode/DerivedData/Epistemos-ctkiyqxaarezsccbouumxcpfxvtl/Build/Products/Debug/PackageFrameworks\ /Users/jojo/Library/Developer/Xcode/DerivedData/Epistemos-ctkiyqxaarezsccbouumxcpfxvtl/Build/Products/Debug/PackageFrameworks\ /Users/jojo/Library/Developer/Xcode/DerivedData/Epistemos-ctkiyqxaarezsccbouumxcpfxvtl/Build/Products/Debug/PackageFrameworks\ /Users/jojo/Library/Developer/Xcode/DerivedData/Epistemos-ctkiyqxaarezsccbouumxcpfxvtl/Build/Products/Debug/PackageFrameworks\ /Users/jojo/Library/Developer/Xcode/DerivedData/Epistemos-ctkiyqxaarezsccbouumxcpfxvtl/Build/Products/Debug/PackageFrameworks\ /Users/jojo/Library/Developer/Xcode/DerivedData/Epistemos-ctkiyqxaarezsccbouumxcpfxvtl/Build/Products/Debug/PackageFrameworks\ /Users/jojo/Library/Developer/Xcode/DerivedData/Epistemos-ctkiyqxaarezsccbouumxcpfxvtl/Build/Products/Debug/PackageFrameworks\ /Users/jojo/Library/Developer/Xcode/DerivedData/Epistemos-ctkiyqxaarezsccbouumxcpfxvtl/Build/Products/Debug/PackageFrameworks\ /Users/jojo/Library/Developer/Xcode/DerivedData/Epistemos-ctkiyqxaarezsccbouumxcpfxvtl/Build/Products/Debug/PackageFrameworks\ /Users/jojo/Library/Developer/Xcode/DerivedData/Epistemos-ctkiyqxaarezsccbouumxcpfxvtl/Build/Products/Debug/PackageFrameworks\ /Users/jojo/Library/Developer/Xcode/DerivedData/Epistemos-ctkiyqxaarezsccbouumxcpfxvtl/Build/Products/Debug/PackageFrameworks\ /Users/jojo/Library/Developer/Xcode/DerivedData/Epistemos-ctkiyqxaarezsccbouumxcpfxvtl/Build/Products/Debug/PackageFrameworks\ /Users/jojo/Library/Developer/Xcode/DerivedData/Epistemos-ctkiyqxaarezsccbouumxcpfxvtl/Build/Products/Debug/PackageFrameworks\ /Users/jojo/Library/Developer/Xcode/DerivedData/Epistemos-ctkiyqxaarezsccbouumxcpfxvtl/Build/Products/Debug/PackageFrameworks\ /Users/jojo/Library/Developer/Xcode/DerivedData/Epistemos-ctkiyqxaarezsccbouumxcpfxvtl/Build/Products/Debug/PackageFrameworks\ /Users/jojo/Library/Developer/Xcode/DerivedData/Epistemos-ctkiyqxaarezsccbouumxcpfxvtl/Build/Products/Debug/PackageFrameworks\ /Users/jojo/Library/Developer/Xcode/DerivedData/Epistemos-ctkiyqxaarezsccbouumxcpfxvtl/Build/Products/Debug\
    export FRAMEWORK_VERSION\=A
    export FULL_PRODUCT_NAME\=Epistemos.app
    export FUSE_BUILD_PHASES\=YES
    export FUSE_BUILD_SCRIPT_PHASES\=NO
    export GCC3_VERSION\=3.3
    export GCC_C_LANGUAGE_STANDARD\=gnu11
    export GCC_DYNAMIC_NO_PIC\=NO
    export GCC_GENERATE_DEBUGGING_SYMBOLS\=YES
    export GCC_INLINES_ARE_PRIVATE_EXTERN\=YES
    export GCC_NO_COMMON_BLOCKS\=YES
    export GCC_OPTIMIZATION_LEVEL\=0
    export GCC_PFE_FILE_C_DIALECTS\=c\ objective-c\ c++\ objective-c++
    export GCC_PREPROCESSOR_DEFINITIONS\=\ DEBUG\=1
    export GCC_SYMBOLS_PRIVATE_EXTERN\=NO
    export GCC_TREAT_WARNINGS_AS_ERRORS\=NO
    export GCC_VERSION\=com.apple.compilers.llvm.clang.1_0
    export GCC_VERSION_IDENTIFIER\=com_apple_compilers_llvm_clang_1_0
    export GCC_WARN_64_TO_32_BIT_CONVERSION\=YES
    export GCC_WARN_ABOUT_RETURN_TYPE\=YES_ERROR
    export GCC_WARN_UNDECLARED_SELECTOR\=YES
    export GCC_WARN_UNINITIALIZED_AUTOS\=YES_AGGRESSIVE
    export GCC_WARN_UNUSED_FUNCTION\=YES
    export GCC_WARN_UNUSED_VARIABLE\=YES
    export GENERATED_MODULEMAP_DIR\=/Users/jojo/Library/Developer/Xcode/DerivedData/Epistemos-ctkiyqxaarezsccbouumxcpfxvtl/Build/Intermediates.noindex/GeneratedModuleMaps
    export GENERATE_INFOPLIST_FILE\=NO
    export GENERATE_INTERMEDIATE_TEXT_BASED_STUBS\=YES
    export GENERATE_PKGINFO_FILE\=YES
    export GENERATE_PRELINK_OBJECT_FILE\=NO
    export GENERATE_PROFILING_CODE\=NO
    export GENERATE_TEXT_BASED_STUBS\=NO
    export GID\=20
    export GROUP\=staff
    export HEADERMAP_INCLUDES_FLAT_ENTRIES_FOR_TARGET_BEING_BUILT\=YES
    export HEADERMAP_INCLUDES_FRAMEWORK_ENTRIES_FOR_ALL_PRODUCT_TYPES\=YES
    export HEADERMAP_INCLUDES_FRAMEWORK_ENTRIES_FOR_TARGETS_NOT_BEING_BUILT\=YES
    export HEADERMAP_INCLUDES_NONPUBLIC_NONPRIVATE_HEADERS\=YES
    export HEADERMAP_INCLUDES_PROJECT_HEADERS\=YES
    export HEADERMAP_USES_FRAMEWORK_PREFIX_ENTRIES\=YES
    export HEADERMAP_USES_VFS\=NO
    export HEADER_SEARCH_PATHS\=/Users/jojo/Library/Developer/Xcode/DerivedData/Epistemos-ctkiyqxaarezsccbouumxcpfxvtl/SourcePackages/checkouts/swift-atomics/Sources/_AtomicsShims/include\ /Users/jojo/Library/Developer/Xcode/DerivedData/Epistemos-ctkiyqxaarezsccbouumxcpfxvtl/SourcePackages/checkouts/swift-nio/Sources/CNIOWASI/include\ /Users/jojo/Library/Developer/Xcode/DerivedData/Epistemos-ctkiyqxaarezsccbouumxcpfxvtl/SourcePackages/checkouts/swift-nio/Sources/CNIOWindows/include\ /Users/jojo/Library/Developer/Xcode/DerivedData/Epistemos-ctkiyqxaarezsccbouumxcpfxvtl/SourcePackages/checkouts/swift-nio/Sources/CNIOLinux/include\ /Users/jojo/Library/Developer/Xcode/DerivedData/Epistemos-ctkiyqxaarezsccbouumxcpfxvtl/SourcePackages/checkouts/swift-nio/Sources/CNIODarwin/include\ /Users/jojo/Library/Developer/Xcode/DerivedData/Epistemos-ctkiyqxaarezsccbouumxcpfxvtl/SourcePackages/checkouts/swift-nio/Sources/CNIOOpenBSD/include\ /Users/jojo/Library/Developer/Xcode/DerivedData/Epistemos-ctkiyqxaarezsccbouumxcpfxvtl/SourcePackages/checkouts/swift-nio/Sources/CNIOAtomics/include\ /Users/jojo/Library/Developer/Xcode/DerivedData/Epistemos-ctkiyqxaarezsccbouumxcpfxvtl/SourcePackages/checkouts/swift-numerics/Sources/_NumericsShims/include\ /Users/jojo/Library/Developer/Xcode/DerivedData/Epistemos-ctkiyqxaarezsccbouumxcpfxvtl/SourcePackages/checkouts/mlx-swift/Source/Cmlx/include\ /Users/jojo/Library/Developer/Xcode/DerivedData/Epistemos-ctkiyqxaarezsccbouumxcpfxvtl/SourcePackages/checkouts/CodeEditTextView/Sources/CodeEditTextViewObjC/include\ /Users/jojo/Library/Developer/Xcode/DerivedData/Epistemos-ctkiyqxaarezsccbouumxcpfxvtl/SourcePackages/checkouts/TextStory/Sources/Internal/.\ /Users/jojo/Library/Developer/Xcode/DerivedData/Epistemos-ctkiyqxaarezsccbouumxcpfxvtl/SourcePackages/checkouts/tree-sitter/lib/include\ /Users/jojo/Library/Developer/Xcode/DerivedData/Epistemos-ctkiyqxaarezsccbouumxcpfxvtl/SourcePackages/checkouts/yyjson/src\ /Users/jojo/Library/Developer/Xcode/DerivedData/Epistemos-ctkiyqxaarezsccbouumxcpfxvtl/SourcePackages/checkouts/mlx-swift-structured/Sources/CMLXStructured/include\ /Users/jojo/Library/Developer/Xcode/DerivedData/Epistemos-ctkiyqxaarezsccbouumxcpfxvtl/Build/Products/Debug/include\
    export HOME\=/Users/jojo
    export HOST_ARCH\=arm64
    export HOST_PLATFORM\=macosx
    export ICONV\=/usr/bin/iconv
    export IMPLICIT_DEPENDENCY_DOMAIN\=default
    export INDEX_STORE_COMPRESS\=NO
    export INDEX_STORE_ONLY_PROJECT_FILES\=NO
    export INFOPLIST_ENABLE_CFBUNDLEICONS_MERGE\=YES
    export INFOPLIST_EXPAND_BUILD_SETTINGS\=YES
    export INFOPLIST_FILE\=Epistemos-Info.plist
    export INFOPLIST_OUTPUT_FORMAT\=same-as-input
    export INFOPLIST_PATH\=Epistemos.app/Contents/Info.plist
    export INFOPLIST_PREPROCESS\=NO
    export INFOSTRINGS_PATH\=Epistemos.app/Contents/Resources/en.lproj/InfoPlist.strings
    export INLINE_PRIVATE_FRAMEWORKS\=NO
    export INSTALLAPI_IGNORE_SKIP_INSTALL\=YES
    export INSTALLHDRS_COPY_PHASE\=NO
    export INSTALLHDRS_SCRIPT_PHASE\=NO
    export INSTALL_DIR\=/tmp/Epistemos.dst/Applications
    export INSTALL_GROUP\=staff
    export INSTALL_MODE_FLAG\=u+w,go-w,a+rX
    export INSTALL_OWNER\=jojo
    export INSTALL_PATH\=/Applications
    export INSTALL_ROOT\=/tmp/Epistemos.dst
    export IOS_UNZIPPERED_TWIN_PREFIX_PATH\=/System/iOSSupport
    export IS_MACCATALYST\=NO
    export IS_UNOPTIMIZED_BUILD\=YES
    export JAVAC_DEFAULT_FLAGS\=-J-Xms64m\ -J-XX:NewSize\=4M\ -J-Dfile.encoding\=UTF8
    export JAVA_APP_STUB\=/System/Library/Frameworks/JavaVM.framework/Resources/MacOS/JavaApplicationStub
    export JAVA_ARCHIVE_CLASSES\=YES
    export JAVA_ARCHIVE_TYPE\=JAR
    export JAVA_COMPILER\=/usr/bin/javac
    export JAVA_FOLDER_PATH\=Epistemos.app/Contents/Resources/Java
    export JAVA_FRAMEWORK_RESOURCES_DIRS\=Resources
    export JAVA_JAR_FLAGS\=cv
    export JAVA_SOURCE_SUBDIR\=.
    export JAVA_USE_DEPENDENCIES\=YES
    export JAVA_ZIP_FLAGS\=-urg
    export JIKES_DEFAULT_FLAGS\=+E\ +OLDCSO
    export KASAN_CFLAGS_CLASSIC\=-DKASAN\=1\ -DKASAN_CLASSIC\=1\ -fsanitize\=address\ -mllvm\ -asan-globals-live-support\ -mllvm\ -asan-force-dynamic-shadow
    export KASAN_CFLAGS_TBI\=-DKASAN\=1\ -DKASAN_TBI\=1\ -fsanitize\=kernel-hwaddress\ -mllvm\ -hwasan-recover\=0\ -mllvm\ -hwasan-instrument-atomics\=0\ -mllvm\ -hwasan-instrument-stack\=1\ -mllvm\ -hwasan-generate-tags-with-calls\=1\ -mllvm\ -hwasan-instrument-with-calls\=1\ -mllvm\ -hwasan-use-short-granules\=0\ -mllvm\ -hwasan-memory-access-callback-prefix\=__asan_
    export KASAN_DEFAULT_CFLAGS\=-DKASAN\=1\ -DKASAN_CLASSIC\=1\ -fsanitize\=address\ -mllvm\ -asan-globals-live-support\ -mllvm\ -asan-force-dynamic-shadow
    export KEEP_PRIVATE_EXTERNS\=NO
    export LD_DEPENDENCY_INFO_FILE\=/Users/jojo/Library/Developer/Xcode/DerivedData/Epistemos-ctkiyqxaarezsccbouumxcpfxvtl/Build/Intermediates.noindex/Epistemos.build/Debug/Epistemos.build/Objects-normal/undefined_arch/Epistemos_dependency_info.dat
    export LD_EXPORT_SYMBOLS\=YES
    export LD_GENERATE_MAP_FILE\=NO
    export LD_MAP_FILE_PATH\=/Users/jojo/Library/Developer/Xcode/DerivedData/Epistemos-ctkiyqxaarezsccbouumxcpfxvtl/Build/Intermediates.noindex/Epistemos.build/Debug/Epistemos.build/Epistemos-LinkMap-normal-undefined_arch.txt
    export LD_NO_PIE\=NO
    export LD_QUOTE_LINKER_ARGUMENTS_FOR_COMPILER_DRIVER\=YES
    export LD_RUNPATH_SEARCH_PATHS\=/Users/jojo/Library/Developer/Xcode/DerivedData/Epistemos-ctkiyqxaarezsccbouumxcpfxvtl/Build/Products/Debug/PackageFrameworks\ /Users/jojo/Library/Developer/Xcode/DerivedData/Epistemos-ctkiyqxaarezsccbouumxcpfxvtl/Build/Products/Debug/PackageFrameworks\ /Users/jojo/Library/Developer/Xcode/DerivedData/Epistemos-ctkiyqxaarezsccbouumxcpfxvtl/Build/Products/Debug/PackageFrameworks\ /Users/jojo/Library/Developer/Xcode/DerivedData/Epistemos-ctkiyqxaarezsccbouumxcpfxvtl/Build/Products/Debug/PackageFrameworks\ /Users/jojo/Library/Developer/Xcode/DerivedData/Epistemos-ctkiyqxaarezsccbouumxcpfxvtl/Build/Products/Debug/PackageFrameworks\ /Users/jojo/Library/Developer/Xcode/DerivedData/Epistemos-ctkiyqxaarezsccbouumxcpfxvtl/Build/Products/Debug/PackageFrameworks\ /Users/jojo/Library/Developer/Xcode/DerivedData/Epistemos-ctkiyqxaarezsccbouumxcpfxvtl/Build/Products/Debug/PackageFrameworks\ /Users/jojo/Library/Developer/Xcode/DerivedData/Epistemos-ctkiyqxaarezsccbouumxcpfxvtl/Build/Products/Debug/PackageFrameworks\ /Users/jojo/Library/Developer/Xcode/DerivedData/Epistemos-ctkiyqxaarezsccbouumxcpfxvtl/Build/Products/Debug/PackageFrameworks\ /Users/jojo/Library/Developer/Xcode/DerivedData/Epistemos-ctkiyqxaarezsccbouumxcpfxvtl/Build/Products/Debug/PackageFrameworks\ /Users/jojo/Library/Developer/Xcode/DerivedData/Epistemos-ctkiyqxaarezsccbouumxcpfxvtl/Build/Products/Debug/PackageFrameworks\ /Users/jojo/Library/Developer/Xcode/DerivedData/Epistemos-ctkiyqxaarezsccbouumxcpfxvtl/Build/Products/Debug/PackageFrameworks\ /Users/jojo/Library/Developer/Xcode/DerivedData/Epistemos-ctkiyqxaarezsccbouumxcpfxvtl/Build/Products/Debug/PackageFrameworks\ /Users/jojo/Library/Developer/Xcode/DerivedData/Epistemos-ctkiyqxaarezsccbouumxcpfxvtl/Build/Products/Debug/PackageFrameworks\ /Users/jojo/Library/Developer/Xcode/DerivedData/Epistemos-ctkiyqxaarezsccbouumxcpfxvtl/Build/Products/Debug/PackageFrameworks\ /Users/jojo/Library/Developer/Xcode/DerivedData/Epistemos-ctkiyqxaarezsccbouumxcpfxvtl/Build/Products/Debug/PackageFrameworks\ /Users/jojo/Library/Developer/Xcode/DerivedData/Epistemos-ctkiyqxaarezsccbouumxcpfxvtl/Build/Products/Debug/PackageFrameworks\ /Users/jojo/Library/Developer/Xcode/DerivedData/Epistemos-ctkiyqxaarezsccbouumxcpfxvtl/Build/Products/Debug/PackageFrameworks\ /Users/jojo/Library/Developer/Xcode/DerivedData/Epistemos-ctkiyqxaarezsccbouumxcpfxvtl/Build/Products/Debug/PackageFrameworks\ /Users/jojo/Library/Developer/Xcode/DerivedData/Epistemos-ctkiyqxaarezsccbouumxcpfxvtl/Build/Products/Debug/PackageFrameworks\ /Users/jojo/Library/Developer/Xcode/DerivedData/Epistemos-ctkiyqxaarezsccbouumxcpfxvtl/Build/Products/Debug/PackageFrameworks\ /Users/jojo/Library/Developer/Xcode/DerivedData/Epistemos-ctkiyqxaarezsccbouumxcpfxvtl/Build/Products/Debug/PackageFrameworks\ /Users/jojo/Library/Developer/Xcode/DerivedData/Epistemos-ctkiyqxaarezsccbouumxcpfxvtl/Build/Products/Debug/PackageFrameworks\ /Users/jojo/Library/Developer/Xcode/DerivedData/Epistemos-ctkiyqxaarezsccbouumxcpfxvtl/Build/Products/Debug/PackageFrameworks\ /Users/jojo/Library/Developer/Xcode/DerivedData/Epistemos-ctkiyqxaarezsccbouumxcpfxvtl/Build/Products/Debug/PackageFrameworks\ /Users/jojo/Library/Developer/Xcode/DerivedData/Epistemos-ctkiyqxaarezsccbouumxcpfxvtl/Build/Products/Debug/PackageFrameworks\ /Users/jojo/Library/Developer/Xcode/DerivedData/Epistemos-ctkiyqxaarezsccbouumxcpfxvtl/Build/Products/Debug/PackageFrameworks\ /Users/jojo/Library/Developer/Xcode/DerivedData/Epistemos-ctkiyqxaarezsccbouumxcpfxvtl/Build/Products/Debug/PackageFrameworks\ /Users/jojo/Library/Developer/Xcode/DerivedData/Epistemos-ctkiyqxaarezsccbouumxcpfxvtl/Build/Products/Debug/PackageFrameworks\ /Users/jojo/Library/Developer/Xcode/DerivedData/Epistemos-ctkiyqxaarezsccbouumxcpfxvtl/Build/Products/Debug/PackageFrameworks\ /Users/jojo/Library/Developer/Xcode/DerivedData/Epistemos-ctkiyqxaarezsccbouumxcpfxvtl/Build/Products/Debug/PackageFrameworks\ /Users/jojo/Library/Developer/Xcode/DerivedData/Epistemos-ctkiyqxaarezsccbouumxcpfxvtl/Build/Products/Debug/PackageFrameworks\ /Users/jojo/Library/Developer/Xcode/DerivedData/Epistemos-ctkiyqxaarezsccbouumxcpfxvtl/Build/Products/Debug/PackageFrameworks\ /Users/jojo/Library/Developer/Xcode/DerivedData/Epistemos-ctkiyqxaarezsccbouumxcpfxvtl/Build/Products/Debug/PackageFrameworks\ /Users/jojo/Library/Developer/Xcode/DerivedData/Epistemos-ctkiyqxaarezsccbouumxcpfxvtl/Build/Products/Debug/PackageFrameworks\ /Users/jojo/Library/Developer/Xcode/DerivedData/Epistemos-ctkiyqxaarezsccbouumxcpfxvtl/Build/Products/Debug/PackageFrameworks\ /Users/jojo/Library/Developer/Xcode/DerivedData/Epistemos-ctkiyqxaarezsccbouumxcpfxvtl/Build/Products/Debug/PackageFrameworks\ /Users/jojo/Library/Developer/Xcode/DerivedData/Epistemos-ctkiyqxaarezsccbouumxcpfxvtl/Build/Products/Debug/PackageFrameworks\ /Users/jojo/Library/Developer/Xcode/DerivedData/Epistemos-ctkiyqxaarezsccbouumxcpfxvtl/Build/Products/Debug/PackageFrameworks\ /Users/jojo/Library/Developer/Xcode/DerivedData/Epistemos-ctkiyqxaarezsccbouumxcpfxvtl/Build/Products/Debug/PackageFrameworks\ /Users/jojo/Library/Developer/Xcode/DerivedData/Epistemos-ctkiyqxaarezsccbouumxcpfxvtl/Build/Products/Debug/PackageFrameworks\ /Users/jojo/Library/Developer/Xcode/DerivedData/Epistemos-ctkiyqxaarezsccbouumxcpfxvtl/Build/Products/Debug/PackageFrameworks\ /Users/jojo/Library/Developer/Xcode/DerivedData/Epistemos-ctkiyqxaarezsccbouumxcpfxvtl/Build/Products/Debug/PackageFrameworks\ /Users/jojo/Library/Developer/Xcode/DerivedData/Epistemos-ctkiyqxaarezsccbouumxcpfxvtl/Build/Products/Debug/PackageFrameworks\ /Users/jojo/Library/Developer/Xcode/DerivedData/Epistemos-ctkiyqxaarezsccbouumxcpfxvtl/Build/Products/Debug/PackageFrameworks\ /Users/jojo/Library/Developer/Xcode/DerivedData/Epistemos-ctkiyqxaarezsccbouumxcpfxvtl/Build/Products/Debug/PackageFrameworks\ /Users/jojo/Library/Developer/Xcode/DerivedData/Epistemos-ctkiyqxaarezsccbouumxcpfxvtl/Build/Products/Debug/PackageFrameworks\ /Users/jojo/Library/Developer/Xcode/DerivedData/Epistemos-ctkiyqxaarezsccbouumxcpfxvtl/Build/Products/Debug/PackageFrameworks\ /Users/jojo/Library/Developer/Xcode/DerivedData/Epistemos-ctkiyqxaarezsccbouumxcpfxvtl/Build/Products/Debug/PackageFrameworks\ /Users/jojo/Library/Developer/Xcode/DerivedData/Epistemos-ctkiyqxaarezsccbouumxcpfxvtl/Build/Products/Debug/PackageFrameworks\ /Users/jojo/Library/Developer/Xcode/DerivedData/Epistemos-ctkiyqxaarezsccbouumxcpfxvtl/Build/Products/Debug/PackageFrameworks\ /Users/jojo/Library/Developer/Xcode/DerivedData/Epistemos-ctkiyqxaarezsccbouumxcpfxvtl/Build/Products/Debug/PackageFrameworks\ /Users/jojo/Library/Developer/Xcode/DerivedData/Epistemos-ctkiyqxaarezsccbouumxcpfxvtl/Build/Products/Debug/PackageFrameworks\ /Users/jojo/Library/Developer/Xcode/DerivedData/Epistemos-ctkiyqxaarezsccbouumxcpfxvtl/Build/Products/Debug/PackageFrameworks\ /Users/jojo/Library/Developer/Xcode/DerivedData/Epistemos-ctkiyqxaarezsccbouumxcpfxvtl/Build/Products/Debug/PackageFrameworks\ /Users/jojo/Library/Developer/Xcode/DerivedData/Epistemos-ctkiyqxaarezsccbouumxcpfxvtl/Build/Products/Debug/PackageFrameworks\ /Users/jojo/Library/Developer/Xcode/DerivedData/Epistemos-ctkiyqxaarezsccbouumxcpfxvtl/Build/Products/Debug/PackageFrameworks\ /Users/jojo/Library/Developer/Xcode/DerivedData/Epistemos-ctkiyqxaarezsccbouumxcpfxvtl/Build/Products/Debug/PackageFrameworks\ /Users/jojo/Library/Developer/Xcode/DerivedData/Epistemos-ctkiyqxaarezsccbouumxcpfxvtl/Build/Products/Debug/PackageFrameworks\ /Users/jojo/Library/Developer/Xcode/DerivedData/Epistemos-ctkiyqxaarezsccbouumxcpfxvtl/Build/Products/Debug/PackageFrameworks\ /Users/jojo/Library/Developer/Xcode/DerivedData/Epistemos-ctkiyqxaarezsccbouumxcpfxvtl/Build/Products/Debug/PackageFrameworks\ /Users/jojo/Library/Developer/Xcode/DerivedData/Epistemos-ctkiyqxaarezsccbouumxcpfxvtl/Build/Products/Debug/PackageFrameworks\ @executable_path\ @executable_path/../Frameworks\ @loader_path/../Frameworks
    export LD_RUNPATH_SEARCH_PATHS_YES\=@loader_path/../Frameworks
    export LD_SHARED_CACHE_ELIGIBLE\=Automatic
    export LD_WARN_DUPLICATE_LIBRARIES\=NO
    export LD_WARN_UNUSED_DYLIBS\=NO
    export LEGACY_DEVELOPER_DIR\=/Applications/Xcode.app/Contents/PlugIns/Xcode3Core.ideplugin/Contents/SharedSupport/Developer
    export LEX\=lex
    export LIBRARY_DEXT_INSTALL_PATH\=/Library/DriverExtensions
    export LIBRARY_FLAG_NOSPACE\=YES
    export LIBRARY_FLAG_PREFIX\=-l
    export LIBRARY_KEXT_INSTALL_PATH\=/Library/Extensions
    export LIBRARY_SEARCH_PATHS\=/Users/jojo/Library/Developer/Xcode/DerivedData/Epistemos-ctkiyqxaarezsccbouumxcpfxvtl/Build/Products/Debug\
    export LINKER_DISPLAYS_MANGLED_NAMES\=NO
    export LINK_FILE_LIST_normal_arm64\=/Users/jojo/Library/Developer/Xcode/DerivedData/Epistemos-ctkiyqxaarezsccbouumxcpfxvtl/Build/Intermediates.noindex/Epistemos.build/Debug/Epistemos.build/Objects-normal/arm64/Epistemos.LinkFileList
    export LINK_OBJC_RUNTIME\=YES
    export LINK_WITH_STANDARD_LIBRARIES\=YES
    export LLVM_TARGET_TRIPLE_OS_VERSION\=macos26.0
    export LLVM_TARGET_TRIPLE_OS_VERSION_NO\=macos26.0
    export LLVM_TARGET_TRIPLE_OS_VERSION_YES\=macos26.4
    export LLVM_TARGET_TRIPLE_VENDOR\=apple
    export LM_AUX_CONST_METADATA_LIST_PATH_normal_arm64\=/Users/jojo/Library/Developer/Xcode/DerivedData/Epistemos-ctkiyqxaarezsccbouumxcpfxvtl/Build/Intermediates.noindex/Epistemos.build/Debug/Epistemos.build/Objects-normal/arm64/Epistemos.SwiftConstValuesFileList
    export LOCALIZATION_EXPORT_SUPPORTED\=YES
    export LOCALIZATION_PREFERS_STRING_CATALOGS\=NO
    export LOCALIZED_RESOURCES_FOLDER_PATH\=Epistemos.app/Contents/Resources/en.lproj
    export LOCALIZED_STRING_CODE_COMMENTS\=NO
    export LOCALIZED_STRING_MACRO_NAMES\=NSLocalizedString\ CFCopyLocalizedString
    export LOCALIZED_STRING_SWIFTUI_SUPPORT\=YES
    export LOCAL_ADMIN_APPS_DIR\=/Applications/Utilities
    export LOCAL_APPS_DIR\=/Applications
    export LOCAL_DEVELOPER_DIR\=/Library/Developer
    export LOCAL_LIBRARY_DIR\=/Library
    export LOCROOT\=/Users/jojo/Downloads/Epistemos
    export LOCSYMROOT\=/Users/jojo/Downloads/Epistemos
    export MACH_O_TYPE\=mh_execute
    export MACOSX_DEPLOYMENT_TARGET\=26.0
    export MAC_OS_X_PRODUCT_BUILD_VERSION\=25D2128
    export MAC_OS_X_VERSION_ACTUAL\=260301
    export MAC_OS_X_VERSION_MAJOR\=260000
    export MAC_OS_X_VERSION_MINOR\=260300
    export MAKE_MERGEABLE\=NO
    export MERGEABLE_LIBRARY\=NO
    export MERGED_BINARY_TYPE\=none
    export MERGE_LINKED_LIBRARIES\=NO
    export METAL_LIBRARY_FILE_BASE\=default
    export METAL_LIBRARY_OUTPUT_DIR\=/Users/jojo/Library/Developer/Xcode/DerivedData/Epistemos-ctkiyqxaarezsccbouumxcpfxvtl/Build/Products/Debug/Epistemos.app/Contents/Resources
    export MODULES_FOLDER_PATH\=Epistemos.app/Contents/Modules
    export MODULE_CACHE_DIR\=/Users/jojo/Library/Developer/Xcode/DerivedData/ModuleCache.noindex
    export MTL_ENABLE_DEBUG_INFO\=INCLUDE_SOURCE
    export MTL_FAST_MATH\=YES
    export NATIVE_ARCH\=arm64
    export NATIVE_ARCH_32_BIT\=arm
    export NATIVE_ARCH_64_BIT\=arm64
    export NATIVE_ARCH_ACTUAL\=arm64
    export NO_COMMON\=YES
    export OBJECT_FILE_DIR\=/Users/jojo/Library/Developer/Xcode/DerivedData/Epistemos-ctkiyqxaarezsccbouumxcpfxvtl/Build/Intermediates.noindex/Epistemos.build/Debug/Epistemos.build/Objects
    export OBJECT_FILE_DIR_normal\=/Users/jojo/Library/Developer/Xcode/DerivedData/Epistemos-ctkiyqxaarezsccbouumxcpfxvtl/Build/Intermediates.noindex/Epistemos.build/Debug/Epistemos.build/Objects-normal
    export OBJROOT\=/Users/jojo/Library/Developer/Xcode/DerivedData/Epistemos-ctkiyqxaarezsccbouumxcpfxvtl/Build/Intermediates.noindex
    export ONLY_ACTIVE_ARCH\=YES
    export OS\=MACOS
    export OSAC\=/usr/bin/osacompile
    export OTHER_CFLAGS\=-fmodule-map-file\=/Users/jojo/Library/Developer/Xcode/DerivedData/Epistemos-ctkiyqxaarezsccbouumxcpfxvtl/Build/Intermediates.noindex/GeneratedModuleMaps/Logging.modulemap\ -fmodule-map-file\=/Users/jojo/Library/Developer/Xcode/DerivedData/Epistemos-ctkiyqxaarezsccbouumxcpfxvtl/Build/Intermediates.noindex/GeneratedModuleMaps/AXorcist.modulemap\ -fmodule-map-file\=/Users/jojo/Library/Developer/Xcode/DerivedData/Epistemos-ctkiyqxaarezsccbouumxcpfxvtl/SourcePackages/checkouts/GRDB.swift/Sources/GRDBSQLite/module.modulemap\ -fmodule-map-file\=/Users/jojo/Library/Developer/Xcode/DerivedData/Epistemos-ctkiyqxaarezsccbouumxcpfxvtl/Build/Intermediates.noindex/GeneratedModuleMaps/GRDB.modulemap\ -fmodule-map-file\=/Users/jojo/Library/Developer/Xcode/DerivedData/Epistemos-ctkiyqxaarezsccbouumxcpfxvtl/Build/Intermediates.noindex/GeneratedModuleMaps/ForceSimulation.modulemap\ -fmodule-map-file\=/Users/jojo/Library/Developer/Xcode/DerivedData/Epistemos-ctkiyqxaarezsccbouumxcpfxvtl/Build/Intermediates.noindex/GeneratedModuleMaps/Grape.modulemap\ -fmodule-map-file\=/Users/jojo/Library/Developer/Xcode/DerivedData/Epistemos-ctkiyqxaarezsccbouumxcpfxvtl/Build/Intermediates.noindex/GeneratedModuleMaps/Atomics.modulemap\ -fmodule-map-file\=/Users/jojo/Library/Developer/Xcode/DerivedData/Epistemos-ctkiyqxaarezsccbouumxcpfxvtl/Build/Intermediates.noindex/GeneratedModuleMaps/_NIODataStructures.modulemap\ -fmodule-map-file\=/Users/jojo/Library/Developer/Xcode/DerivedData/Epistemos-ctkiyqxaarezsccbouumxcpfxvtl/Build/Intermediates.noindex/GeneratedModuleMaps/CNIOWASI.modulemap\ -fmodule-map-file\=/Users/jojo/Library/Developer/Xcode/DerivedData/Epistemos-ctkiyqxaarezsccbouumxcpfxvtl/Build/Intermediates.noindex/GeneratedModuleMaps/CNIOLinux.modulemap\ -fmodule-map-file\=/Users/jojo/Library/Developer/Xcode/DerivedData/Epistemos-ctkiyqxaarezsccbouumxcpfxvtl/Build/Intermediates.noindex/GeneratedModuleMaps/CNIODarwin.modulemap\ -fmodule-map-file\=/Users/jojo/Library/Developer/Xcode/DerivedData/Epistemos-ctkiyqxaarezsccbouumxcpfxvtl/Build/Intermediates.noindex/GeneratedModuleMaps/CNIOOpenBSD.modulemap\ -fmodule-map-file\=/Users/jojo/Library/Developer/Xcode/DerivedData/Epistemos-ctkiyqxaarezsccbouumxcpfxvtl/Build/Intermediates.noindex/GeneratedModuleMaps/_NIOBase64.modulemap\ -fmodule-map-file\=/Users/jojo/Library/Developer/Xcode/DerivedData/Epistemos-ctkiyqxaarezsccbouumxcpfxvtl/Build/Intermediates.noindex/GeneratedModuleMaps/NIOConcurrencyHelpers.modulemap\ -fmodule-map-file\=/Users/jojo/Library/Developer/Xcode/DerivedData/Epistemos-ctkiyqxaarezsccbouumxcpfxvtl/Build/Intermediates.noindex/GeneratedModuleMaps/CNIOAtomics.modulemap\ -fmodule-map-file\=/Users/jojo/Library/Developer/Xcode/DerivedData/Epistemos-ctkiyqxaarezsccbouumxcpfxvtl/Build/Intermediates.noindex/GeneratedModuleMaps/NIOCore.modulemap\ -fmodule-map-file\=/Users/jojo/Library/Developer/Xcode/DerivedData/Epistemos-ctkiyqxaarezsccbouumxcpfxvtl/Build/Intermediates.noindex/GeneratedModuleMaps/EventSource.modulemap\ -fmodule-map-file\=/Users/jojo/Library/Developer/Xcode/DerivedData/Epistemos-ctkiyqxaarezsccbouumxcpfxvtl/Build/Intermediates.noindex/GeneratedModuleMaps/HuggingFace.modulemap\ -fmodule-map-file\=/Users/jojo/Library/Developer/Xcode/DerivedData/Epistemos-ctkiyqxaarezsccbouumxcpfxvtl/Build/Intermediates.noindex/GeneratedModuleMaps/MLXLLM.modulemap\ -fmodule-map-file\=/Users/jojo/Library/Developer/Xcode/DerivedData/Epistemos-ctkiyqxaarezsccbouumxcpfxvtl/Build/Intermediates.noindex/GeneratedModuleMaps/ComplexModule.modulemap\ -fmodule-map-file\=/Users/jojo/Library/Developer/Xcode/DerivedData/Epistemos-ctkiyqxaarezsccbouumxcpfxvtl/Build/Intermediates.noindex/GeneratedModuleMaps/RealModule.modulemap\ -fmodule-map-file\=/Users/jojo/Library/Developer/Xcode/DerivedData/Epistemos-ctkiyqxaarezsccbouumxcpfxvtl/Build/Intermediates.noindex/GeneratedModuleMaps/Numerics.modulemap\ -fmodule-map-file\=/Users/jojo/Library/Developer/Xcode/DerivedData/Epistemos-ctkiyqxaarezsccbouumxcpfxvtl/Build/Intermediates.noindex/GeneratedModuleMaps/MLXNN.modulemap\ -fmodule-map-file\=/Users/jojo/Library/Developer/Xcode/DerivedData/Epistemos-ctkiyqxaarezsccbouumxcpfxvtl/Build/Intermediates.noindex/GeneratedModuleMaps/MLX.modulemap\ -fmodule-map-file\=/Users/jojo/Library/Developer/Xcode/DerivedData/Epistemos-ctkiyqxaarezsccbouumxcpfxvtl/Build/Intermediates.noindex/GeneratedModuleMaps/MLXOptimizers.modulemap\ -fmodule-map-file\=/Users/jojo/Library/Developer/Xcode/DerivedData/Epistemos-ctkiyqxaarezsccbouumxcpfxvtl/Build/Intermediates.noindex/GeneratedModuleMaps/Models.modulemap\ -fmodule-map-file\=/Users/jojo/Library/Developer/Xcode/DerivedData/Epistemos-ctkiyqxaarezsccbouumxcpfxvtl/Build/Intermediates.noindex/GeneratedModuleMaps/Generation.modulemap\ -fmodule-map-file\=/Users/jojo/Library/Developer/Xcode/DerivedData/Epistemos-ctkiyqxaarezsccbouumxcpfxvtl/Build/Intermediates.noindex/GeneratedModuleMaps/Tokenizers.modulemap\ -fmodule-map-file\=/Users/jojo/Library/Developer/Xcode/DerivedData/Epistemos-ctkiyqxaarezsccbouumxcpfxvtl/Build/Intermediates.noindex/GeneratedModuleMaps/MLXLMCommon.modulemap\ -fmodule-map-file\=/Users/jojo/Library/Developer/Xcode/DerivedData/Epistemos-ctkiyqxaarezsccbouumxcpfxvtl/Build/Intermediates.noindex/GeneratedModuleMaps/MLXVLM.modulemap\ -fmodule-map-file\=/Users/jojo/Library/Developer/Xcode/DerivedData/Epistemos-ctkiyqxaarezsccbouumxcpfxvtl/Build/Intermediates.noindex/GeneratedModuleMaps/GGUFRuntimeBridge.modulemap\ -fmodule-map-file\=/Users/jojo/Library/Developer/Xcode/DerivedData/Epistemos-ctkiyqxaarezsccbouumxcpfxvtl/Build/Intermediates.noindex/GeneratedModuleMaps/CodeEditTextView.modulemap\ -fmodule-map-file\=/Users/jojo/Library/Developer/Xcode/DerivedData/Epistemos-ctkiyqxaarezsccbouumxcpfxvtl/Build/Intermediates.noindex/GeneratedModuleMaps/Rearrange.modulemap\ -fmodule-map-file\=/Users/jojo/Library/Developer/Xcode/DerivedData/Epistemos-ctkiyqxaarezsccbouumxcpfxvtl/Build/Intermediates.noindex/GeneratedModuleMaps/Internal.modulemap\ -fmodule-map-file\=/Users/jojo/Library/Developer/Xcode/DerivedData/Epistemos-ctkiyqxaarezsccbouumxcpfxvtl/Build/Intermediates.noindex/GeneratedModuleMaps/TextStory.modulemap\ -fmodule-map-file\=/Users/jojo/Library/Developer/Xcode/DerivedData/Epistemos-ctkiyqxaarezsccbouumxcpfxvtl/Build/Intermediates.noindex/GeneratedModuleMaps/TextFormation.modulemap\ -fmodule-map-file\=/Users/jojo/Library/Developer/Xcode/DerivedData/Epistemos-ctkiyqxaarezsccbouumxcpfxvtl/Build/Intermediates.noindex/GeneratedModuleMaps/CodeEditSymbols.modulemap\ -fmodule-map-file\=/Users/jojo/Library/Developer/Xcode/DerivedData/Epistemos-ctkiyqxaarezsccbouumxcpfxvtl/Build/Intermediates.noindex/GeneratedModuleMaps/CodeEditSourceEditor.modulemap\ -fmodule-map-file\=/Users/jojo/Library/Developer/Xcode/DerivedData/Epistemos-ctkiyqxaarezsccbouumxcpfxvtl/Build/Intermediates.noindex/GeneratedModuleMaps/TreeSitter.modulemap\ -fmodule-map-file\=/Users/jojo/Library/Developer/Xcode/DerivedData/Epistemos-ctkiyqxaarezsccbouumxcpfxvtl/Build/Intermediates.noindex/GeneratedModuleMaps/SwiftTreeSitter.modulemap\ -fmodule-map-file\=/Users/jojo/Library/Developer/Xcode/DerivedData/Epistemos-ctkiyqxaarezsccbouumxcpfxvtl/Build/Intermediates.noindex/GeneratedModuleMaps/CodeEditLanguages.modulemap\ -fmodule-map-file\=/Users/jojo/Library/Developer/Xcode/DerivedData/Epistemos-ctkiyqxaarezsccbouumxcpfxvtl/Build/Intermediates.noindex/GeneratedModuleMaps/Jinja.modulemap\ -fmodule-map-file\=/Users/jojo/Library/Developer/Xcode/DerivedData/Epistemos-ctkiyqxaarezsccbouumxcpfxvtl/Build/Intermediates.noindex/GeneratedModuleMaps/Crypto.modulemap\ -fmodule-map-file\=/Users/jojo/Library/Developer/Xcode/DerivedData/Epistemos-ctkiyqxaarezsccbouumxcpfxvtl/Build/Intermediates.noindex/GeneratedModuleMaps/yyjson.modulemap\ -fmodule-map-file\=/Users/jojo/Library/Developer/Xcode/DerivedData/Epistemos-ctkiyqxaarezsccbouumxcpfxvtl/Build/Intermediates.noindex/GeneratedModuleMaps/Hub.modulemap\ -fmodule-map-file\=/Users/jojo/Library/Developer/Xcode/DerivedData/Epistemos-ctkiyqxaarezsccbouumxcpfxvtl/Build/Intermediates.noindex/GeneratedModuleMaps/_RopeModule.modulemap\ -fmodule-map-file\=/Users/jojo/Library/Developer/Xcode/DerivedData/Epistemos-ctkiyqxaarezsccbouumxcpfxvtl/Build/Intermediates.noindex/GeneratedModuleMaps/HeapModule.modulemap\ -fmodule-map-file\=/Users/jojo/Library/Developer/Xcode/DerivedData/Epistemos-ctkiyqxaarezsccbouumxcpfxvtl/Build/Intermediates.noindex/GeneratedModuleMaps/HashTreeCollections.modulemap\ -fmodule-map-file\=/Users/jojo/Library/Developer/Xcode/DerivedData/Epistemos-ctkiyqxaarezsccbouumxcpfxvtl/Build/Intermediates.noindex/GeneratedModuleMaps/BitCollections.modulemap\ -fmodule-map-file\=/Users/jojo/Library/Developer/Xcode/DerivedData/Epistemos-ctkiyqxaarezsccbouumxcpfxvtl/Build/Intermediates.noindex/GeneratedModuleMaps/Collections.modulemap\ -fmodule-map-file\=/Users/jojo/Library/Developer/Xcode/DerivedData/Epistemos-ctkiyqxaarezsccbouumxcpfxvtl/Build/Intermediates.noindex/GeneratedModuleMaps/JSONSchema.modulemap\ -fmodule-map-file\=/Users/jojo/Library/Developer/Xcode/DerivedData/Epistemos-ctkiyqxaarezsccbouumxcpfxvtl/Build/Intermediates.noindex/GeneratedModuleMaps/OrderedCollections.modulemap\ -fmodule-map-file\=/Users/jojo/Library/Developer/Xcode/DerivedData/Epistemos-ctkiyqxaarezsccbouumxcpfxvtl/Build/Intermediates.noindex/GeneratedModuleMaps/ContainersPreview.modulemap\ -fmodule-map-file\=/Users/jojo/Library/Developer/Xcode/DerivedData/Epistemos-ctkiyqxaarezsccbouumxcpfxvtl/Build/Intermediates.noindex/GeneratedModuleMaps/InternalCollectionsUtilities.modulemap\ -fmodule-map-file\=/Users/jojo/Library/Developer/Xcode/DerivedData/Epistemos-ctkiyqxaarezsccbouumxcpfxvtl/Build/Intermediates.noindex/GeneratedModuleMaps/DequeModule.modulemap\ -fmodule-map-file\=/Users/jojo/Library/Developer/Xcode/DerivedData/Epistemos-ctkiyqxaarezsccbouumxcpfxvtl/Build/Intermediates.noindex/GeneratedModuleMaps/AsyncAlgorithms.modulemap\ -fmodule-map-file\=/Users/jojo/Library/Developer/Xcode/DerivedData/Epistemos-ctkiyqxaarezsccbouumxcpfxvtl/Build/Intermediates.noindex/GeneratedModuleMaps/MLXStructured.modulemap\
    export OTHER_CPLUSPLUSFLAGS\=-fmodule-map-file\=/Users/jojo/Library/Developer/Xcode/DerivedData/Epistemos-ctkiyqxaarezsccbouumxcpfxvtl/Build/Intermediates.noindex/GeneratedModuleMaps/Logging.modulemap\ -fmodule-map-file\=/Users/jojo/Library/Developer/Xcode/DerivedData/Epistemos-ctkiyqxaarezsccbouumxcpfxvtl/Build/Intermediates.noindex/GeneratedModuleMaps/AXorcist.modulemap\ -fmodule-map-file\=/Users/jojo/Library/Developer/Xcode/DerivedData/Epistemos-ctkiyqxaarezsccbouumxcpfxvtl/SourcePackages/checkouts/GRDB.swift/Sources/GRDBSQLite/module.modulemap\ -fmodule-map-file\=/Users/jojo/Library/Developer/Xcode/DerivedData/Epistemos-ctkiyqxaarezsccbouumxcpfxvtl/Build/Intermediates.noindex/GeneratedModuleMaps/GRDB.modulemap\ -fmodule-map-file\=/Users/jojo/Library/Developer/Xcode/DerivedData/Epistemos-ctkiyqxaarezsccbouumxcpfxvtl/Build/Intermediates.noindex/GeneratedModuleMaps/ForceSimulation.modulemap\ -fmodule-map-file\=/Users/jojo/Library/Developer/Xcode/DerivedData/Epistemos-ctkiyqxaarezsccbouumxcpfxvtl/Build/Intermediates.noindex/GeneratedModuleMaps/Grape.modulemap\ -fmodule-map-file\=/Users/jojo/Library/Developer/Xcode/DerivedData/Epistemos-ctkiyqxaarezsccbouumxcpfxvtl/Build/Intermediates.noindex/GeneratedModuleMaps/Atomics.modulemap\ -fmodule-map-file\=/Users/jojo/Library/Developer/Xcode/DerivedData/Epistemos-ctkiyqxaarezsccbouumxcpfxvtl/Build/Intermediates.noindex/GeneratedModuleMaps/_NIODataStructures.modulemap\ -fmodule-map-file\=/Users/jojo/Library/Developer/Xcode/DerivedData/Epistemos-ctkiyqxaarezsccbouumxcpfxvtl/Build/Intermediates.noindex/GeneratedModuleMaps/CNIOWASI.modulemap\ -fmodule-map-file\=/Users/jojo/Library/Developer/Xcode/DerivedData/Epistemos-ctkiyqxaarezsccbouumxcpfxvtl/Build/Intermediates.noindex/GeneratedModuleMaps/CNIOLinux.modulemap\ -fmodule-map-file\=/Users/jojo/Library/Developer/Xcode/DerivedData/Epistemos-ctkiyqxaarezsccbouumxcpfxvtl/Build/Intermediates.noindex/GeneratedModuleMaps/CNIODarwin.modulemap\ -fmodule-map-file\=/Users/jojo/Library/Developer/Xcode/DerivedData/Epistemos-ctkiyqxaarezsccbouumxcpfxvtl/Build/Intermediates.noindex/GeneratedModuleMaps/CNIOOpenBSD.modulemap\ -fmodule-map-file\=/Users/jojo/Library/Developer/Xcode/DerivedData/Epistemos-ctkiyqxaarezsccbouumxcpfxvtl/Build/Intermediates.noindex/GeneratedModuleMaps/_NIOBase64.modulemap\ -fmodule-map-file\=/Users/jojo/Library/Developer/Xcode/DerivedData/Epistemos-ctkiyqxaarezsccbouumxcpfxvtl/Build/Intermediates.noindex/GeneratedModuleMaps/NIOConcurrencyHelpers.modulemap\ -fmodule-map-file\=/Users/jojo/Library/Developer/Xcode/DerivedData/Epistemos-ctkiyqxaarezsccbouumxcpfxvtl/Build/Intermediates.noindex/GeneratedModuleMaps/CNIOAtomics.modulemap\ -fmodule-map-file\=/Users/jojo/Library/Developer/Xcode/DerivedData/Epistemos-ctkiyqxaarezsccbouumxcpfxvtl/Build/Intermediates.noindex/GeneratedModuleMaps/NIOCore.modulemap\ -fmodule-map-file\=/Users/jojo/Library/Developer/Xcode/DerivedData/Epistemos-ctkiyqxaarezsccbouumxcpfxvtl/Build/Intermediates.noindex/GeneratedModuleMaps/EventSource.modulemap\ -fmodule-map-file\=/Users/jojo/Library/Developer/Xcode/DerivedData/Epistemos-ctkiyqxaarezsccbouumxcpfxvtl/Build/Intermediates.noindex/GeneratedModuleMaps/HuggingFace.modulemap\ -fmodule-map-file\=/Users/jojo/Library/Developer/Xcode/DerivedData/Epistemos-ctkiyqxaarezsccbouumxcpfxvtl/Build/Intermediates.noindex/GeneratedModuleMaps/MLXLLM.modulemap\ -fmodule-map-file\=/Users/jojo/Library/Developer/Xcode/DerivedData/Epistemos-ctkiyqxaarezsccbouumxcpfxvtl/Build/Intermediates.noindex/GeneratedModuleMaps/ComplexModule.modulemap\ -fmodule-map-file\=/Users/jojo/Library/Developer/Xcode/DerivedData/Epistemos-ctkiyqxaarezsccbouumxcpfxvtl/Build/Intermediates.noindex/GeneratedModuleMaps/RealModule.modulemap\ -fmodule-map-file\=/Users/jojo/Library/Developer/Xcode/DerivedData/Epistemos-ctkiyqxaarezsccbouumxcpfxvtl/Build/Intermediates.noindex/GeneratedModuleMaps/Numerics.modulemap\ -fmodule-map-file\=/Users/jojo/Library/Developer/Xcode/DerivedData/Epistemos-ctkiyqxaarezsccbouumxcpfxvtl/Build/Intermediates.noindex/GeneratedModuleMaps/MLXNN.modulemap\ -fmodule-map-file\=/Users/jojo/Library/Developer/Xcode/DerivedData/Epistemos-ctkiyqxaarezsccbouumxcpfxvtl/Build/Intermediates.noindex/GeneratedModuleMaps/MLX.modulemap\ -fmodule-map-file\=/Users/jojo/Library/Developer/Xcode/DerivedData/Epistemos-ctkiyqxaarezsccbouumxcpfxvtl/Build/Intermediates.noindex/GeneratedModuleMaps/MLXOptimizers.modulemap\ -fmodule-map-file\=/Users/jojo/Library/Developer/Xcode/DerivedData/Epistemos-ctkiyqxaarezsccbouumxcpfxvtl/Build/Intermediates.noindex/GeneratedModuleMaps/Models.modulemap\ -fmodule-map-file\=/Users/jojo/Library/Developer/Xcode/DerivedData/Epistemos-ctkiyqxaarezsccbouumxcpfxvtl/Build/Intermediates.noindex/GeneratedModuleMaps/Generation.modulemap\ -fmodule-map-file\=/Users/jojo/Library/Developer/Xcode/DerivedData/Epistemos-ctkiyqxaarezsccbouumxcpfxvtl/Build/Intermediates.noindex/GeneratedModuleMaps/Tokenizers.modulemap\ -fmodule-map-file\=/Users/jojo/Library/Developer/Xcode/DerivedData/Epistemos-ctkiyqxaarezsccbouumxcpfxvtl/Build/Intermediates.noindex/GeneratedModuleMaps/MLXLMCommon.modulemap\ -fmodule-map-file\=/Users/jojo/Library/Developer/Xcode/DerivedData/Epistemos-ctkiyqxaarezsccbouumxcpfxvtl/Build/Intermediates.noindex/GeneratedModuleMaps/MLXVLM.modulemap\ -fmodule-map-file\=/Users/jojo/Library/Developer/Xcode/DerivedData/Epistemos-ctkiyqxaarezsccbouumxcpfxvtl/Build/Intermediates.noindex/GeneratedModuleMaps/GGUFRuntimeBridge.modulemap\ -fmodule-map-file\=/Users/jojo/Library/Developer/Xcode/DerivedData/Epistemos-ctkiyqxaarezsccbouumxcpfxvtl/Build/Intermediates.noindex/GeneratedModuleMaps/CodeEditTextView.modulemap\ -fmodule-map-file\=/Users/jojo/Library/Developer/Xcode/DerivedData/Epistemos-ctkiyqxaarezsccbouumxcpfxvtl/Build/Intermediates.noindex/GeneratedModuleMaps/Rearrange.modulemap\ -fmodule-map-file\=/Users/jojo/Library/Developer/Xcode/DerivedData/Epistemos-ctkiyqxaarezsccbouumxcpfxvtl/Build/Intermediates.noindex/GeneratedModuleMaps/Internal.modulemap\ -fmodule-map-file\=/Users/jojo/Library/Developer/Xcode/DerivedData/Epistemos-ctkiyqxaarezsccbouumxcpfxvtl/Build/Intermediates.noindex/GeneratedModuleMaps/TextStory.modulemap\ -fmodule-map-file\=/Users/jojo/Library/Developer/Xcode/DerivedData/Epistemos-ctkiyqxaarezsccbouumxcpfxvtl/Build/Intermediates.noindex/GeneratedModuleMaps/TextFormation.modulemap\ -fmodule-map-file\=/Users/jojo/Library/Developer/Xcode/DerivedData/Epistemos-ctkiyqxaarezsccbouumxcpfxvtl/Build/Intermediates.noindex/GeneratedModuleMaps/CodeEditSymbols.modulemap\ -fmodule-map-file\=/Users/jojo/Library/Developer/Xcode/DerivedData/Epistemos-ctkiyqxaarezsccbouumxcpfxvtl/Build/Intermediates.noindex/GeneratedModuleMaps/CodeEditSourceEditor.modulemap\ -fmodule-map-file\=/Users/jojo/Library/Developer/Xcode/DerivedData/Epistemos-ctkiyqxaarezsccbouumxcpfxvtl/Build/Intermediates.noindex/GeneratedModuleMaps/TreeSitter.modulemap\ -fmodule-map-file\=/Users/jojo/Library/Developer/Xcode/DerivedData/Epistemos-ctkiyqxaarezsccbouumxcpfxvtl/Build/Intermediates.noindex/GeneratedModuleMaps/SwiftTreeSitter.modulemap\ -fmodule-map-file\=/Users/jojo/Library/Developer/Xcode/DerivedData/Epistemos-ctkiyqxaarezsccbouumxcpfxvtl/Build/Intermediates.noindex/GeneratedModuleMaps/CodeEditLanguages.modulemap\ -fmodule-map-file\=/Users/jojo/Library/Developer/Xcode/DerivedData/Epistemos-ctkiyqxaarezsccbouumxcpfxvtl/Build/Intermediates.noindex/GeneratedModuleMaps/Jinja.modulemap\ -fmodule-map-file\=/Users/jojo/Library/Developer/Xcode/DerivedData/Epistemos-ctkiyqxaarezsccbouumxcpfxvtl/Build/Intermediates.noindex/GeneratedModuleMaps/Crypto.modulemap\ -fmodule-map-file\=/Users/jojo/Library/Developer/Xcode/DerivedData/Epistemos-ctkiyqxaarezsccbouumxcpfxvtl/Build/Intermediates.noindex/GeneratedModuleMaps/yyjson.modulemap\ -fmodule-map-file\=/Users/jojo/Library/Developer/Xcode/DerivedData/Epistemos-ctkiyqxaarezsccbouumxcpfxvtl/Build/Intermediates.noindex/GeneratedModuleMaps/Hub.modulemap\ -fmodule-map-file\=/Users/jojo/Library/Developer/Xcode/DerivedData/Epistemos-ctkiyqxaarezsccbouumxcpfxvtl/Build/Intermediates.noindex/GeneratedModuleMaps/_RopeModule.modulemap\ -fmodule-map-file\=/Users/jojo/Library/Developer/Xcode/DerivedData/Epistemos-ctkiyqxaarezsccbouumxcpfxvtl/Build/Intermediates.noindex/GeneratedModuleMaps/HeapModule.modulemap\ -fmodule-map-file\=/Users/jojo/Library/Developer/Xcode/DerivedData/Epistemos-ctkiyqxaarezsccbouumxcpfxvtl/Build/Intermediates.noindex/GeneratedModuleMaps/HashTreeCollections.modulemap\ -fmodule-map-file\=/Users/jojo/Library/Developer/Xcode/DerivedData/Epistemos-ctkiyqxaarezsccbouumxcpfxvtl/Build/Intermediates.noindex/GeneratedModuleMaps/BitCollections.modulemap\ -fmodule-map-file\=/Users/jojo/Library/Developer/Xcode/DerivedData/Epistemos-ctkiyqxaarezsccbouumxcpfxvtl/Build/Intermediates.noindex/GeneratedModuleMaps/Collections.modulemap\ -fmodule-map-file\=/Users/jojo/Library/Developer/Xcode/DerivedData/Epistemos-ctkiyqxaarezsccbouumxcpfxvtl/Build/Intermediates.noindex/GeneratedModuleMaps/JSONSchema.modulemap\ -fmodule-map-file\=/Users/jojo/Library/Developer/Xcode/DerivedData/Epistemos-ctkiyqxaarezsccbouumxcpfxvtl/Build/Intermediates.noindex/GeneratedModuleMaps/OrderedCollections.modulemap\ -fmodule-map-file\=/Users/jojo/Library/Developer/Xcode/DerivedData/Epistemos-ctkiyqxaarezsccbouumxcpfxvtl/Build/Intermediates.noindex/GeneratedModuleMaps/ContainersPreview.modulemap\ -fmodule-map-file\=/Users/jojo/Library/Developer/Xcode/DerivedData/Epistemos-ctkiyqxaarezsccbouumxcpfxvtl/Build/Intermediates.noindex/GeneratedModuleMaps/InternalCollectionsUtilities.modulemap\ -fmodule-map-file\=/Users/jojo/Library/Developer/Xcode/DerivedData/Epistemos-ctkiyqxaarezsccbouumxcpfxvtl/Build/Intermediates.noindex/GeneratedModuleMaps/DequeModule.modulemap\ -fmodule-map-file\=/Users/jojo/Library/Developer/Xcode/DerivedData/Epistemos-ctkiyqxaarezsccbouumxcpfxvtl/Build/Intermediates.noindex/GeneratedModuleMaps/AsyncAlgorithms.modulemap\ -fmodule-map-file\=/Users/jojo/Library/Developer/Xcode/DerivedData/Epistemos-ctkiyqxaarezsccbouumxcpfxvtl/Build/Intermediates.noindex/GeneratedModuleMaps/MLXStructured.modulemap\
    export OTHER_LDFLAGS\=-Wl,-no_warn_duplicate_libraries\ -Wl,-no_warn_duplicate_libraries\ -Wl,-no_warn_duplicate_libraries\ -Wl,-no_warn_duplicate_libraries\ -Wl,-no_warn_duplicate_libraries\ -Wl,-no_warn_duplicate_libraries\ -Wl,-no_warn_duplicate_libraries\ -Wl,-no_warn_duplicate_libraries\ -Wl,-no_warn_duplicate_libraries\ -Wl,-no_warn_duplicate_libraries\ -Wl,-no_warn_duplicate_libraries\ -Wl,-no_warn_duplicate_libraries\ -Wl,-no_warn_duplicate_libraries\ -Wl,-no_warn_duplicate_libraries\ -Wl,-no_warn_duplicate_libraries\ -Wl,-no_warn_duplicate_libraries\ -Wl,-no_warn_duplicate_libraries\ -Wl,-no_warn_duplicate_libraries\ -Wl,-no_warn_duplicate_libraries\ -Wl,-no_warn_duplicate_libraries\ -Wl,-no_warn_duplicate_libraries\ -Wl,-no_warn_duplicate_libraries\ -Wl,-no_warn_duplicate_libraries\ -Wl,-no_warn_duplicate_libraries\ -Wl,-no_warn_duplicate_libraries\ -Wl,-no_warn_duplicate_libraries\ -lc++\ -Wl,-no_warn_duplicate_libraries\ -Wl,-no_warn_duplicate_libraries\ -Wl,-no_warn_duplicate_libraries\ -Wl,-no_warn_duplicate_libraries\ -Wl,-no_warn_duplicate_libraries\ -Wl,-no_warn_duplicate_libraries\ -Wl,-no_warn_duplicate_libraries\ -Wl,-no_warn_duplicate_libraries\ -Wl,-no_warn_duplicate_libraries\ -Wl,-no_warn_duplicate_libraries\ -Wl,-no_warn_duplicate_libraries\ -Wl,-no_warn_duplicate_libraries\ -Wl,-no_warn_duplicate_libraries\ -Wl,-no_warn_duplicate_libraries\ -Wl,-no_warn_duplicate_libraries\ -Wl,-no_warn_duplicate_libraries\ -Wl,-no_warn_duplicate_libraries\ -Wl,-no_warn_duplicate_libraries\ -Wl,-no_warn_duplicate_libraries\ -Wl,-no_warn_duplicate_libraries\ -Wl,-no_warn_duplicate_libraries\ -Wl,-no_warn_duplicate_libraries\ -Wl,-no_warn_duplicate_libraries\ -Wl,-no_warn_duplicate_libraries\ -Wl,-no_warn_duplicate_libraries\ -Wl,-no_warn_duplicate_libraries\ -Wl,-no_warn_duplicate_libraries\ -Wl,-no_warn_duplicate_libraries\ -Wl,-no_warn_duplicate_libraries\ -Wl,-no_warn_duplicate_libraries\ -Wl,-no_warn_duplicate_libraries\ -Wl,-no_warn_duplicate_libraries\ -Wl,-no_warn_duplicate_libraries\ -Wl,-no_warn_duplicate_libraries\ -lc++\ -Wl,-no_warn_duplicate_libraries\ -Wl,-no_warn_duplicate_libraries\ -L/Users/jojo/Downloads/Epistemos/build-rust\ -lgraph_engine\ -lsyntax_core\ -lomega_mcp\ -lomega_ax\ -lepistemos_core\ -lagent_core\ -lepistemos_shadow\ -lepistemos_code_index\ -lsubstrate_rt\ -lc++\ -framework\ Foundation\ -framework\ Metal\ -framework\ Accelerate
    export OTHER_SWIFT_FLAGS\=-Xcc\ -fmodule-map-file\=/Users/jojo/Library/Developer/Xcode/DerivedData/Epistemos-ctkiyqxaarezsccbouumxcpfxvtl/SourcePackages/checkouts/GRDB.swift/Sources/GRDBSQLite/module.modulemap\ -Xcc\ -fmodule-map-file\=/Users/jojo/Library/Developer/Xcode/DerivedData/Epistemos-ctkiyqxaarezsccbouumxcpfxvtl/Build/Intermediates.noindex/GeneratedModuleMaps/CNIOWASI.modulemap\ -Xcc\ -fmodule-map-file\=/Users/jojo/Library/Developer/Xcode/DerivedData/Epistemos-ctkiyqxaarezsccbouumxcpfxvtl/Build/Intermediates.noindex/GeneratedModuleMaps/CNIOLinux.modulemap\ -Xcc\ -fmodule-map-file\=/Users/jojo/Library/Developer/Xcode/DerivedData/Epistemos-ctkiyqxaarezsccbouumxcpfxvtl/Build/Intermediates.noindex/GeneratedModuleMaps/CNIODarwin.modulemap\ -Xcc\ -fmodule-map-file\=/Users/jojo/Library/Developer/Xcode/DerivedData/Epistemos-ctkiyqxaarezsccbouumxcpfxvtl/Build/Intermediates.noindex/GeneratedModuleMaps/CNIOOpenBSD.modulemap\ -Xcc\ -fmodule-map-file\=/Users/jojo/Library/Developer/Xcode/DerivedData/Epistemos-ctkiyqxaarezsccbouumxcpfxvtl/Build/Intermediates.noindex/GeneratedModuleMaps/CNIOAtomics.modulemap\ -Xcc\ -fmodule-map-file\=/Users/jojo/Library/Developer/Xcode/DerivedData/Epistemos-ctkiyqxaarezsccbouumxcpfxvtl/Build/Intermediates.noindex/GeneratedModuleMaps/Internal.modulemap\ -Xcc\ -fmodule-map-file\=/Users/jojo/Library/Developer/Xcode/DerivedData/Epistemos-ctkiyqxaarezsccbouumxcpfxvtl/Build/Intermediates.noindex/GeneratedModuleMaps/TreeSitter.modulemap\ -Xcc\ -fmodule-map-file\=/Users/jojo/Library/Developer/Xcode/DerivedData/Epistemos-ctkiyqxaarezsccbouumxcpfxvtl/Build/Intermediates.noindex/GeneratedModuleMaps/yyjson.modulemap\
    export PACKAGE_TYPE\=com.apple.package-type.wrapper.application
    export PASCAL_STRINGS\=YES
    export PATH\=/Applications/Xcode.app/Contents/SharedFrameworks/SwiftBuild.framework/Versions/A/PlugIns/SWBBuildService.bundle/Contents/PlugIns/SWBUniversalPlatformPlugin.bundle/Contents/Frameworks/SWBUniversalPlatform.framework/Resources:/var/run/com.apple.security.cryptexd/mnt/com.apple.MobileAsset.MetalToolchain-v17.5.188.0.0yVXtr/Metal.xctoolchain/usr/bin:/var/run/com.apple.security.cryptexd/mnt/com.apple.MobileAsset.MetalToolchain-v17.5.188.0.0yVXtr/Metal.xctoolchain/usr/local/bin:/var/run/com.apple.security.cryptexd/mnt/com.apple.MobileAsset.MetalToolchain-v17.5.188.0.0yVXtr/Metal.xctoolchain/usr/libexec:/Applications/Xcode.app/Contents/Developer/Toolchains/XcodeDefault.xctoolchain/usr/bin:/Applications/Xcode.app/Contents/Developer/Toolchains/XcodeDefault.xctoolchain/usr/local/bin:/Applications/Xcode.app/Contents/Developer/Toolchains/XcodeDefault.xctoolchain/usr/libexec:/Applications/Xcode.app/Contents/Developer/Platforms/MacOSX.platform/usr/bin:/Applications/Xcode.app/Contents/Developer/Platforms/MacOSX.platform/usr/local/bin:/Applications/Xcode.app/Contents/Developer/Platforms/MacOSX.platform/Developer/usr/bin:/Applications/Xcode.app/Contents/Developer/Platforms/MacOSX.platform/Developer/usr/local/bin:/Applications/Xcode.app/Contents/Developer/usr/bin:/Applications/Xcode.app/Contents/Developer/usr/local/bin:/Users/jojo/.codex/tmp/arg0/codex-arg0E3HkjA:/Users/jojo/.antigravity/antigravity/bin:/Users/jojo/.local/bin:/Users/jojo/.elan/bin:/opt/homebrew/bin:/opt/homebrew/sbin:/usr/local/bin:/System/Cryptexes/App/usr/bin:/usr/bin:/bin:/usr/sbin:/sbin:/var/run/com.apple.security.cryptexd/codex.system/bootstrap/usr/local/bin:/var/run/com.apple.security.cryptexd/codex.system/bootstrap/usr/bin:/var/run/com.apple.security.cryptexd/codex.system/bootstrap/usr/appleinternal/bin:/opt/pmk/env/global/bin:/Library/Apple/usr/bin:/Users/jojo/.cargo/bin:/Applications/Codex.app/Contents/Resources
    export PATH_PREFIXES_EXCLUDED_FROM_HEADER_DEPENDENCIES\=/usr/include\ /usr/local/include\ /System/Library/Frameworks\ /System/Library/PrivateFrameworks\ /Applications/Xcode.app/Contents/Developer/Headers\ /Applications/Xcode.app/Contents/Developer/SDKs\ /Applications/Xcode.app/Contents/Developer/Platforms
    export PBDEVELOPMENTPLIST_PATH\=Epistemos.app/Contents/pbdevelopment.plist
    export PER_ARCH_MODULE_FILE_DIR\=/Users/jojo/Library/Developer/Xcode/DerivedData/Epistemos-ctkiyqxaarezsccbouumxcpfxvtl/Build/Intermediates.noindex/Epistemos.build/Debug/Epistemos.build/Objects-normal/undefined_arch
    export PER_ARCH_OBJECT_FILE_DIR\=/Users/jojo/Library/Developer/Xcode/DerivedData/Epistemos-ctkiyqxaarezsccbouumxcpfxvtl/Build/Intermediates.noindex/Epistemos.build/Debug/Epistemos.build/Objects-normal/undefined_arch
    export PER_VARIANT_OBJECT_FILE_DIR\=/Users/jojo/Library/Developer/Xcode/DerivedData/Epistemos-ctkiyqxaarezsccbouumxcpfxvtl/Build/Intermediates.noindex/Epistemos.build/Debug/Epistemos.build/Objects-normal
    export PKGINFO_FILE_PATH\=/Users/jojo/Library/Developer/Xcode/DerivedData/Epistemos-ctkiyqxaarezsccbouumxcpfxvtl/Build/Intermediates.noindex/Epistemos.build/Debug/Epistemos.build/PkgInfo
    export PKGINFO_PATH\=Epistemos.app/Contents/PkgInfo
    export PLATFORM_DEVELOPER_APPLICATIONS_DIR\=/Applications/Xcode.app/Contents/Developer/Applications
    export PLATFORM_DEVELOPER_BIN_DIR\=/Applications/Xcode.app/Contents/Developer/usr/bin
    export PLATFORM_DEVELOPER_LIBRARY_DIR\=/Applications/Xcode.app/Contents/Developer/Library
    export PLATFORM_DEVELOPER_SDK_DIR\=/Applications/Xcode.app/Contents/Developer/Platforms/MacOSX.platform/Developer/SDKs
    export PLATFORM_DEVELOPER_TOOLS_DIR\=/Applications/Xcode.app/Contents/Developer/Tools
    export PLATFORM_DEVELOPER_USR_DIR\=/Applications/Xcode.app/Contents/Developer/usr
    export PLATFORM_DIR\=/Applications/Xcode.app/Contents/Developer/Platforms/MacOSX.platform
    export PLATFORM_DISPLAY_NAME\=macOS
    export PLATFORM_FAMILY_NAME\=macOS
    export PLATFORM_NAME\=macosx
    export PLATFORM_PREFERRED_ARCH\=x86_64
    export PLATFORM_PRODUCT_BUILD_VERSION\=25E251
    export PLATFORM_REQUIRES_SWIFT_AUTOLINK_EXTRACT\=NO
    export PLATFORM_REQUIRES_SWIFT_MODULEWRAP\=NO
    export PLATFORM_USES_DSYMS\=YES
    export PLIST_FILE_OUTPUT_FORMAT\=same-as-input
    export PLUGINS_FOLDER_PATH\=Epistemos.app/Contents/PlugIns
    export PRECOMPS_INCLUDE_HEADERS_FROM_BUILT_PRODUCTS_DIR\=YES
    export PRECOMP_DESTINATION_DIR\=/Users/jojo/Library/Developer/Xcode/DerivedData/Epistemos-ctkiyqxaarezsccbouumxcpfxvtl/Build/Intermediates.noindex/Epistemos.build/Debug/Epistemos.build/PrefixHeaders
    export PRIVATE_HEADERS_FOLDER_PATH\=Epistemos.app/Contents/PrivateHeaders
    export PROCESSED_INFOPLIST_PATH\=/Users/jojo/Library/Developer/Xcode/DerivedData/Epistemos-ctkiyqxaarezsccbouumxcpfxvtl/Build/Intermediates.noindex/Epistemos.build/Debug/Epistemos.build/Objects-normal/undefined_arch/Processed-Info.plist
    export PRODUCT_BUNDLE_IDENTIFIER\=com.epistemos.app
    export PRODUCT_BUNDLE_PACKAGE_TYPE\=APPL
    export PRODUCT_MODULE_NAME\=Epistemos
    export PRODUCT_NAME\=Epistemos
    export PRODUCT_SETTINGS_PATH\=/Users/jojo/Downloads/Epistemos/Epistemos-Info.plist
    export PRODUCT_TYPE\=com.apple.product-type.application
    export PROFILING_CODE\=NO
    export PROJECT\=Epistemos
    export PROJECT_DERIVED_FILE_DIR\=/Users/jojo/Library/Developer/Xcode/DerivedData/Epistemos-ctkiyqxaarezsccbouumxcpfxvtl/Build/Intermediates.noindex/Epistemos.build/DerivedSources
    export PROJECT_DIR\=/Users/jojo/Downloads/Epistemos
    export PROJECT_FILE_PATH\=/Users/jojo/Downloads/Epistemos/Epistemos.xcodeproj
    export PROJECT_GUID\=98f5f0daaeb3c27bd64a622cabaed3f2
    export PROJECT_NAME\=Epistemos
    export PROJECT_TEMP_DIR\=/Users/jojo/Library/Developer/Xcode/DerivedData/Epistemos-ctkiyqxaarezsccbouumxcpfxvtl/Build/Intermediates.noindex/Epistemos.build
    export PROJECT_TEMP_ROOT\=/Users/jojo/Library/Developer/Xcode/DerivedData/Epistemos-ctkiyqxaarezsccbouumxcpfxvtl/Build/Intermediates.noindex
    export PROVISIONING_PROFILE_REQUIRED\=NO
    export PROVISIONING_PROFILE_REQUIRED_YES_YES\=YES
    export PROVISIONING_PROFILE_SUPPORTED\=YES
    export PUBLIC_HEADERS_FOLDER_PATH\=Epistemos.app/Contents/Headers
    export RECOMMENDED_MACOSX_DEPLOYMENT_TARGET\=11.0
    export RECURSIVE_SEARCH_PATHS_FOLLOW_SYMLINKS\=YES
    export REMOVE_CVS_FROM_RESOURCES\=YES
    export REMOVE_GIT_FROM_RESOURCES\=YES
    export REMOVE_HEADERS_FROM_EMBEDDED_BUNDLES\=YES
    export REMOVE_HG_FROM_RESOURCES\=YES
    export REMOVE_STATIC_EXECUTABLES_FROM_EMBEDDED_BUNDLES\=YES
    export REMOVE_SVN_FROM_RESOURCES\=YES
    export RESCHEDULE_INDEPENDENT_HEADERS_PHASES\=YES
    export REZ_COLLECTOR_DIR\=/Users/jojo/Library/Developer/Xcode/DerivedData/Epistemos-ctkiyqxaarezsccbouumxcpfxvtl/Build/Intermediates.noindex/Epistemos.build/Debug/Epistemos.build/ResourceManagerResources
    export REZ_OBJECTS_DIR\=/Users/jojo/Library/Developer/Xcode/DerivedData/Epistemos-ctkiyqxaarezsccbouumxcpfxvtl/Build/Intermediates.noindex/Epistemos.build/Debug/Epistemos.build/ResourceManagerResources/Objects
    export REZ_SEARCH_PATHS\=/Users/jojo/Library/Developer/Xcode/DerivedData/Epistemos-ctkiyqxaarezsccbouumxcpfxvtl/Build/Products/Debug\
    export RPATH_ORIGIN\=@loader_path
    export RUNTIME_EXCEPTION_ALLOW_DYLD_ENVIRONMENT_VARIABLES\=NO
    export RUNTIME_EXCEPTION_ALLOW_JIT\=NO
    export RUNTIME_EXCEPTION_ALLOW_UNSIGNED_EXECUTABLE_MEMORY\=NO
    export RUNTIME_EXCEPTION_DEBUGGING_TOOL\=NO
    export RUNTIME_EXCEPTION_DISABLE_EXECUTABLE_PAGE_PROTECTION\=NO
    export RUNTIME_EXCEPTION_DISABLE_LIBRARY_VALIDATION\=NO
    export SCANNING_PCM_KEEP_CACHE_DIRECTORY\=YES
    export SCAN_ALL_SOURCE_FILES_FOR_INCLUDES\=NO
    export SCRIPTS_FOLDER_PATH\=Epistemos.app/Contents/Resources/Scripts
    export SCRIPT_INPUT_FILE_COUNT\=0
    export SCRIPT_INPUT_FILE_LIST_COUNT\=0
    export SCRIPT_OUTPUT_FILE_COUNT\=0
    export SCRIPT_OUTPUT_FILE_LIST_COUNT\=0
    export SDKROOT\=/Applications/Xcode.app/Contents/Developer/Platforms/MacOSX.platform/Developer/SDKs/MacOSX26.4.sdk
    export SDK_DIR\=/Applications/Xcode.app/Contents/Developer/Platforms/MacOSX.platform/Developer/SDKs/MacOSX26.4.sdk
    export SDK_DIR_macosx\=/Applications/Xcode.app/Contents/Developer/Platforms/MacOSX.platform/Developer/SDKs/MacOSX26.4.sdk
    export SDK_DIR_macosx26_4\=/Applications/Xcode.app/Contents/Developer/Platforms/MacOSX.platform/Developer/SDKs/MacOSX26.4.sdk
    export SDK_NAME\=macosx26.4
    export SDK_NAMES\=macosx26.4
    export SDK_PRODUCT_BUILD_VERSION\=25E251
    export SDK_STAT_CACHE_DIR\=/Users/jojo/Library/Developer/Xcode/DerivedData
    export SDK_STAT_CACHE_ENABLE\=YES
    export SDK_STAT_CACHE_PATH\=/Users/jojo/Library/Developer/Xcode/DerivedData/SDKStatCaches.noindex/macosx26.4-25E251-688ef53f1462e2c8f657fdc38a81448f30f9ca8789b706f8bd3fc906a70d770f.sdkstatcache
    export SDK_VERSION\=26.4
    export SDK_VERSION_ACTUAL\=260400
    export SDK_VERSION_MAJOR\=260000
    export SDK_VERSION_MINOR\=260400
    export SED\=/usr/bin/sed
    export SEPARATE_STRIP\=NO
    export SEPARATE_SYMBOL_EDIT\=NO
    export SET_DIR_MODE_OWNER_GROUP\=YES
    export SET_FILE_MODE_OWNER_GROUP\=NO
    export SHALLOW_BUNDLE\=NO
    export SHALLOW_BUNDLE_PLATFORM\=NO
    export SHALLOW_BUNDLE_TRIPLE\=macos
    export SHALLOW_BUNDLE_ios_macabi\=NO
    export SHALLOW_BUNDLE_macos\=NO
    export SHARED_DERIVED_FILE_DIR\=/Users/jojo/Library/Developer/Xcode/DerivedData/Epistemos-ctkiyqxaarezsccbouumxcpfxvtl/Build/Products/Debug/DerivedSources
    export SHARED_FRAMEWORKS_FOLDER_PATH\=Epistemos.app/Contents/SharedFrameworks
    export SHARED_PRECOMPS_DIR\=/Users/jojo/Library/Developer/Xcode/DerivedData/Epistemos-ctkiyqxaarezsccbouumxcpfxvtl/Build/Intermediates.noindex/PrecompiledHeaders
    export SHARED_SUPPORT_FOLDER_PATH\=Epistemos.app/Contents/SharedSupport
    export SKIP_INSTALL\=NO
    export SKIP_MERGEABLE_LIBRARY_BUNDLE_HOOK\=NO
    export SOURCE_ROOT\=/Users/jojo/Downloads/Epistemos
    export SRCROOT\=/Users/jojo/Downloads/Epistemos
    export STRINGSDATA_DIR\=/Users/jojo/Library/Developer/Xcode/DerivedData/Epistemos-ctkiyqxaarezsccbouumxcpfxvtl/Build/Intermediates.noindex/Epistemos.build/Debug/Epistemos.build/Objects-normal/undefined_arch
    export STRINGSDATA_ROOT\=/Users/jojo/Library/Developer/Xcode/DerivedData/Epistemos-ctkiyqxaarezsccbouumxcpfxvtl/Build/Intermediates.noindex/Epistemos.build/Debug/Epistemos.build
    export STRINGS_FILE_INFOPLIST_RENAME\=YES
    export STRINGS_FILE_OUTPUT_ENCODING\=UTF-16
    export STRING_CATALOG_GENERATE_SYMBOLS\=NO
    export STRIP_BITCODE_FROM_COPIED_FILES\=NO
    export STRIP_INSTALLED_PRODUCT\=NO
    export STRIP_PNG_TEXT\=NO
    export STRIP_STYLE\=all
    export STRIP_SWIFT_SYMBOLS\=YES
    export SUPPORTED_PLATFORMS\=macosx
    export SUPPORTS_MACCATALYST\=NO
    export SUPPORTS_ON_DEMAND_RESOURCES\=NO
    export SUPPORTS_TEXT_BASED_API\=NO
    export SUPPRESS_WARNINGS\=NO
    export SWIFT_ACTIVE_COMPILATION_CONDITIONS\=DEBUG\ EPISTEMOS_LINK_SUBSTRATE_RT
    export SWIFT_COMPILATION_MODE\=singlefile
    export SWIFT_DEFAULT_ACTOR_ISOLATION\=MainActor
    export SWIFT_EMIT_CONST_VALUE_PROTOCOLS\=AnyResolverProviding\ AppEntity\ AppEnum\ AppExtension\ AppIntent\ AppIntentsPackage\ AppShortcutProviding\ AppShortcutsProvider\ DynamicOptionsProvider\ EntityQuery\ ExtensionPointDefining\ IntentValueQuery\ Resolver\ TransientEntity\ _AssistantIntentsProvider\ _GenerativeFunctionExtractable\ _IntentValueRepresentable
    export SWIFT_EMIT_LOC_STRINGS\=YES
    export SWIFT_ENABLE_EXPLICIT_MODULES\=YES
    export SWIFT_INCLUDE_PATHS\=/Users/jojo/Library/Developer/Xcode/DerivedData/Epistemos-ctkiyqxaarezsccbouumxcpfxvtl/Build/Products/Debug\ /Users/jojo/Downloads/Epistemos/build-rust/swift-bindings/omega_mcpFFI\ /Users/jojo/Downloads/Epistemos/build-rust/swift-bindings/omega_axFFI\ /Users/jojo/Downloads/Epistemos/build-rust/swift-bindings/epistemos_coreFFI\ /Users/jojo/Downloads/Epistemos/build-rust/swift-bindings/agent_coreFFI
    export SWIFT_OBJC_BRIDGING_HEADER\=Epistemos-Bridging-Header.h
    export SWIFT_OPTIMIZATION_LEVEL\=-Onone
    export SWIFT_PLATFORM_TARGET_PREFIX\=macos
    export SWIFT_RESPONSE_FILE_PATH_normal_arm64\=/Users/jojo/Library/Developer/Xcode/DerivedData/Epistemos-ctkiyqxaarezsccbouumxcpfxvtl/Build/Intermediates.noindex/Epistemos.build/Debug/Epistemos.build/Objects-normal/arm64/Epistemos.SwiftFileList
    export SWIFT_VERSION\=6.0
    export SYMROOT\=/Users/jojo/Library/Developer/Xcode/DerivedData/Epistemos-ctkiyqxaarezsccbouumxcpfxvtl/Build/Products
    export SYSTEM_ADMIN_APPS_DIR\=/Applications/Utilities
    export SYSTEM_APPS_DIR\=/Applications
    export SYSTEM_CORE_SERVICES_DIR\=/System/Library/CoreServices
    export SYSTEM_DEMOS_DIR\=/Applications/Extras
    export SYSTEM_DEVELOPER_APPS_DIR\=/Applications/Xcode.app/Contents/Developer/Applications
    export SYSTEM_DEVELOPER_BIN_DIR\=/Applications/Xcode.app/Contents/Developer/usr/bin
    export SYSTEM_DEVELOPER_DEMOS_DIR\=/Applications/Xcode.app/Contents/Developer/Applications/Utilities/Built\ Examples
    export SYSTEM_DEVELOPER_DIR\=/Applications/Xcode.app/Contents/Developer
    export SYSTEM_DEVELOPER_DOC_DIR\=/Applications/Xcode.app/Contents/Developer/ADC\ Reference\ Library
    export SYSTEM_DEVELOPER_GRAPHICS_TOOLS_DIR\=/Applications/Xcode.app/Contents/Developer/Applications/Graphics\ Tools
    export SYSTEM_DEVELOPER_JAVA_TOOLS_DIR\=/Applications/Xcode.app/Contents/Developer/Applications/Java\ Tools
    export SYSTEM_DEVELOPER_PERFORMANCE_TOOLS_DIR\=/Applications/Xcode.app/Contents/Developer/Applications/Performance\ Tools
    export SYSTEM_DEVELOPER_RELEASENOTES_DIR\=/Applications/Xcode.app/Contents/Developer/ADC\ Reference\ Library/releasenotes
    export SYSTEM_DEVELOPER_TOOLS\=/Applications/Xcode.app/Contents/Developer/Tools
    export SYSTEM_DEVELOPER_TOOLS_DOC_DIR\=/Applications/Xcode.app/Contents/Developer/ADC\ Reference\ Library/documentation/DeveloperTools
    export SYSTEM_DEVELOPER_TOOLS_RELEASENOTES_DIR\=/Applications/Xcode.app/Contents/Developer/ADC\ Reference\ Library/releasenotes/DeveloperTools
    export SYSTEM_DEVELOPER_USR_DIR\=/Applications/Xcode.app/Contents/Developer/usr
    export SYSTEM_DEVELOPER_UTILITIES_DIR\=/Applications/Xcode.app/Contents/Developer/Applications/Utilities
    export SYSTEM_DEXT_INSTALL_PATH\=/System/Library/DriverExtensions
    export SYSTEM_DOCUMENTATION_DIR\=/Library/Documentation
    export SYSTEM_EXTENSIONS_FOLDER_PATH\=Epistemos.app/Contents/Library/SystemExtensions
    export SYSTEM_EXTENSIONS_FOLDER_PATH_SHALLOW_BUNDLE_NO\=Epistemos.app/Contents/Library/SystemExtensions
    export SYSTEM_EXTENSIONS_FOLDER_PATH_SHALLOW_BUNDLE_YES\=Epistemos.app/Contents/SystemExtensions
    export SYSTEM_KEXT_INSTALL_PATH\=/System/Library/Extensions
    export SYSTEM_LIBRARY_DIR\=/System/Library
    export TAPI_DEMANGLE\=YES
    export TAPI_ENABLE_PROJECT_HEADERS\=NO
    export TAPI_LANGUAGE\=objective-c
    export TAPI_LANGUAGE_STANDARD\=compiler-default
    export TAPI_USE_SRCROOT\=YES
    export TAPI_VERIFY_MODE\=Pedantic
    export TARGETNAME\=Epistemos
    export TARGET_BUILD_DIR\=/Users/jojo/Library/Developer/Xcode/DerivedData/Epistemos-ctkiyqxaarezsccbouumxcpfxvtl/Build/Products/Debug
    export TARGET_NAME\=Epistemos
    export TARGET_TEMP_DIR\=/Users/jojo/Library/Developer/Xcode/DerivedData/Epistemos-ctkiyqxaarezsccbouumxcpfxvtl/Build/Intermediates.noindex/Epistemos.build/Debug/Epistemos.build
    export TEMP_DIR\=/Users/jojo/Library/Developer/Xcode/DerivedData/Epistemos-ctkiyqxaarezsccbouumxcpfxvtl/Build/Intermediates.noindex/Epistemos.build/Debug/Epistemos.build
    export TEMP_FILES_DIR\=/Users/jojo/Library/Developer/Xcode/DerivedData/Epistemos-ctkiyqxaarezsccbouumxcpfxvtl/Build/Intermediates.noindex/Epistemos.build/Debug/Epistemos.build
    export TEMP_FILE_DIR\=/Users/jojo/Library/Developer/Xcode/DerivedData/Epistemos-ctkiyqxaarezsccbouumxcpfxvtl/Build/Intermediates.noindex/Epistemos.build/Debug/Epistemos.build
    export TEMP_ROOT\=/Users/jojo/Library/Developer/Xcode/DerivedData/Epistemos-ctkiyqxaarezsccbouumxcpfxvtl/Build/Intermediates.noindex
    export TEMP_SANDBOX_DIR\=/Users/jojo/Library/Developer/Xcode/DerivedData/Epistemos-ctkiyqxaarezsccbouumxcpfxvtl/Build/Intermediates.noindex/TemporaryTaskSandboxes
    export TEST_FRAMEWORK_SEARCH_PATHS\=\ /Applications/Xcode.app/Contents/Developer/Platforms/MacOSX.platform/Developer/Library/Frameworks
    export TEST_LIBRARY_SEARCH_PATHS\=\ /Applications/Xcode.app/Contents/Developer/Platforms/MacOSX.platform/Developer/usr/lib
    export TOOLCHAINS\=com.apple.dt.toolchain.Metal.32023.883\ com.apple.dt.toolchain.XcodeDefault
    export TOOLCHAIN_DIR\=/var/run/com.apple.security.cryptexd/mnt/com.apple.MobileAsset.MetalToolchain-v17.5.188.0.0yVXtr/Metal.xctoolchain
    export TOOLCHAIN_VERSION\=32023.883
    export TREAT_MISSING_BASELINES_AS_TEST_FAILURES\=NO
    export TREAT_MISSING_SCRIPT_PHASE_OUTPUTS_AS_ERRORS\=NO
    export TeamIdentifierPrefix\=3BNL2669SL.
    export UID\=501
    export UNINSTALLED_PRODUCTS_DIR\=/Users/jojo/Library/Developer/Xcode/DerivedData/Epistemos-ctkiyqxaarezsccbouumxcpfxvtl/Build/Intermediates.noindex/UninstalledProducts
    export UNLOCALIZED_RESOURCES_FOLDER_PATH\=Epistemos.app/Contents/Resources
    export UNLOCALIZED_RESOURCES_FOLDER_PATH_SHALLOW_BUNDLE_NO\=Epistemos.app/Contents/Resources
    export UNLOCALIZED_RESOURCES_FOLDER_PATH_SHALLOW_BUNDLE_YES\=Epistemos.app/Contents
    export UNSTRIPPED_PRODUCT\=NO
    export USER\=jojo
    export USER_APPS_DIR\=/Users/jojo/Applications
    export USER_LIBRARY_DIR\=/Users/jojo/Library
    export USE_DYNAMIC_NO_PIC\=YES
    export USE_HEADERMAP\=YES
    export USE_HEADER_SYMLINKS\=NO
    export VALIDATE_DEVELOPMENT_ASSET_PATHS\=YES_ERROR
    export VALIDATE_PRODUCT\=NO
    export VALID_ARCHS\=arm64\ arm64e\ i386\ x86_64
    export VERBOSE_PBXCP\=NO
    export VERSIONPLIST_PATH\=Epistemos.app/Contents/version.plist
    export VERSION_INFO_BUILDER\=jojo
    export VERSION_INFO_FILE\=Epistemos_vers.c
    export VERSION_INFO_STRING\=\"@\(\#\)PROGRAM:Epistemos\ \ PROJECT:Epistemos-\"
    export WORKSPACE_DIR\=/Users/jojo/Downloads/Epistemos/Epistemos.xcodeproj
    export WRAPPER_EXTENSION\=app
    export WRAPPER_NAME\=Epistemos.app
    export WRAPPER_SUFFIX\=.app
    export WRAP_ASSET_PACKS_IN_SEPARATE_DIRECTORIES\=NO
    export XCODE_APP_SUPPORT_DIR\=/Applications/Xcode.app/Contents/Developer/Library/Xcode
    export XCODE_PRODUCT_BUILD_VERSION\=17E202
    export XCODE_VERSION_ACTUAL\=2641
    export XCODE_VERSION_MAJOR\=2600
    export XCODE_VERSION_MINOR\=2640
    export XPCSERVICES_FOLDER_PATH\=Epistemos.app/Contents/XPCServices
    export YACC\=yacc
    export _BOOL_\=NO
    export _BOOL_NO\=NO
    export _BOOL_YES\=YES
    export _DEVELOPMENT_TEAM_IS_EMPTY\=NO
    export _DISCOVER_COMMAND_LINE_LINKER_INPUTS\=YES
    export _DISCOVER_COMMAND_LINE_LINKER_INPUTS_INCLUDE_WL\=YES
    export _IS_EMPTY_\=YES
    export _LD_MULTIARCH\=YES
    export _MACOSX_DEPLOYMENT_TARGET_IS_EMPTY\=NO
    export _WRAPPER_CONTENTS_DIR\=/Contents
    export _WRAPPER_CONTENTS_DIR_SHALLOW_BUNDLE_NO\=/Contents
    export _WRAPPER_PARENT_PATH\=/..
    export _WRAPPER_PARENT_PATH_SHALLOW_BUNDLE_NO\=/..
    export _WRAPPER_RESOURCES_DIR\=/Resources
    export _WRAPPER_RESOURCES_DIR_SHALLOW_BUNDLE_NO\=/Resources
    export __DIAGNOSE_DEPRECATED_ARCHS\=YES
    export __IS_NOT_MACOS\=NO
    export __IS_NOT_MACOS_macosx\=NO
    export __IS_NOT_SIMULATOR\=YES
    export __IS_NOT_SIMULATOR_simulator\=NO
    export __ORIGINAL_SDK_DEFINED_LLVM_TARGET_TRIPLE_SYS\=macos
    export arch\=undefined_arch
    export variant\=normal
    /bin/sh -c /Users/jojo/Library/Developer/Xcode/DerivedData/Epistemos-ctkiyqxaarezsccbouumxcpfxvtl/Build/Intermediates.noindex/Epistemos.build/Debug/Epistemos.build/Script-9ECE8015F787406179285179.sh
    Finished `dev` profile [unoptimized + debuginfo] target(s) in 0.46s
    Finished `dev` profile [unoptimized + debuginfo] target(s) in 0.27s
    Finished `dev` profile [unoptimized + debuginfo] target(s) in 0.05s
    Finished `dev` profile [unoptimized + debuginfo] target(s) in 0.05s
    Finished `dev` profile [unoptimized + debuginfo] target(s) in 0.29s
    Finished `dev` profile [unoptimized + debuginfo] target(s) in 0.17s
Patched: ../build-rust/swift-bindings/omega_mcp.swift
omega-mcp build complete
    Finished `dev` profile [unoptimized + debuginfo] target(s) in 0.11s
    Finished `dev` profile [unoptimized + debuginfo] target(s) in 0.07s
Patched: ../build-rust/swift-bindings/omega_ax.swift
omega-ax build complete
    Finished `dev` profile [unoptimized + debuginfo] target(s) in 0.47s
    Finished `dev` profile [unoptimized + debuginfo] target(s) in 0.32s
Patched: ../build-rust/swift-bindings/epistemos_core.swift
epistemos-core build complete
   Compiling ring v0.17.14
   Compiling zstd-sys v2.0.16+zstd.1.5.7
   Compiling libsqlite3-sys v0.30.1
   Compiling libz-sys v1.1.25
   Compiling libgit2-sys v0.17.0+1.8.1
   Compiling rustls v0.23.37
   Compiling rustls-webpki v0.103.10
   Compiling zstd-safe v7.2.4
   Compiling sqlx-core v0.8.6
   Compiling sqlx-sqlite v0.8.6
   Compiling sqlx-macros-core v0.8.6
   Compiling sqlx-macros v0.8.6
   Compiling rusqlite v0.32.1
   Compiling zstd v0.13.3
   Compiling git2 v0.19.0
   Compiling tantivy-sstable v0.3.0
   Compiling tokio-rustls v0.26.4
   Compiling hyper-rustls v0.27.7
   Compiling lettre v0.11.21
   Compiling tantivy-columnar v0.3.0
   Compiling reqwest v0.12.28
   Compiling tantivy v0.22.1
   Compiling sqlx v0.8.6
   Compiling apalis-sqlite v1.0.0-rc.7
   Compiling agent_core v0.1.0 (/Users/jojo/Downloads/Epistemos/agent_core)
    Finished `dev` profile [unoptimized + debuginfo] target(s) in 2m 29s
Patched: ../build-rust/swift-bindings/agent_core.swift
agent-core build complete
    Finished `dev` profile [unoptimized + debuginfo] target(s) in 0.28s
    Finished `dev` profile [unoptimized + debuginfo] target(s) in 0.17s
epistemos-shadow build complete (dylib)
    Finished `dev` profile [unoptimized + debuginfo] target(s) in 0.03s
    Finished `dev` profile [unoptimized + debuginfo] target(s) in 0.02s
    Finished `dev` profile [unoptimized + debuginfo] target(s) in 0.01s
    Finished `dev` profile [unoptimized + debuginfo] target(s) in 0.00s

> epistemos-tiptap-bundle@0.1.0 build
> webpack --mode production --mode production

assets by path vendor/katex/fonts/ 1.03 MiB 60 assets
assets by path *.br 489 KiB
  asset editor.js.br 254 KiB [compared for emit] [big]
  + 3 assets
assets by path *.js 1.81 MiB
  asset editor.js 1 MiB [compared for emit] [minimized] [big] (name: editor)
  asset code-editor.js 821 KiB [compared for emit] [minimized] [big] (name: code-editor)
assets by path *.css 45.4 KiB
  asset editor.css 40 KiB [compared for emit] (name: editor)
  asset code-editor.css 5.47 KiB [compared for emit] (name: code-editor)
assets by path *.html 634 bytes
  asset editor.html 336 bytes [compared for emit]
  asset code-editor.html 298 bytes [compared for emit]
asset vendor/katex/katex.min.css 23.2 KiB [compared for emit] [from: node_modules/katex/dist/katex.min.css] [copied]
asset vendor/katex/katex.min.css.br 2.84 KiB [compared for emit]
Entrypoint editor [big] 1.04 MiB = editor.css 40 KiB editor.js 1 MiB
Entrypoint code-editor [big] 826 KiB = code-editor.css 5.47 KiB code-editor.js 821 KiB
orphan modules 5.61 MiB (javascript) 1.03 MiB (asset) 2.84 KiB (runtime) [orphan] 459 modules
runtime modules 221 bytes 1 module
cacheable modules 4.48 MiB (javascript) 47.5 KiB (css/mini-extract)
  modules by path ./src/ 4.41 MiB (javascript) 21.4 KiB (css/mini-extract)
    javascript modules 4.41 MiB
      ./src/index.ts + 157 modules 2.75 MiB [built] [code generated]
      ./src/code-editor.ts + 31 modules 1.66 MiB [built] [code generated]
    modules by path ./src/*.css 21.4 KiB
      css ./node_modules/css-loader/dist/cjs.js??ruleSet[1].rules[1].use[1]!./src/editor.css 15.9 KiB [built] [code generated]
      css ./node_modules/css-loader/dist/cjs.js??ruleSet[1].rules[1].use[1]!./src/code-editor.css 5.47 KiB [built] [code generated]
  modules by path ./node_modules/ 26.1 KiB (css/mini-extract) 74.2 KiB (javascript)
    css ./node_modules/css-loader/dist/cjs.js??ruleSet[1].rules[1].use[1]!./node_modules/katex/dist/katex.min.css 26.1 KiB [built] [code generated]
    ./node_modules/highlight.js/lib/core.js 74.2 KiB [built] [code generated]
webpack 5.106.2 compiled successfully in 9487 ms

SwiftDriver Epistemos normal arm64 com.apple.xcode.tools.swift.compiler (in target 'Epistemos' from project 'Epistemos')
    cd /Users/jojo/Downloads/Epistemos
    builtin-SwiftDriver -- /Applications/Xcode.app/Contents/Developer/Toolchains/XcodeDefault.xctoolchain/usr/bin/swiftc -module-name Epistemos -Onone @/Users/jojo/Library/Developer/Xcode/DerivedData/Epistemos-ctkiyqxaarezsccbouumxcpfxvtl/Build/Intermediates.noindex/Epistemos.build/Debug/Epistemos.build/Objects-normal/arm64/Epistemos.SwiftFileList -DDEBUG -DEPISTEMOS_LINK_SUBSTRATE_RT -Xcc -fmodule-map-file\=/Users/jojo/Library/Developer/Xcode/DerivedData/Epistemos-ctkiyqxaarezsccbouumxcpfxvtl/SourcePackages/checkouts/GRDB.swift/Sources/GRDBSQLite/module.modulemap -Xcc -fmodule-map-file\=/Users/jojo/Library/Developer/Xcode/DerivedData/Epistemos-ctkiyqxaarezsccbouumxcpfxvtl/Build/Intermediates.noindex/GeneratedModuleMaps/CNIOWASI.modulemap -Xcc -fmodule-map-file\=/Users/jojo/Library/Developer/Xcode/DerivedData/Epistemos-ctkiyqxaarezsccbouumxcpfxvtl/Build/Intermediates.noindex/GeneratedModuleMaps/CNIOLinux.modulemap -Xcc -fmodule-map-file\=/Users/jojo/Library/Developer/Xcode/DerivedData/Epistemos-ctkiyqxaarezsccbouumxcpfxvtl/Build/Intermediates.noindex/GeneratedModuleMaps/CNIODarwin.modulemap -Xcc -fmodule-map-file\=/Users/jojo/Library/Developer/Xcode/DerivedData/Epistemos-ctkiyqxaarezsccbouumxcpfxvtl/Build/Intermediates.noindex/GeneratedModuleMaps/CNIOOpenBSD.modulemap -Xcc -fmodule-map-file\=/Users/jojo/Library/Developer/Xcode/DerivedData/Epistemos-ctkiyqxaarezsccbouumxcpfxvtl/Build/Intermediates.noindex/GeneratedModuleMaps/CNIOAtomics.modulemap -Xcc -fmodule-map-file\=/Users/jojo/Library/Developer/Xcode/DerivedData/Epistemos-ctkiyqxaarezsccbouumxcpfxvtl/Build/Intermediates.noindex/GeneratedModuleMaps/Internal.modulemap -Xcc -fmodule-map-file\=/Users/jojo/Library/Developer/Xcode/DerivedData/Epistemos-ctkiyqxaarezsccbouumxcpfxvtl/Build/Intermediates.noindex/GeneratedModuleMaps/TreeSitter.modulemap -Xcc -fmodule-map-file\=/Users/jojo/Library/Developer/Xcode/DerivedData/Epistemos-ctkiyqxaarezsccbouumxcpfxvtl/Build/Intermediates.noindex/GeneratedModuleMaps/yyjson.modulemap -default-isolation\=MainActor -enable-experimental-feature DebugDescriptionMacro -sdk /Applications/Xcode.app/Contents/Developer/Platforms/MacOSX.platform/Developer/SDKs/MacOSX26.4.sdk -target arm64-apple-macos26.0 -g -module-cache-path /Users/jojo/Library/Developer/Xcode/DerivedData/ModuleCache.noindex -Xfrontend -serialize-debugging-options -enable-testing -index-store-path /Users/jojo/Library/Developer/Xcode/DerivedData/Epistemos-ctkiyqxaarezsccbouumxcpfxvtl/Index.noindex/DataStore -Xcc -D_LIBCPP_HARDENING_MODE\=_LIBCPP_HARDENING_MODE_DEBUG -swift-version 6 -I /Users/jojo/Library/Developer/Xcode/DerivedData/Epistemos-ctkiyqxaarezsccbouumxcpfxvtl/Build/Products/Debug -I /Users/jojo/Downloads/Epistemos/build-rust/swift-bindings/omega_mcpFFI -I /Users/jojo/Downloads/Epistemos/build-rust/swift-bindings/omega_axFFI -I /Users/jojo/Downloads/Epistemos/build-rust/swift-bindings/epistemos_coreFFI -I /Users/jojo/Downloads/Epistemos/build-rust/swift-bindings/agent_coreFFI -F /Users/jojo/Library/Developer/Xcode/DerivedData/Epistemos-ctkiyqxaarezsccbouumxcpfxvtl/Build/Products/Debug/PackageFrameworks -F /Users/jojo/Library/Developer/Xcode/DerivedData/Epistemos-ctkiyqxaarezsccbouumxcpfxvtl/Build/Products/Debug/PackageFrameworks -F /Users/jojo/Library/Developer/Xcode/DerivedData/Epistemos-ctkiyqxaarezsccbouumxcpfxvtl/Build/Products/Debug/PackageFrameworks -F /Users/jojo/Library/Developer/Xcode/DerivedData/Epistemos-ctkiyqxaarezsccbouumxcpfxvtl/Build/Products/Debug/PackageFrameworks -F /Users/jojo/Library/Developer/Xcode/DerivedData/Epistemos-ctkiyqxaarezsccbouumxcpfxvtl/Build/Products/Debug/PackageFrameworks -F /Users/jojo/Library/Developer/Xcode/DerivedData/Epistemos-ctkiyqxaarezsccbouumxcpfxvtl/Build/Products/Debug/PackageFrameworks -F /Users/jojo/Library/Developer/Xcode/DerivedData/Epistemos-ctkiyqxaarezsccbouumxcpfxvtl/Build/Products/Debug/PackageFrameworks -F /Users/jojo/Library/Developer/Xcode/DerivedData/Epistemos-ctkiyqxaarezsccbouumxcpfxvtl/Build/Products/Debug/PackageFrameworks -F /Users/jojo/Library/Developer/Xcode/DerivedData/Epistemos-ctkiyqxaarezsccbouumxcpfxvtl/Build/Products/Debug/PackageFrameworks -F /Users/jojo/Library/Developer/Xcode/DerivedData/Epistemos-ctkiyqxaarezsccbouumxcpfxvtl/Build/Products/Debug/PackageFrameworks -F /Users/jojo/Library/Developer/Xcode/DerivedData/Epistemos-ctkiyqxaarezsccbouumxcpfxvtl/Build/Products/Debug/PackageFrameworks -F /Users/jojo/Library/Developer/Xcode/DerivedData/Epistemos-ctkiyqxaarezsccbouumxcpfxvtl/Build/Products/Debug/PackageFrameworks -F /Users/jojo/Library/Developer/Xcode/DerivedData/Epistemos-ctkiyqxaarezsccbouumxcpfxvtl/Build/Products/Debug/PackageFrameworks -F /Users/jojo/Library/Developer/Xcode/DerivedData/Epistemos-ctkiyqxaarezsccbouumxcpfxvtl/Build/Products/Debug/PackageFrameworks -F /Users/jojo/Library/Developer/Xcode/DerivedData/Epistemos-ctkiyqxaarezsccbouumxcpfxvtl/Build/Products/Debug/PackageFrameworks -F /Users/jojo/Library/Developer/Xcode/DerivedData/Epistemos-ctkiyqxaarezsccbouumxcpfxvtl/Build/Products/Debug/PackageFrameworks -F /Users/jojo/Library/Developer/Xcode/DerivedData/Epistemos-ctkiyqxaarezsccbouumxcpfxvtl/Build/Products/Debug/PackageFrameworks -F /Users/jojo/Library/Developer/Xcode/DerivedData/Epistemos-ctkiyqxaarezsccbouumxcpfxvtl/Build/Products/Debug/PackageFrameworks -F /Users/jojo/Library/Developer/Xcode/DerivedData/Epistemos-ctkiyqxaarezsccbouumxcpfxvtl/Build/Products/Debug/PackageFrameworks -F /Users/jojo/Library/Developer/Xcode/DerivedData/Epistemos-ctkiyqxaarezsccbouumxcpfxvtl/Build/Products/Debug/PackageFrameworks -F /Users/jojo/Library/Developer/Xcode/DerivedData/Epistemos-ctkiyqxaarezsccbouumxcpfxvtl/Build/Products/Debug/PackageFrameworks -F /Users/jojo/Library/Developer/Xcode/DerivedData/Epistemos-ctkiyqxaarezsccbouumxcpfxvtl/Build/Products/Debug/PackageFrameworks -F /Users/jojo/Library/Developer/Xcode/DerivedData/Epistemos-ctkiyqxaarezsccbouumxcpfxvtl/Build/Products/Debug/PackageFrameworks -F /Users/jojo/Library/Developer/Xcode/DerivedData/Epistemos-ctkiyqxaarezsccbouumxcpfxvtl/Build/Products/Debug/PackageFrameworks -F /Users/jojo/Library/Developer/Xcode/DerivedData/Epistemos-ctkiyqxaarezsccbouumxcpfxvtl/Build/Products/Debug/PackageFrameworks -F /Users/jojo/Library/Developer/Xcode/DerivedData/Epistemos-ctkiyqxaarezsccbouumxcpfxvtl/Build/Products/Debug/PackageFrameworks -F /Users/jojo/Library/Developer/Xcode/DerivedData/Epistemos-ctkiyqxaarezsccbouumxcpfxvtl/Build/Products/Debug/PackageFrameworks -F /Users/jojo/Library/Developer/Xcode/DerivedData/Epistemos-ctkiyqxaarezsccbouumxcpfxvtl/Build/Products/Debug/PackageFrameworks -F /Users/jojo/Library/Developer/Xcode/DerivedData/Epistemos-ctkiyqxaarezsccbouumxcpfxvtl/Build/Products/Debug/PackageFrameworks -F /Users/jojo/Library/Developer/Xcode/DerivedData/Epistemos-ctkiyqxaarezsccbouumxcpfxvtl/Build/Products/Debug/PackageFrameworks -F /Users/jojo/Library/Developer/Xcode/DerivedData/Epistemos-ctkiyqxaarezsccbouumxcpfxvtl/Build/Products/Debug/PackageFrameworks -F /Users/jojo/Library/Developer/Xcode/DerivedData/Epistemos-ctkiyqxaarezsccbouumxcpfxvtl/Build/Products/Debug/PackageFrameworks -F /Users/jojo/Library/Developer/Xcode/DerivedData/Epistemos-ctkiyqxaarezsccbouumxcpfxvtl/Build/Products/Debug/PackageFrameworks -F /Users/jojo/Library/Developer/Xcode/DerivedData/Epistemos-ctkiyqxaarezsccbouumxcpfxvtl/Build/Products/Debug/PackageFrameworks -F /Users/jojo/Library/Developer/Xcode/DerivedData/Epistemos-ctkiyqxaarezsccbouumxcpfxvtl/Build/Products/Debug/PackageFrameworks -F /Users/jojo/Library/Developer/Xcode/DerivedData/Epistemos-ctkiyqxaarezsccbouumxcpfxvtl/Build/Products/Debug/PackageFrameworks -F /Users/jojo/Library/Developer/Xcode/DerivedData/Epistemos-ctkiyqxaarezsccbouumxcpfxvtl/Build/Products/Debug/PackageFrameworks -F /Users/jojo/Library/Developer/Xcode/DerivedData/Epistemos-ctkiyqxaarezsccbouumxcpfxvtl/Build/Products/Debug/PackageFrameworks -F /Users/jojo/Library/Developer/Xcode/DerivedData/Epistemos-ctkiyqxaarezsccbouumxcpfxvtl/Build/Products/Debug/PackageFrameworks -F /Users/jojo/Library/Developer/Xcode/DerivedData/Epistemos-ctkiyqxaarezsccbouumxcpfxvtl/Build/Products/Debug/PackageFrameworks -F /Users/jojo/Library/Developer/Xcode/DerivedData/Epistemos-ctkiyqxaarezsccbouumxcpfxvtl/Build/Products/Debug/PackageFrameworks -F /Users/jojo/Library/Developer/Xcode/DerivedData/Epistemos-ctkiyqxaarezsccbouumxcpfxvtl/Build/Products/Debug/PackageFrameworks -F /Users/jojo/Library/Developer/Xcode/DerivedData/Epistemos-ctkiyqxaarezsccbouumxcpfxvtl/Build/Products/Debug/PackageFrameworks -F /Users/jojo/Library/Developer/Xcode/DerivedData/Epistemos-ctkiyqxaarezsccbouumxcpfxvtl/Build/Products/Debug/PackageFrameworks -F /Users/jojo/Library/Developer/Xcode/DerivedData/Epistemos-ctkiyqxaarezsccbouumxcpfxvtl/Build/Products/Debug/PackageFrameworks -F /Users/jojo/Library/Developer/Xcode/DerivedData/Epistemos-ctkiyqxaarezsccbouumxcpfxvtl/Build/Products/Debug/PackageFrameworks -F /Users/jojo/Library/Developer/Xcode/DerivedData/Epistemos-ctkiyqxaarezsccbouumxcpfxvtl/Build/Products/Debug/PackageFrameworks -F /Users/jojo/Library/Developer/Xcode/DerivedData/Epistemos-ctkiyqxaarezsccbouumxcpfxvtl/Build/Products/Debug/PackageFrameworks -F /Users/jojo/Library/Developer/Xcode/DerivedData/Epistemos-ctkiyqxaarezsccbouumxcpfxvtl/Build/Products/Debug/PackageFrameworks -F /Users/jojo/Library/Developer/Xcode/DerivedData/Epistemos-ctkiyqxaarezsccbouumxcpfxvtl/Build/Products/Debug/PackageFrameworks -F /Users/jojo/Library/Developer/Xcode/DerivedData/Epistemos-ctkiyqxaarezsccbouumxcpfxvtl/Build/Products/Debug/PackageFrameworks -F /Users/jojo/Library/Developer/Xcode/DerivedData/Epistemos-ctkiyqxaarezsccbouumxcpfxvtl/Build/Products/Debug/PackageFrameworks -F /Users/jojo/Library/Developer/Xcode/DerivedData/Epistemos-ctkiyqxaarezsccbouumxcpfxvtl/Build/Products/Debug/PackageFrameworks -F /Users/jojo/Library/Developer/Xcode/DerivedData/Epistemos-ctkiyqxaarezsccbouumxcpfxvtl/Build/Products/Debug/PackageFrameworks -F /Users/jojo/Library/Developer/Xcode/DerivedData/Epistemos-ctkiyqxaarezsccbouumxcpfxvtl/Build/Products/Debug/PackageFrameworks -F /Users/jojo/Library/Developer/Xcode/DerivedData/Epistemos-ctkiyqxaarezsccbouumxcpfxvtl/Build/Products/Debug/PackageFrameworks -F /Users/jojo/Library/Developer/Xcode/DerivedData/Epistemos-ctkiyqxaarezsccbouumxcpfxvtl/Build/Products/Debug/PackageFrameworks -F /Users/jojo/Library/Developer/Xcode/DerivedData/Epistemos-ctkiyqxaarezsccbouumxcpfxvtl/Build/Products/Debug/PackageFrameworks -F /Users/jojo/Library/Developer/Xcode/DerivedData/Epistemos-ctkiyqxaarezsccbouumxcpfxvtl/Build/Products/Debug/PackageFrameworks -F /Users/jojo/Library/Developer/Xcode/DerivedData/Epistemos-ctkiyqxaarezsccbouumxcpfxvtl/Build/Products/Debug/PackageFrameworks -F /Users/jojo/Library/Developer/Xcode/DerivedData/Epistemos-ctkiyqxaarezsccbouumxcpfxvtl/Build/Products/Debug/PackageFrameworks -F /Users/jojo/Library/Developer/Xcode/DerivedData/Epistemos-ctkiyqxaarezsccbouumxcpfxvtl/Build/Products/Debug/PackageFrameworks -F /Users/jojo/Library/Developer/Xcode/DerivedData/Epistemos-ctkiyqxaarezsccbouumxcpfxvtl/Build/Products/Debug -emit-localized-strings -emit-localized-strings-path /Users/jojo/Library/Developer/Xcode/DerivedData/Epistemos-ctkiyqxaarezsccbouumxcpfxvtl/Build/Intermediates.noindex/Epistemos.build/Debug/Epistemos.build/Objects-normal/arm64 -c -j12 -enable-batch-mode -incremental -Xcc -ivfsstatcache -Xcc /Users/jojo/Library/Developer/Xcode/DerivedData/SDKStatCaches.noindex/macosx26.4-25E251-688ef53f1462e2c8f657fdc38a81448f30f9ca8789b706f8bd3fc906a70d770f.sdkstatcache -output-file-map /Users/jojo/Library/Developer/Xcode/DerivedData/Epistemos-ctkiyqxaarezsccbouumxcpfxvtl/Build/Intermediates.noindex/Epistemos.build/Debug/Epistemos.build/Objects-normal/arm64/Epistemos-OutputFileMap.json -use-frontend-parseable-output -save-temps -no-color-diagnostics -explicit-module-build -module-cache-path /Users/jojo/Library/Developer/Xcode/DerivedData/Epistemos-ctkiyqxaarezsccbouumxcpfxvtl/Build/Intermediates.noindex/SwiftExplicitPrecompiledModules -clang-scanner-module-cache-path /Users/jojo/Library/Developer/Xcode/DerivedData/ModuleCache.noindex -sdk-module-cache-path /Users/jojo/Library/Developer/Xcode/DerivedData/ModuleCache.noindex -serialize-diagnostics -emit-dependencies -emit-module -emit-module-path /Users/jojo/Library/Developer/Xcode/DerivedData/Epistemos-ctkiyqxaarezsccbouumxcpfxvtl/Build/Intermediates.noindex/Epistemos.build/Debug/Epistemos.build/Objects-normal/arm64/Epistemos.swiftmodule -validate-clang-modules-once -clang-build-session-file /Users/jojo/Library/Developer/Xcode/DerivedData/ModuleCache.noindex/Session.modulevalidation -Xcc -I/Users/jojo/Library/Developer/Xcode/DerivedData/Epistemos-ctkiyqxaarezsccbouumxcpfxvtl/Build/Intermediates.noindex/Epistemos.build/Debug/Epistemos.build/swift-overrides.hmap -emit-const-values -Xfrontend -const-gather-protocols-file -Xfrontend /Users/jojo/Library/Developer/Xcode/DerivedData/Epistemos-ctkiyqxaarezsccbouumxcpfxvtl/Build/Intermediates.noindex/Epistemos.build/Debug/Epistemos.build/Objects-normal/arm64/Epistemos_const_extract_protocols.json -Xcc -iquote -Xcc /Users/jojo/Library/Developer/Xcode/DerivedData/Epistemos-ctkiyqxaarezsccbouumxcpfxvtl/Build/Intermediates.noindex/Epistemos.build/Debug/Epistemos.build/Epistemos-generated-files.hmap -Xcc -I/Users/jojo/Library/Developer/Xcode/DerivedData/Epistemos-ctkiyqxaarezsccbouumxcpfxvtl/Build/Intermediates.noindex/Epistemos.build/Debug/Epistemos.build/Epistemos-own-target-headers.hmap -Xcc -I/Users/jojo/Library/Developer/Xcode/DerivedData/Epistemos-ctkiyqxaarezsccbouumxcpfxvtl/Build/Intermediates.noindex/Epistemos.build/Debug/Epistemos.build/Epistemos-all-non-framework-target-headers.hmap -Xcc -ivfsoverlay -Xcc /Users/jojo/Library/Developer/Xcode/DerivedData/Epistemos-ctkiyqxaarezsccbouumxcpfxvtl/Build/Intermediates.noindex/Epistemos.build/Debug/Epistemos-98f5f0daaeb3c27bd64a622cabaed3f2-VFS/all-product-headers.yaml -Xcc -iquote -Xcc /Users/jojo/Library/Developer/Xcode/DerivedData/Epistemos-ctkiyqxaarezsccbouumxcpfxvtl/Build/Intermediates.noindex/Epistemos.build/Debug/Epistemos.build/Epistemos-project-headers.hmap -Xcc -I/Users/jojo/Library/Developer/Xcode/DerivedData/Epistemos-ctkiyqxaarezsccbouumxcpfxvtl/SourcePackages/checkouts/swift-atomics/Sources/_AtomicsShims/include -Xcc -I/Users/jojo/Library/Developer/Xcode/DerivedData/Epistemos-ctkiyqxaarezsccbouumxcpfxvtl/SourcePackages/checkouts/swift-nio/Sources/CNIOWASI/include -Xcc -I/Users/jojo/Library/Developer/Xcode/DerivedData/Epistemos-ctkiyqxaarezsccbouumxcpfxvtl/SourcePackages/checkouts/swift-nio/Sources/CNIOWindows/include -Xcc -I/Users/jojo/Library/Developer/Xcode/DerivedData/Epistemos-ctkiyqxaarezsccbouumxcpfxvtl/SourcePackages/checkouts/swift-nio/Sources/CNIOLinux/include -Xcc -I/Users/jojo/Library/Developer/Xcode/DerivedData/Epistemos-ctkiyqxaarezsccbouumxcpfxvtl/SourcePackages/checkouts/swift-nio/Sources/CNIODarwin/include -Xcc -I/Users/jojo/Library/Developer/Xcode/DerivedData/Epistemos-ctkiyqxaarezsccbouumxcpfxvtl/SourcePackages/checkouts/swift-nio/Sources/CNIOOpenBSD/include -Xcc -I/Users/jojo/Library/Developer/Xcode/DerivedData/Epistemos-ctkiyqxaarezsccbouumxcpfxvtl/SourcePackages/checkouts/swift-nio/Sources/CNIOAtomics/include -Xcc -I/Users/jojo/Library/Developer/Xcode/DerivedData/Epistemos-ctkiyqxaarezsccbouumxcpfxvtl/SourcePackages/checkouts/swift-numerics/Sources/_NumericsShims/include -Xcc -I/Users/jojo/Library/Developer/Xcode/DerivedData/Epistemos-ctkiyqxaarezsccbouumxcpfxvtl/SourcePackages/checkouts/mlx-swift/Source/Cmlx/include -Xcc -I/Users/jojo/Library/Developer/Xcode/DerivedData/Epistemos-ctkiyqxaarezsccbouumxcpfxvtl/SourcePackages/checkouts/CodeEditTextView/Sources/CodeEditTextViewObjC/include -Xcc -I/Users/jojo/Library/Developer/Xcode/DerivedData/Epistemos-ctkiyqxaarezsccbouumxcpfxvtl/SourcePackages/checkouts/TextStory/Sources/Internal -Xcc -I/Users/jojo/Library/Developer/Xcode/DerivedData/Epistemos-ctkiyqxaarezsccbouumxcpfxvtl/SourcePackages/checkouts/tree-sitter/lib/include -Xcc -I/Users/jojo/Library/Developer/Xcode/DerivedData/Epistemos-ctkiyqxaarezsccbouumxcpfxvtl/SourcePackages/checkouts/yyjson/src -Xcc -I/Users/jojo/Library/Developer/Xcode/DerivedData/Epistemos-ctkiyqxaarezsccbouumxcpfxvtl/SourcePackages/checkouts/mlx-swift-structured/Sources/CMLXStructured/include -Xcc -I/Users/jojo/Library/Developer/Xcode/DerivedData/Epistemos-ctkiyqxaarezsccbouumxcpfxvtl/Build/Products/Debug/include -Xcc -I/Users/jojo/Library/Developer/Xcode/DerivedData/Epistemos-ctkiyqxaarezsccbouumxcpfxvtl/Build/Intermediates.noindex/Epistemos.build/Debug/Epistemos.build/DerivedSources-normal/arm64 -Xcc -I/Users/jojo/Library/Developer/Xcode/DerivedData/Epistemos-ctkiyqxaarezsccbouumxcpfxvtl/Build/Intermediates.noindex/Epistemos.build/Debug/Epistemos.build/DerivedSources/arm64 -Xcc -I/Users/jojo/Library/Developer/Xcode/DerivedData/Epistemos-ctkiyqxaarezsccbouumxcpfxvtl/Build/Intermediates.noindex/Epistemos.build/Debug/Epistemos.build/DerivedSources -Xcc -DDEBUG\=1 -emit-objc-header -emit-objc-header-path /Users/jojo/Library/Developer/Xcode/DerivedData/Epistemos-ctkiyqxaarezsccbouumxcpfxvtl/Build/Intermediates.noindex/Epistemos.build/Debug/Epistemos.build/Objects-normal/arm64/Epistemos-Swift.h -import-objc-header /Users/jojo/Downloads/Epistemos/Epistemos-Bridging-Header.h -working-directory /Users/jojo/Downloads/Epistemos -experimental-emit-module-separately -disable-cmo

CpResource /Users/jojo/Library/Developer/Xcode/DerivedData/Epistemos-ctkiyqxaarezsccbouumxcpfxvtl/Build/Products/Debug/Epistemos.app/Contents/Resources/KaTeX_AMS-Regular.woff2 /Users/jojo/Downloads/Epistemos/Epistemos/Resources/Editor/vendor/katex/fonts/KaTeX_AMS-Regular.woff2 (in target 'Epistemos' from project 'Epistemos')
    cd /Users/jojo/Downloads/Epistemos
    builtin-copy -exclude .DS_Store -exclude CVS -exclude .svn -exclude .git -exclude .hg -resolve-src-symlinks /Users/jojo/Downloads/Epistemos/Epistemos/Resources/Editor/vendor/katex/fonts/KaTeX_AMS-Regular.woff2 /Users/jojo/Library/Developer/Xcode/DerivedData/Epistemos-ctkiyqxaarezsccbouumxcpfxvtl/Build/Products/Debug/Epistemos.app/Contents/Resources

ProcessInfoPlistFile /Users/jojo/Library/Developer/Xcode/DerivedData/Epistemos-ctkiyqxaarezsccbouumxcpfxvtl/Build/Products/Debug/Epistemos.app/Contents/Info.plist /Users/jojo/Downloads/Epistemos/Epistemos-Info.plist (in target 'Epistemos' from project 'Epistemos')
    cd /Users/jojo/Downloads/Epistemos
    builtin-infoPlistUtility /Users/jojo/Downloads/Epistemos/Epistemos-Info.plist -producttype com.apple.product-type.application -genpkginfo /Users/jojo/Library/Developer/Xcode/DerivedData/Epistemos-ctkiyqxaarezsccbouumxcpfxvtl/Build/Products/Debug/Epistemos.app/Contents/PkgInfo -expandbuildsettings -platform macosx -additionalcontentfile /Users/jojo/Library/Developer/Xcode/DerivedData/Epistemos-ctkiyqxaarezsccbouumxcpfxvtl/Build/Intermediates.noindex/Epistemos.build/Debug/Epistemos.build/assetcatalog_generated_info.plist -scanforprivacyfile /Users/jojo/Library/Developer/Xcode/DerivedData/Epistemos-ctkiyqxaarezsccbouumxcpfxvtl/Build/Products/Debug/Epistemos.app/Contents/Frameworks/CodeLanguages_Container.framework -scanforprivacyfile /Users/jojo/Library/Developer/Xcode/DerivedData/Epistemos-ctkiyqxaarezsccbouumxcpfxvtl/Build/Products/Debug/Epistemos.app/Contents/Frameworks/llama.framework -scanforprivacyfile /Users/jojo/Library/Developer/Xcode/DerivedData/Epistemos-ctkiyqxaarezsccbouumxcpfxvtl/Build/Products/Debug/Epistemos.app/Contents/Resources/CodeEditLanguages_CodeEditLanguages.bundle -scanforprivacyfile /Users/jojo/Library/Developer/Xcode/DerivedData/Epistemos-ctkiyqxaarezsccbouumxcpfxvtl/Build/Products/Debug/Epistemos.app/Contents/Resources/CodeEditSymbols_CodeEditSymbols.bundle -scanforprivacyfile /Users/jojo/Library/Developer/Xcode/DerivedData/Epistemos-ctkiyqxaarezsccbouumxcpfxvtl/Build/Products/Debug/Epistemos.app/Contents/Resources/GRDB_GRDB.bundle -scanforprivacyfile /Users/jojo/Library/Developer/Xcode/DerivedData/Epistemos-ctkiyqxaarezsccbouumxcpfxvtl/Build/Products/Debug/Epistemos.app/Contents/Resources/mlx-swift_Cmlx.bundle -scanforprivacyfile /Users/jojo/Library/Developer/Xcode/DerivedData/Epistemos-ctkiyqxaarezsccbouumxcpfxvtl/Build/Products/Debug/Epistemos.app/Contents/Resources/swift-crypto_Crypto.bundle -scanforprivacyfile /Users/jojo/Library/Developer/Xcode/DerivedData/Epistemos-ctkiyqxaarezsccbouumxcpfxvtl/Build/Products/Debug/Epistemos.app/Contents/Resources/swift-transformers_Hub.bundle -o /Users/jojo/Library/Developer/Xcode/DerivedData/Epistemos-ctkiyqxaarezsccbouumxcpfxvtl/Build/Products/Debug/Epistemos.app/Contents/Info.plist

CpResource /Users/jojo/Library/Developer/Xcode/DerivedData/Epistemos-ctkiyqxaarezsccbouumxcpfxvtl/Build/Products/Debug/Epistemos.app/Contents/Resources/KaTeX_Math-Italic.woff2 /Users/jojo/Downloads/Epistemos/Epistemos/Resources/Editor/vendor/katex/fonts/KaTeX_Math-Italic.woff2 (in target 'Epistemos' from project 'Epistemos')
    cd /Users/jojo/Downloads/Epistemos
    builtin-copy -exclude .DS_Store -exclude CVS -exclude .svn -exclude .git -exclude .hg -resolve-src-symlinks /Users/jojo/Downloads/Epistemos/Epistemos/Resources/Editor/vendor/katex/fonts/KaTeX_Math-Italic.woff2 /Users/jojo/Library/Developer/Xcode/DerivedData/Epistemos-ctkiyqxaarezsccbouumxcpfxvtl/Build/Products/Debug/Epistemos.app/Contents/Resources

CpResource /Users/jojo/Library/Developer/Xcode/DerivedData/Epistemos-ctkiyqxaarezsccbouumxcpfxvtl/Build/Products/Debug/Epistemos.app/Contents/Resources/KaTeX_Main-Italic.woff2 /Users/jojo/Downloads/Epistemos/Epistemos/Resources/Editor/vendor/katex/fonts/KaTeX_Main-Italic.woff2 (in target 'Epistemos' from project 'Epistemos')
    cd /Users/jojo/Downloads/Epistemos
    builtin-copy -exclude .DS_Store -exclude CVS -exclude .svn -exclude .git -exclude .hg -resolve-src-symlinks /Users/jojo/Downloads/Epistemos/Epistemos/Resources/Editor/vendor/katex/fonts/KaTeX_Main-Italic.woff2 /Users/jojo/Library/Developer/Xcode/DerivedData/Epistemos-ctkiyqxaarezsccbouumxcpfxvtl/Build/Products/Debug/Epistemos.app/Contents/Resources

CpResource /Users/jojo/Library/Developer/Xcode/DerivedData/Epistemos-ctkiyqxaarezsccbouumxcpfxvtl/Build/Products/Debug/Epistemos.app/Contents/Resources/KaTeX_Math-BoldItalic.woff2 /Users/jojo/Downloads/Epistemos/Epistemos/Resources/Editor/vendor/katex/fonts/KaTeX_Math-BoldItalic.woff2 (in target 'Epistemos' from project 'Epistemos')
    cd /Users/jojo/Downloads/Epistemos
    builtin-copy -exclude .DS_Store -exclude CVS -exclude .svn -exclude .git -exclude .hg -resolve-src-symlinks /Users/jojo/Downloads/Epistemos/Epistemos/Resources/Editor/vendor/katex/fonts/KaTeX_Math-BoldItalic.woff2 /Users/jojo/Library/Developer/Xcode/DerivedData/Epistemos-ctkiyqxaarezsccbouumxcpfxvtl/Build/Products/Debug/Epistemos.app/Contents/Resources

CpResource /Users/jojo/Library/Developer/Xcode/DerivedData/Epistemos-ctkiyqxaarezsccbouumxcpfxvtl/Build/Products/Debug/Epistemos.app/Contents/Resources/KaTeX_Main-BoldItalic.woff2 /Users/jojo/Downloads/Epistemos/Epistemos/Resources/Editor/vendor/katex/fonts/KaTeX_Main-BoldItalic.woff2 (in target 'Epistemos' from project 'Epistemos')
    cd /Users/jojo/Downloads/Epistemos
    builtin-copy -exclude .DS_Store -exclude CVS -exclude .svn -exclude .git -exclude .hg -resolve-src-symlinks /Users/jojo/Downloads/Epistemos/Epistemos/Resources/Editor/vendor/katex/fonts/KaTeX_Main-BoldItalic.woff2 /Users/jojo/Library/Developer/Xcode/DerivedData/Epistemos-ctkiyqxaarezsccbouumxcpfxvtl/Build/Products/Debug/Epistemos.app/Contents/Resources

CpResource /Users/jojo/Library/Developer/Xcode/DerivedData/Epistemos-ctkiyqxaarezsccbouumxcpfxvtl/Build/Products/Debug/Epistemos.app/Contents/Resources/KaTeX_Main-Bold.woff2 /Users/jojo/Downloads/Epistemos/Epistemos/Resources/Editor/vendor/katex/fonts/KaTeX_Main-Bold.woff2 (in target 'Epistemos' from project 'Epistemos')
    cd /Users/jojo/Downloads/Epistemos
    builtin-copy -exclude .DS_Store -exclude CVS -exclude .svn -exclude .git -exclude .hg -resolve-src-symlinks /Users/jojo/Downloads/Epistemos/Epistemos/Resources/Editor/vendor/katex/fonts/KaTeX_Main-Bold.woff2 /Users/jojo/Library/Developer/Xcode/DerivedData/Epistemos-ctkiyqxaarezsccbouumxcpfxvtl/Build/Products/Debug/Epistemos.app/Contents/Resources

CpResource /Users/jojo/Library/Developer/Xcode/DerivedData/Epistemos-ctkiyqxaarezsccbouumxcpfxvtl/Build/Products/Debug/Epistemos.app/Contents/Resources/KaTeX_Fraktur-Regular.woff2 /Users/jojo/Downloads/Epistemos/Epistemos/Resources/Editor/vendor/katex/fonts/KaTeX_Fraktur-Regular.woff2 (in target 'Epistemos' from project 'Epistemos')
    cd /Users/jojo/Downloads/Epistemos
    builtin-copy -exclude .DS_Store -exclude CVS -exclude .svn -exclude .git -exclude .hg -resolve-src-symlinks /Users/jojo/Downloads/Epistemos/Epistemos/Resources/Editor/vendor/katex/fonts/KaTeX_Fraktur-Regular.woff2 /Users/jojo/Library/Developer/Xcode/DerivedData/Epistemos-ctkiyqxaarezsccbouumxcpfxvtl/Build/Products/Debug/Epistemos.app/Contents/Resources

CpResource /Users/jojo/Library/Developer/Xcode/DerivedData/Epistemos-ctkiyqxaarezsccbouumxcpfxvtl/Build/Products/Debug/Epistemos.app/Contents/Resources/KaTeX_SansSerif-Italic.woff2 /Users/jojo/Downloads/Epistemos/Epistemos/Resources/Editor/vendor/katex/fonts/KaTeX_SansSerif-Italic.woff2 (in target 'Epistemos' from project 'Epistemos')
    cd /Users/jojo/Downloads/Epistemos
    builtin-copy -exclude .DS_Store -exclude CVS -exclude .svn -exclude .git -exclude .hg -resolve-src-symlinks /Users/jojo/Downloads/Epistemos/Epistemos/Resources/Editor/vendor/katex/fonts/KaTeX_SansSerif-Italic.woff2 /Users/jojo/Library/Developer/Xcode/DerivedData/Epistemos-ctkiyqxaarezsccbouumxcpfxvtl/Build/Products/Debug/Epistemos.app/Contents/Resources

CpResource /Users/jojo/Library/Developer/Xcode/DerivedData/Epistemos-ctkiyqxaarezsccbouumxcpfxvtl/Build/Products/Debug/Epistemos.app/Contents/Resources/katex.min.css.br /Users/jojo/Downloads/Epistemos/Epistemos/Resources/Editor/vendor/katex/katex.min.css.br (in target 'Epistemos' from project 'Epistemos')
    cd /Users/jojo/Downloads/Epistemos
    builtin-copy -exclude .DS_Store -exclude CVS -exclude .svn -exclude .git -exclude .hg -resolve-src-symlinks /Users/jojo/Downloads/Epistemos/Epistemos/Resources/Editor/vendor/katex/katex.min.css.br /Users/jojo/Library/Developer/Xcode/DerivedData/Epistemos-ctkiyqxaarezsccbouumxcpfxvtl/Build/Products/Debug/Epistemos.app/Contents/Resources

CpResource /Users/jojo/Library/Developer/Xcode/DerivedData/Epistemos-ctkiyqxaarezsccbouumxcpfxvtl/Build/Products/Debug/Epistemos.app/Contents/Resources/KaTeX_SansSerif-Regular.woff2 /Users/jojo/Downloads/Epistemos/Epistemos/Resources/Editor/vendor/katex/fonts/KaTeX_SansSerif-Regular.woff2 (in target 'Epistemos' from project 'Epistemos')
    cd /Users/jojo/Downloads/Epistemos
    builtin-copy -exclude .DS_Store -exclude CVS -exclude .svn -exclude .git -exclude .hg -resolve-src-symlinks /Users/jojo/Downloads/Epistemos/Epistemos/Resources/Editor/vendor/katex/fonts/KaTeX_SansSerif-Regular.woff2 /Users/jojo/Library/Developer/Xcode/DerivedData/Epistemos-ctkiyqxaarezsccbouumxcpfxvtl/Build/Products/Debug/Epistemos.app/Contents/Resources

CpResource /Users/jojo/Library/Developer/Xcode/DerivedData/Epistemos-ctkiyqxaarezsccbouumxcpfxvtl/Build/Products/Debug/Epistemos.app/Contents/Resources/KaTeX_SansSerif-Bold.woff2 /Users/jojo/Downloads/Epistemos/Epistemos/Resources/Editor/vendor/katex/fonts/KaTeX_SansSerif-Bold.woff2 (in target 'Epistemos' from project 'Epistemos')
    cd /Users/jojo/Downloads/Epistemos
    builtin-copy -exclude .DS_Store -exclude CVS -exclude .svn -exclude .git -exclude .hg -resolve-src-symlinks /Users/jojo/Downloads/Epistemos/Epistemos/Resources/Editor/vendor/katex/fonts/KaTeX_SansSerif-Bold.woff2 /Users/jojo/Library/Developer/Xcode/DerivedData/Epistemos-ctkiyqxaarezsccbouumxcpfxvtl/Build/Products/Debug/Epistemos.app/Contents/Resources

CpResource /Users/jojo/Library/Developer/Xcode/DerivedData/Epistemos-ctkiyqxaarezsccbouumxcpfxvtl/Build/Products/Debug/Epistemos.app/Contents/Resources/KaTeX_Main-Regular.woff2 /Users/jojo/Downloads/Epistemos/Epistemos/Resources/Editor/vendor/katex/fonts/KaTeX_Main-Regular.woff2 (in target 'Epistemos' from project 'Epistemos')
    cd /Users/jojo/Downloads/Epistemos
    builtin-copy -exclude .DS_Store -exclude CVS -exclude .svn -exclude .git -exclude .hg -resolve-src-symlinks /Users/jojo/Downloads/Epistemos/Epistemos/Resources/Editor/vendor/katex/fonts/KaTeX_Main-Regular.woff2 /Users/jojo/Library/Developer/Xcode/DerivedData/Epistemos-ctkiyqxaarezsccbouumxcpfxvtl/Build/Products/Debug/Epistemos.app/Contents/Resources

CpResource /Users/jojo/Library/Developer/Xcode/DerivedData/Epistemos-ctkiyqxaarezsccbouumxcpfxvtl/Build/Products/Debug/Epistemos.app/Contents/Resources/editor.js.br /Users/jojo/Downloads/Epistemos/Epistemos/Resources/Editor/editor.js.br (in target 'Epistemos' from project 'Epistemos')
    cd /Users/jojo/Downloads/Epistemos
    builtin-copy -exclude .DS_Store -exclude CVS -exclude .svn -exclude .git -exclude .hg -resolve-src-symlinks /Users/jojo/Downloads/Epistemos/Epistemos/Resources/Editor/editor.js.br /Users/jojo/Library/Developer/Xcode/DerivedData/Epistemos-ctkiyqxaarezsccbouumxcpfxvtl/Build/Products/Debug/Epistemos.app/Contents/Resources

CpResource /Users/jojo/Library/Developer/Xcode/DerivedData/Epistemos-ctkiyqxaarezsccbouumxcpfxvtl/Build/Products/Debug/Epistemos.app/Contents/Resources/editor.html /Users/jojo/Downloads/Epistemos/Epistemos/Resources/Editor/editor.html (in target 'Epistemos' from project 'Epistemos')
    cd /Users/jojo/Downloads/Epistemos
    builtin-copy -exclude .DS_Store -exclude CVS -exclude .svn -exclude .git -exclude .hg -resolve-src-symlinks /Users/jojo/Downloads/Epistemos/Epistemos/Resources/Editor/editor.html /Users/jojo/Library/Developer/Xcode/DerivedData/Epistemos-ctkiyqxaarezsccbouumxcpfxvtl/Build/Products/Debug/Epistemos.app/Contents/Resources

CpResource /Users/jojo/Library/Developer/Xcode/DerivedData/Epistemos-ctkiyqxaarezsccbouumxcpfxvtl/Build/Products/Debug/Epistemos.app/Contents/Resources/editor.css.br /Users/jojo/Downloads/Epistemos/Epistemos/Resources/Editor/editor.css.br (in target 'Epistemos' from project 'Epistemos')
    cd /Users/jojo/Downloads/Epistemos
    builtin-copy -exclude .DS_Store -exclude CVS -exclude .svn -exclude .git -exclude .hg -resolve-src-symlinks /Users/jojo/Downloads/Epistemos/Epistemos/Resources/Editor/editor.css.br /Users/jojo/Library/Developer/Xcode/DerivedData/Epistemos-ctkiyqxaarezsccbouumxcpfxvtl/Build/Products/Debug/Epistemos.app/Contents/Resources

CpResource /Users/jojo/Library/Developer/Xcode/DerivedData/Epistemos-ctkiyqxaarezsccbouumxcpfxvtl/Build/Products/Debug/Epistemos.app/Contents/Resources/code-editor.js.br /Users/jojo/Downloads/Epistemos/Epistemos/Resources/Editor/code-editor.js.br (in target 'Epistemos' from project 'Epistemos')
    cd /Users/jojo/Downloads/Epistemos
    builtin-copy -exclude .DS_Store -exclude CVS -exclude .svn -exclude .git -exclude .hg -resolve-src-symlinks /Users/jojo/Downloads/Epistemos/Epistemos/Resources/Editor/code-editor.js.br /Users/jojo/Library/Developer/Xcode/DerivedData/Epistemos-ctkiyqxaarezsccbouumxcpfxvtl/Build/Products/Debug/Epistemos.app/Contents/Resources

CpResource /Users/jojo/Library/Developer/Xcode/DerivedData/Epistemos-ctkiyqxaarezsccbouumxcpfxvtl/Build/Products/Debug/Epistemos.app/Contents/Resources/code-editor.css.br /Users/jojo/Downloads/Epistemos/Epistemos/Resources/Editor/code-editor.css.br (in target 'Epistemos' from project 'Epistemos')
    cd /Users/jojo/Downloads/Epistemos
    builtin-copy -exclude .DS_Store -exclude CVS -exclude .svn -exclude .git -exclude .hg -resolve-src-symlinks /Users/jojo/Downloads/Epistemos/Epistemos/Resources/Editor/code-editor.css.br /Users/jojo/Library/Developer/Xcode/DerivedData/Epistemos-ctkiyqxaarezsccbouumxcpfxvtl/Build/Products/Debug/Epistemos.app/Contents/Resources

CpResource /Users/jojo/Library/Developer/Xcode/DerivedData/Epistemos-ctkiyqxaarezsccbouumxcpfxvtl/Build/Products/Debug/Epistemos.app/Contents/Resources/code-editor.html /Users/jojo/Downloads/Epistemos/Epistemos/Resources/Editor/code-editor.html (in target 'Epistemos' from project 'Epistemos')
    cd /Users/jojo/Downloads/Epistemos
    builtin-copy -exclude .DS_Store -exclude CVS -exclude .svn -exclude .git -exclude .hg -resolve-src-symlinks /Users/jojo/Downloads/Epistemos/Epistemos/Resources/Editor/code-editor.html /Users/jojo/Library/Developer/Xcode/DerivedData/Epistemos-ctkiyqxaarezsccbouumxcpfxvtl/Build/Products/Debug/Epistemos.app/Contents/Resources

CpResource /Users/jojo/Library/Developer/Xcode/DerivedData/Epistemos-ctkiyqxaarezsccbouumxcpfxvtl/Build/Products/Debug/Epistemos.app/Contents/Resources/KaTeX_Size4-Regular.woff2 /Users/jojo/Downloads/Epistemos/Epistemos/Resources/Editor/vendor/katex/fonts/KaTeX_Size4-Regular.woff2 (in target 'Epistemos' from project 'Epistemos')
    cd /Users/jojo/Downloads/Epistemos
    builtin-copy -exclude .DS_Store -exclude CVS -exclude .svn -exclude .git -exclude .hg -resolve-src-symlinks /Users/jojo/Downloads/Epistemos/Epistemos/Resources/Editor/vendor/katex/fonts/KaTeX_Size4-Regular.woff2 /Users/jojo/Library/Developer/Xcode/DerivedData/Epistemos-ctkiyqxaarezsccbouumxcpfxvtl/Build/Products/Debug/Epistemos.app/Contents/Resources

CpResource /Users/jojo/Library/Developer/Xcode/DerivedData/Epistemos-ctkiyqxaarezsccbouumxcpfxvtl/Build/Products/Debug/Epistemos.app/Contents/Resources/KaTeX_Typewriter-Regular.woff2 /Users/jojo/Downloads/Epistemos/Epistemos/Resources/Editor/vendor/katex/fonts/KaTeX_Typewriter-Regular.woff2 (in target 'Epistemos' from project 'Epistemos')
    cd /Users/jojo/Downloads/Epistemos
    builtin-copy -exclude .DS_Store -exclude CVS -exclude .svn -exclude .git -exclude .hg -resolve-src-symlinks /Users/jojo/Downloads/Epistemos/Epistemos/Resources/Editor/vendor/katex/fonts/KaTeX_Typewriter-Regular.woff2 /Users/jojo/Library/Developer/Xcode/DerivedData/Epistemos-ctkiyqxaarezsccbouumxcpfxvtl/Build/Products/Debug/Epistemos.app/Contents/Resources

CpResource /Users/jojo/Library/Developer/Xcode/DerivedData/Epistemos-ctkiyqxaarezsccbouumxcpfxvtl/Build/Products/Debug/Epistemos.app/Contents/Resources/KaTeX_Size3-Regular.woff2 /Users/jojo/Downloads/Epistemos/Epistemos/Resources/Editor/vendor/katex/fonts/KaTeX_Size3-Regular.woff2 (in target 'Epistemos' from project 'Epistemos')
    cd /Users/jojo/Downloads/Epistemos
    builtin-copy -exclude .DS_Store -exclude CVS -exclude .svn -exclude .git -exclude .hg -resolve-src-symlinks /Users/jojo/Downloads/Epistemos/Epistemos/Resources/Editor/vendor/katex/fonts/KaTeX_Size3-Regular.woff2 /Users/jojo/Library/Developer/Xcode/DerivedData/Epistemos-ctkiyqxaarezsccbouumxcpfxvtl/Build/Products/Debug/Epistemos.app/Contents/Resources

CpResource /Users/jojo/Library/Developer/Xcode/DerivedData/Epistemos-ctkiyqxaarezsccbouumxcpfxvtl/Build/Products/Debug/Epistemos.app/Contents/Resources/KaTeX_Size2-Regular.woff2 /Users/jojo/Downloads/Epistemos/Epistemos/Resources/Editor/vendor/katex/fonts/KaTeX_Size2-Regular.woff2 (in target 'Epistemos' from project 'Epistemos')
    cd /Users/jojo/Downloads/Epistemos
    builtin-copy -exclude .DS_Store -exclude CVS -exclude .svn -exclude .git -exclude .hg -resolve-src-symlinks /Users/jojo/Downloads/Epistemos/Epistemos/Resources/Editor/vendor/katex/fonts/KaTeX_Size2-Regular.woff2 /Users/jojo/Library/Developer/Xcode/DerivedData/Epistemos-ctkiyqxaarezsccbouumxcpfxvtl/Build/Products/Debug/Epistemos.app/Contents/Resources

CpResource /Users/jojo/Library/Developer/Xcode/DerivedData/Epistemos-ctkiyqxaarezsccbouumxcpfxvtl/Build/Products/Debug/Epistemos.app/Contents/Resources/KaTeX_Size1-Regular.woff2 /Users/jojo/Downloads/Epistemos/Epistemos/Resources/Editor/vendor/katex/fonts/KaTeX_Size1-Regular.woff2 (in target 'Epistemos' from project 'Epistemos')
    cd /Users/jojo/Downloads/Epistemos
    builtin-copy -exclude .DS_Store -exclude CVS -exclude .svn -exclude .git -exclude .hg -resolve-src-symlinks /Users/jojo/Downloads/Epistemos/Epistemos/Resources/Editor/vendor/katex/fonts/KaTeX_Size1-Regular.woff2 /Users/jojo/Library/Developer/Xcode/DerivedData/Epistemos-ctkiyqxaarezsccbouumxcpfxvtl/Build/Products/Debug/Epistemos.app/Contents/Resources

CpResource /Users/jojo/Library/Developer/Xcode/DerivedData/Epistemos-ctkiyqxaarezsccbouumxcpfxvtl/Build/Products/Debug/Epistemos.app/Contents/Resources/KaTeX_Script-Regular.woff2 /Users/jojo/Downloads/Epistemos/Epistemos/Resources/Editor/vendor/katex/fonts/KaTeX_Script-Regular.woff2 (in target 'Epistemos' from project 'Epistemos')
    cd /Users/jojo/Downloads/Epistemos
    builtin-copy -exclude .DS_Store -exclude CVS -exclude .svn -exclude .git -exclude .hg -resolve-src-symlinks /Users/jojo/Downloads/Epistemos/Epistemos/Resources/Editor/vendor/katex/fonts/KaTeX_Script-Regular.woff2 /Users/jojo/Library/Developer/Xcode/DerivedData/Epistemos-ctkiyqxaarezsccbouumxcpfxvtl/Build/Products/Debug/Epistemos.app/Contents/Resources

CpResource /Users/jojo/Library/Developer/Xcode/DerivedData/Epistemos-ctkiyqxaarezsccbouumxcpfxvtl/Build/Products/Debug/Epistemos.app/Contents/Resources/KaTeX_Fraktur-Bold.woff2 /Users/jojo/Downloads/Epistemos/Epistemos/Resources/Editor/vendor/katex/fonts/KaTeX_Fraktur-Bold.woff2 (in target 'Epistemos' from project 'Epistemos')
    cd /Users/jojo/Downloads/Epistemos
    builtin-copy -exclude .DS_Store -exclude CVS -exclude .svn -exclude .git -exclude .hg -resolve-src-symlinks /Users/jojo/Downloads/Epistemos/Epistemos/Resources/Editor/vendor/katex/fonts/KaTeX_Fraktur-Bold.woff2 /Users/jojo/Library/Developer/Xcode/DerivedData/Epistemos-ctkiyqxaarezsccbouumxcpfxvtl/Build/Products/Debug/Epistemos.app/Contents/Resources

CpResource /Users/jojo/Library/Developer/Xcode/DerivedData/Epistemos-ctkiyqxaarezsccbouumxcpfxvtl/Build/Products/Debug/Epistemos.app/Contents/Resources/KaTeX_Caligraphic-Regular.woff2 /Users/jojo/Downloads/Epistemos/Epistemos/Resources/Editor/vendor/katex/fonts/KaTeX_Caligraphic-Regular.woff2 (in target 'Epistemos' from project 'Epistemos')
    cd /Users/jojo/Downloads/Epistemos
    builtin-copy -exclude .DS_Store -exclude CVS -exclude .svn -exclude .git -exclude .hg -resolve-src-symlinks /Users/jojo/Downloads/Epistemos/Epistemos/Resources/Editor/vendor/katex/fonts/KaTeX_Caligraphic-Regular.woff2 /Users/jojo/Library/Developer/Xcode/DerivedData/Epistemos-ctkiyqxaarezsccbouumxcpfxvtl/Build/Products/Debug/Epistemos.app/Contents/Resources

CpResource /Users/jojo/Library/Developer/Xcode/DerivedData/Epistemos-ctkiyqxaarezsccbouumxcpfxvtl/Build/Products/Debug/Epistemos.app/Contents/Resources/KaTeX_Caligraphic-Bold.woff2 /Users/jojo/Downloads/Epistemos/Epistemos/Resources/Editor/vendor/katex/fonts/KaTeX_Caligraphic-Bold.woff2 (in target 'Epistemos' from project 'Epistemos')
    cd /Users/jojo/Downloads/Epistemos
    builtin-copy -exclude .DS_Store -exclude CVS -exclude .svn -exclude .git -exclude .hg -resolve-src-symlinks /Users/jojo/Downloads/Epistemos/Epistemos/Resources/Editor/vendor/katex/fonts/KaTeX_Caligraphic-Bold.woff2 /Users/jojo/Library/Developer/Xcode/DerivedData/Epistemos-ctkiyqxaarezsccbouumxcpfxvtl/Build/Products/Debug/Epistemos.app/Contents/Resources

SwiftExplicitDependencyGeneratePcm arm64 /Users/jojo/Library/Developer/Xcode/DerivedData/Epistemos-ctkiyqxaarezsccbouumxcpfxvtl/Build/Intermediates.noindex/SwiftExplicitPrecompiledModules/omega_axFFI-5FTRJJBJXXP8E6TSSNR1ZOEE.pcm

SwiftExplicitDependencyGeneratePcm arm64 /Users/jojo/Library/Developer/Xcode/DerivedData/Epistemos-ctkiyqxaarezsccbouumxcpfxvtl/Build/Intermediates.noindex/SwiftExplicitPrecompiledModules/epistemos_coreFFI-BUCNP6Q9DYUAVYN1NR4NUC5FF.pcm

SwiftExplicitDependencyGeneratePcm arm64 /Users/jojo/Library/Developer/Xcode/DerivedData/Epistemos-ctkiyqxaarezsccbouumxcpfxvtl/Build/Intermediates.noindex/SwiftExplicitPrecompiledModules/omega_mcpFFI-1SPT0PTZ4NWKY6BV9DJUTYX11.pcm

SwiftExplicitDependencyGeneratePcm arm64 /Users/jojo/Library/Developer/Xcode/DerivedData/Epistemos-ctkiyqxaarezsccbouumxcpfxvtl/Build/Intermediates.noindex/SwiftExplicitPrecompiledModules/agent_coreFFI-5T6K08VYIRKHF47AZ1B5ZOUKI.pcm

SwiftGeneratePch normal arm64 Compiling\ bridging\ header (in target 'Epistemos' from project 'Epistemos')

SwiftDriverJobDiscovery normal arm64 Compiling bridging header (in target 'Epistemos' from project 'Epistemos')

SwiftEmitModule normal arm64 Emitting\ module\ for\ Epistemos (in target 'Epistemos' from project 'Epistemos')

EmitSwiftModule normal arm64 (in target 'Epistemos' from project 'Epistemos')
    cd /Users/jojo/Downloads/Epistemos


SwiftCompile normal arm64 Compiling\ ContextualShadowsButton.swift,\ ContextualShadowsPanel.swift,\ ResonanceChip.swift,\ ResonanceLegendView.swift,\ FSRSReviewSidebar.swift,\ SessionListView.swift,\ ACSAdmissionHealthRow.swift,\ ActiveConstellationRow.swift,\ AgentBlueprintSettingsView.swift,\ AgentControlSettingsView.swift,\ AgentEventVisibilityRow.swift,\ AgentSectionDetailView.swift,\ AmbientFrequencySettingsView.swift,\ AnswerPacketHealthRow.swift,\ APIKeysHealthRow.swift,\ ArenaHealthRow.swift,\ AuthoritySettingsView.swift,\ ChannelsSettingsView.swift,\ CLIDiscoveryHealthRow.swift,\ CognitiveDagCountsHealthRow.swift,\ CognitiveDagHealthRow.swift,\ CognitiveSettingsSection.swift,\ CognitiveWeightClassHealthRow.swift,\ DeploymentProfileHealthRow.swift /Users/jojo/Downloads/Epistemos/Epistemos/Views/Recall/ContextualShadowsButton.swift /Users/jojo/Downloads/Epistemos/Epistemos/Views/Recall/ContextualShadowsPanel.swift /Users/jojo/Downloads/Epistemos/Epistemos/Views/Resonance/ResonanceChip.swift /Users/jojo/Downloads/Epistemos/Epistemos/Views/Resonance/ResonanceLegendView.swift /Users/jojo/Downloads/Epistemos/Epistemos/Views/Sessions/FSRSReviewSidebar.swift /Users/jojo/Downloads/Epistemos/Epistemos/Views/Sessions/SessionListView.swift /Users/jojo/Downloads/Epistemos/Epistemos/Views/Settings/ACSAdmissionHealthRow.swift /Users/jojo/Downloads/Epistemos/Epistemos/Views/Settings/ActiveConstellationRow.swift /Users/jojo/Downloads/Epistemos/Epistemos/Views/Settings/AgentBlueprintSettingsView.swift /Users/jojo/Downloads/Epistemos/Epistemos/Views/Settings/AgentControlSettingsView.swift /Users/jojo/Downloads/Epistemos/Epistemos/Views/Settings/AgentEventVisibilityRow.swift /Users/jojo/Downloads/Epistemos/Epistemos/Views/Settings/AgentSectionDetailView.swift /Users/jojo/Downloads/Epistemos/Epistemos/Views/Settings/AmbientFrequencySettingsView.swift /Users/jojo/Downloads/Epistemos/Epistemos/Views/Settings/AnswerPacketHealthRow.swift /Users/jojo/Downloads/Epistemos/Epistemos/Views/Settings/APIKeysHealthRow.swift /Users/jojo/Downloads/Epistemos/Epistemos/Views/Settings/ArenaHealthRow.swift /Users/jojo/Downloads/Epistemos/Epistemos/Views/Settings/AuthoritySettingsView.swift /Users/jojo/Downloads/Epistemos/Epistemos/Views/Settings/ChannelsSettingsView.swift /Users/jojo/Downloads/Epistemos/Epistemos/Views/Settings/CLIDiscoveryHealthRow.swift /Users/jojo/Downloads/Epistemos/Epistemos/Views/Settings/CognitiveDagCountsHealthRow.swift /Users/jojo/Downloads/Epistemos/Epistemos/Views/Settings/CognitiveDagHealthRow.swift /Users/jojo/Downloads/Epistemos/Epistemos/Views/Settings/CognitiveSettingsSection.swift /Users/jojo/Downloads/Epistemos/Epistemos/Views/Settings/CognitiveWeightClassHealthRow.swift /Users/jojo/Downloads/Epistemos/Epistemos/Views/Settings/DeploymentProfileHealthRow.swift (in target 'Epistemos' from project 'Epistemos')

SwiftCompile normal arm64 /Users/jojo/Downloads/Epistemos/Epistemos/Views/Recall/ContextualShadowsButton.swift (in target 'Epistemos' from project 'Epistemos')
    cd /Users/jojo/Downloads/Epistemos


SwiftCompile normal arm64 /Users/jojo/Downloads/Epistemos/Epistemos/Views/Recall/ContextualShadowsPanel.swift (in target 'Epistemos' from project 'Epistemos')
    cd /Users/jojo/Downloads/Epistemos


SwiftCompile normal arm64 /Users/jojo/Downloads/Epistemos/Epistemos/Views/Resonance/ResonanceChip.swift (in target 'Epistemos' from project 'Epistemos')
    cd /Users/jojo/Downloads/Epistemos


SwiftCompile normal arm64 /Users/jojo/Downloads/Epistemos/Epistemos/Views/Resonance/ResonanceLegendView.swift (in target 'Epistemos' from project 'Epistemos')
    cd /Users/jojo/Downloads/Epistemos


SwiftCompile normal arm64 /Users/jojo/Downloads/Epistemos/Epistemos/Views/Sessions/FSRSReviewSidebar.swift (in target 'Epistemos' from project 'Epistemos')
    cd /Users/jojo/Downloads/Epistemos


SwiftCompile normal arm64 /Users/jojo/Downloads/Epistemos/Epistemos/Views/Sessions/SessionListView.swift (in target 'Epistemos' from project 'Epistemos')
    cd /Users/jojo/Downloads/Epistemos


SwiftCompile normal arm64 /Users/jojo/Downloads/Epistemos/Epistemos/Views/Settings/ACSAdmissionHealthRow.swift (in target 'Epistemos' from project 'Epistemos')
    cd /Users/jojo/Downloads/Epistemos


SwiftCompile normal arm64 /Users/jojo/Downloads/Epistemos/Epistemos/Views/Settings/ActiveConstellationRow.swift (in target 'Epistemos' from project 'Epistemos')
    cd /Users/jojo/Downloads/Epistemos


SwiftCompile normal arm64 /Users/jojo/Downloads/Epistemos/Epistemos/Views/Settings/AgentBlueprintSettingsView.swift (in target 'Epistemos' from project 'Epistemos')
    cd /Users/jojo/Downloads/Epistemos


SwiftCompile normal arm64 /Users/jojo/Downloads/Epistemos/Epistemos/Views/Settings/AgentControlSettingsView.swift (in target 'Epistemos' from project 'Epistemos')
    cd /Users/jojo/Downloads/Epistemos


SwiftCompile normal arm64 /Users/jojo/Downloads/Epistemos/Epistemos/Views/Settings/AgentEventVisibilityRow.swift (in target 'Epistemos' from project 'Epistemos')
    cd /Users/jojo/Downloads/Epistemos


SwiftCompile normal arm64 /Users/jojo/Downloads/Epistemos/Epistemos/Views/Settings/AgentSectionDetailView.swift (in target 'Epistemos' from project 'Epistemos')
    cd /Users/jojo/Downloads/Epistemos


SwiftCompile normal arm64 /Users/jojo/Downloads/Epistemos/Epistemos/Views/Settings/AmbientFrequencySettingsView.swift (in target 'Epistemos' from project 'Epistemos')
    cd /Users/jojo/Downloads/Epistemos


SwiftCompile normal arm64 /Users/jojo/Downloads/Epistemos/Epistemos/Views/Settings/AnswerPacketHealthRow.swift (in target 'Epistemos' from project 'Epistemos')
    cd /Users/jojo/Downloads/Epistemos


SwiftCompile normal arm64 /Users/jojo/Downloads/Epistemos/Epistemos/Views/Settings/APIKeysHealthRow.swift (in target 'Epistemos' from project 'Epistemos')
    cd /Users/jojo/Downloads/Epistemos


SwiftCompile normal arm64 /Users/jojo/Downloads/Epistemos/Epistemos/Views/Settings/ArenaHealthRow.swift (in target 'Epistemos' from project 'Epistemos')
    cd /Users/jojo/Downloads/Epistemos


SwiftCompile normal arm64 /Users/jojo/Downloads/Epistemos/Epistemos/Views/Settings/AuthoritySettingsView.swift (in target 'Epistemos' from project 'Epistemos')
    cd /Users/jojo/Downloads/Epistemos


SwiftCompile normal arm64 /Users/jojo/Downloads/Epistemos/Epistemos/Views/Settings/ChannelsSettingsView.swift (in target 'Epistemos' from project 'Epistemos')
    cd /Users/jojo/Downloads/Epistemos


SwiftCompile normal arm64 /Users/jojo/Downloads/Epistemos/Epistemos/Views/Settings/CLIDiscoveryHealthRow.swift (in target 'Epistemos' from project 'Epistemos')
    cd /Users/jojo/Downloads/Epistemos


SwiftCompile normal arm64 /Users/jojo/Downloads/Epistemos/Epistemos/Views/Settings/CognitiveDagCountsHealthRow.swift (in target 'Epistemos' from project 'Epistemos')
    cd /Users/jojo/Downloads/Epistemos


SwiftCompile normal arm64 /Users/jojo/Downloads/Epistemos/Epistemos/Views/Settings/CognitiveDagHealthRow.swift (in target 'Epistemos' from project 'Epistemos')
    cd /Users/jojo/Downloads/Epistemos


SwiftCompile normal arm64 /Users/jojo/Downloads/Epistemos/Epistemos/Views/Settings/CognitiveSettingsSection.swift (in target 'Epistemos' from project 'Epistemos')
    cd /Users/jojo/Downloads/Epistemos


SwiftCompile normal arm64 /Users/jojo/Downloads/Epistemos/Epistemos/Views/Settings/CognitiveWeightClassHealthRow.swift (in target 'Epistemos' from project 'Epistemos')
    cd /Users/jojo/Downloads/Epistemos


SwiftCompile normal arm64 /Users/jojo/Downloads/Epistemos/Epistemos/Views/Settings/DeploymentProfileHealthRow.swift (in target 'Epistemos' from project 'Epistemos')
    cd /Users/jojo/Downloads/Epistemos


SwiftCompile normal arm64 Compiling\ EditorBundleHealthRow.swift,\ EidosHealthRow.swift,\ EmlObservatoryHealthRow.swift,\ FalsifierArtifactsHealthRow.swift,\ FUlpHealthRow.swift,\ GraphEventVisibilityRow.swift,\ HELIOSv5SettingsView.swift,\ HyperdynamicLoopHealthRow.swift,\ IMessageDriverSettingsView.swift,\ LatticeWBOHealthRow.swift,\ LocalAgentDiagnosticsHealthRow.swift,\ ModelVaultsSettingsView.swift,\ OmegaSettingsDetailView.swift,\ OpLogProjectionHealthRow.swift,\ OverseerSettingsView.swift,\ PerformanceSettingsSection.swift,\ PlanePlacementHealthRow.swift,\ PrivacyDetailView.swift,\ ProcessMemoryHealthRow.swift,\ ProvenanceConsoleView.swift,\ RuntimeLanesSection.swift,\ RuntimeRouterHealthRow.swift,\ RuntimeTruthHealthRow.swift,\ SearchFusionHealthRow.swift /Users/jojo/Downloads/Epistemos/Epistemos/Views/Settings/EditorBundleHealthRow.swift /Users/jojo/Downloads/Epistemos/Epistemos/Views/Settings/EidosHealthRow.swift /Users/jojo/Downloads/Epistemos/Epistemos/Views/Settings/EmlObservatoryHealthRow.swift /Users/jojo/Downloads/Epistemos/Epistemos/Views/Settings/FalsifierArtifactsHealthRow.swift /Users/jojo/Downloads/Epistemos/Epistemos/Views/Settings/FUlpHealthRow.swift /Users/jojo/Downloads/Epistemos/Epistemos/Views/Settings/GraphEventVisibilityRow.swift /Users/jojo/Downloads/Epistemos/Epistemos/Views/Settings/HELIOSv5SettingsView.swift /Users/jojo/Downloads/Epistemos/Epistemos/Views/Settings/HyperdynamicLoopHealthRow.swift /Users/jojo/Downloads/Epistemos/Epistemos/Views/Settings/IMessageDriverSettingsView.swift /Users/jojo/Downloads/Epistemos/Epistemos/Views/Settings/LatticeWBOHealthRow.swift /Users/jojo/Downloads/Epistemos/Epistemos/Views/Settings/LocalAgentDiagnosticsHealthRow.swift /Users/jojo/Downloads/Epistemos/Epistemos/Views/Settings/ModelVaultsSettingsView.swift /Users/jojo/Downloads/Epistemos/Epistemos/Views/Settings/OmegaSettingsDetailView.swift /Users/jojo/Downloads/Epistemos/Epistemos/Views/Settings/OpLogProjectionHealthRow.swift /Users/jojo/Downloads/Epistemos/Epistemos/Views/Settings/OverseerSettingsView.swift /Users/jojo/Downloads/Epistemos/Epistemos/Views/Settings/PerformanceSettingsSection.swift /Users/jojo/Downloads/Epistemos/Epistemos/Views/Settings/PlanePlacementHealthRow.swift /Users/jojo/Downloads/Epistemos/Epistemos/Views/Settings/PrivacyDetailView.swift /Users/jojo/Downloads/Epistemos/Epistemos/Views/Settings/ProcessMemoryHealthRow.swift /Users/jojo/Downloads/Epistemos/Epistemos/Views/Settings/ProvenanceConsoleView.swift /Users/jojo/Downloads/Epistemos/Epistemos/Views/Settings/RuntimeLanesSection.swift /Users/jojo/Downloads/Epistemos/Epistemos/Views/Settings/RuntimeRouterHealthRow.swift /Users/jojo/Downloads/Epistemos/Epistemos/Views/Settings/RuntimeTruthHealthRow.swift /Users/jojo/Downloads/Epistemos/Epistemos/Views/Settings/SearchFusionHealthRow.swift (in target 'Epistemos' from project 'Epistemos')

SwiftCompile normal arm64 /Users/jojo/Downloads/Epistemos/Epistemos/Views/Settings/EditorBundleHealthRow.swift (in target 'Epistemos' from project 'Epistemos')
    cd /Users/jojo/Downloads/Epistemos


SwiftCompile normal arm64 /Users/jojo/Downloads/Epistemos/Epistemos/Views/Settings/EidosHealthRow.swift (in target 'Epistemos' from project 'Epistemos')
    cd /Users/jojo/Downloads/Epistemos


SwiftCompile normal arm64 /Users/jojo/Downloads/Epistemos/Epistemos/Views/Settings/EmlObservatoryHealthRow.swift (in target 'Epistemos' from project 'Epistemos')
    cd /Users/jojo/Downloads/Epistemos


SwiftCompile normal arm64 /Users/jojo/Downloads/Epistemos/Epistemos/Views/Settings/FalsifierArtifactsHealthRow.swift (in target 'Epistemos' from project 'Epistemos')
    cd /Users/jojo/Downloads/Epistemos


SwiftCompile normal arm64 /Users/jojo/Downloads/Epistemos/Epistemos/Views/Settings/FUlpHealthRow.swift (in target 'Epistemos' from project 'Epistemos')
    cd /Users/jojo/Downloads/Epistemos


SwiftCompile normal arm64 /Users/jojo/Downloads/Epistemos/Epistemos/Views/Settings/GraphEventVisibilityRow.swift (in target 'Epistemos' from project 'Epistemos')
    cd /Users/jojo/Downloads/Epistemos


SwiftCompile normal arm64 /Users/jojo/Downloads/Epistemos/Epistemos/Views/Settings/HELIOSv5SettingsView.swift (in target 'Epistemos' from project 'Epistemos')
    cd /Users/jojo/Downloads/Epistemos


SwiftCompile normal arm64 /Users/jojo/Downloads/Epistemos/Epistemos/Views/Settings/HyperdynamicLoopHealthRow.swift (in target 'Epistemos' from project 'Epistemos')
    cd /Users/jojo/Downloads/Epistemos


SwiftCompile normal arm64 /Users/jojo/Downloads/Epistemos/Epistemos/Views/Settings/IMessageDriverSettingsView.swift (in target 'Epistemos' from project 'Epistemos')
    cd /Users/jojo/Downloads/Epistemos


SwiftCompile normal arm64 /Users/jojo/Downloads/Epistemos/Epistemos/Views/Settings/LatticeWBOHealthRow.swift (in target 'Epistemos' from project 'Epistemos')
    cd /Users/jojo/Downloads/Epistemos


SwiftCompile normal arm64 /Users/jojo/Downloads/Epistemos/Epistemos/Views/Settings/LocalAgentDiagnosticsHealthRow.swift (in target 'Epistemos' from project 'Epistemos')
    cd /Users/jojo/Downloads/Epistemos


SwiftCompile normal arm64 /Users/jojo/Downloads/Epistemos/Epistemos/Views/Settings/ModelVaultsSettingsView.swift (in target 'Epistemos' from project 'Epistemos')
    cd /Users/jojo/Downloads/Epistemos


SwiftCompile normal arm64 /Users/jojo/Downloads/Epistemos/Epistemos/Views/Settings/OmegaSettingsDetailView.swift (in target 'Epistemos' from project 'Epistemos')
    cd /Users/jojo/Downloads/Epistemos


SwiftCompile normal arm64 /Users/jojo/Downloads/Epistemos/Epistemos/Views/Settings/OpLogProjectionHealthRow.swift (in target 'Epistemos' from project 'Epistemos')
    cd /Users/jojo/Downloads/Epistemos


SwiftCompile normal arm64 /Users/jojo/Downloads/Epistemos/Epistemos/Views/Settings/OverseerSettingsView.swift (in target 'Epistemos' from project 'Epistemos')
    cd /Users/jojo/Downloads/Epistemos


SwiftCompile normal arm64 /Users/jojo/Downloads/Epistemos/Epistemos/Views/Settings/PerformanceSettingsSection.swift (in target 'Epistemos' from project 'Epistemos')
    cd /Users/jojo/Downloads/Epistemos


SwiftCompile normal arm64 /Users/jojo/Downloads/Epistemos/Epistemos/Views/Settings/PlanePlacementHealthRow.swift (in target 'Epistemos' from project 'Epistemos')
    cd /Users/jojo/Downloads/Epistemos


SwiftCompile normal arm64 /Users/jojo/Downloads/Epistemos/Epistemos/Views/Settings/PrivacyDetailView.swift (in target 'Epistemos' from project 'Epistemos')
    cd /Users/jojo/Downloads/Epistemos


SwiftCompile normal arm64 /Users/jojo/Downloads/Epistemos/Epistemos/Views/Settings/ProcessMemoryHealthRow.swift (in target 'Epistemos' from project 'Epistemos')
    cd /Users/jojo/Downloads/Epistemos


SwiftCompile normal arm64 /Users/jojo/Downloads/Epistemos/Epistemos/Views/Settings/ProvenanceConsoleView.swift (in target 'Epistemos' from project 'Epistemos')
    cd /Users/jojo/Downloads/Epistemos


SwiftCompile normal arm64 /Users/jojo/Downloads/Epistemos/Epistemos/Views/Settings/RuntimeLanesSection.swift (in target 'Epistemos' from project 'Epistemos')
    cd /Users/jojo/Downloads/Epistemos


SwiftCompile normal arm64 /Users/jojo/Downloads/Epistemos/Epistemos/Views/Settings/RuntimeRouterHealthRow.swift (in target 'Epistemos' from project 'Epistemos')
    cd /Users/jojo/Downloads/Epistemos


SwiftCompile normal arm64 /Users/jojo/Downloads/Epistemos/Epistemos/Views/Settings/RuntimeTruthHealthRow.swift (in target 'Epistemos' from project 'Epistemos')
    cd /Users/jojo/Downloads/Epistemos


SwiftCompile normal arm64 /Users/jojo/Downloads/Epistemos/Epistemos/Views/Settings/SearchFusionHealthRow.swift (in target 'Epistemos' from project 'Epistemos')
    cd /Users/jojo/Downloads/Epistemos


SwiftCompile normal arm64 Compiling\ SettingsSurfaceComponents.swift,\ SettingsView.swift,\ ShadowSearchHealthRow.swift,\ SkillsSettingsView.swift,\ StructuredSurfacesView.swift,\ SubstrateDriftMonitorHealthRow.swift,\ SubstrateHealthPanel.swift,\ SubstrateHealthSupport.swift,\ SystemGHealthRow.swift,\ UasAcsHealthRow.swift,\ VaultRecallHealthRow.swift,\ VoicePreferencesSection.swift,\ AppKitPopover.swift,\ ChatCapabilityPill.swift,\ CloudProviderSetupCard.swift,\ CognitiveWeightBadge.swift,\ MarkdownDocumentModeToggle.swift,\ MarkdownTextView.swift,\ ModelVoicePickerSection.swift,\ ReadAloudButton.swift,\ ReasoningTrajectoryBadge.swift,\ ScrollStability.swift,\ TypewriterASCIIRippleText.swift,\ TypewriterMarkdown.swift /Users/jojo/Downloads/Epistemos/Epistemos/Views/Settings/SettingsSurfaceComponents.swift /Users/jojo/Downloads/Epistemos/Epistemos/Views/Settings/SettingsView.swift /Users/jojo/Downloads/Epistemos/Epistemos/Views/Settings/ShadowSearchHealthRow.swift /Users/jojo/Downloads/Epistemos/Epistemos/Views/Settings/SkillsSettingsView.swift /Users/jojo/Downloads/Epistemos/Epistemos/Views/Settings/StructuredSurfacesView.swift /Users/jojo/Downloads/Epistemos/Epistemos/Views/Settings/SubstrateDriftMonitorHealthRow.swift /Users/jojo/Downloads/Epistemos/Epistemos/Views/Settings/SubstrateHealthPanel.swift /Users/jojo/Downloads/Epistemos/Epistemos/Views/Settings/SubstrateHealthSupport.swift /Users/jojo/Downloads/Epistemos/Epistemos/Views/Settings/SystemGHealthRow.swift /Users/jojo/Downloads/Epistemos/Epistemos/Views/Settings/UasAcsHealthRow.swift /Users/jojo/Downloads/Epistemos/Epistemos/Views/Settings/VaultRecallHealthRow.swift /Users/jojo/Downloads/Epistemos/Epistemos/Views/Settings/VoicePreferencesSection.swift /Users/jojo/Downloads/Epistemos/Epistemos/Views/Shared/AppKitPopover.swift /Users/jojo/Downloads/Epistemos/Epistemos/Views/Shared/ChatCapabilityPill.swift /Users/jojo/Downloads/Epistemos/Epistemos/Views/Shared/CloudProviderSetupCard.swift /Users/jojo/Downloads/Epistemos/Epistemos/Views/Shared/CognitiveWeightBadge.swift /Users/jojo/Downloads/Epistemos/Epistemos/Views/Shared/MarkdownDocumentModeToggle.swift /Users/jojo/Downloads/Epistemos/Epistemos/Views/Shared/MarkdownTextView.swift /Users/jojo/Downloads/Epistemos/Epistemos/Views/Shared/ModelVoicePickerSection.swift /Users/jojo/Downloads/Epistemos/Epistemos/Views/Shared/ReadAloudButton.swift /Users/jojo/Downloads/Epistemos/Epistemos/Views/Shared/ReasoningTrajectoryBadge.swift /Users/jojo/Downloads/Epistemos/Epistemos/Views/Shared/ScrollStability.swift /Users/jojo/Downloads/Epistemos/Epistemos/Views/Shared/TypewriterASCIIRippleText.swift /Users/jojo/Downloads/Epistemos/Epistemos/Views/Shared/TypewriterMarkdown.swift (in target 'Epistemos' from project 'Epistemos')

SwiftCompile normal arm64 /Users/jojo/Downloads/Epistemos/Epistemos/Views/Settings/SettingsSurfaceComponents.swift (in target 'Epistemos' from project 'Epistemos')
    cd /Users/jojo/Downloads/Epistemos


SwiftCompile normal arm64 /Users/jojo/Downloads/Epistemos/Epistemos/Views/Settings/SettingsView.swift (in target 'Epistemos' from project 'Epistemos')
    cd /Users/jojo/Downloads/Epistemos


SwiftCompile normal arm64 /Users/jojo/Downloads/Epistemos/Epistemos/Views/Settings/ShadowSearchHealthRow.swift (in target 'Epistemos' from project 'Epistemos')
    cd /Users/jojo/Downloads/Epistemos


SwiftCompile normal arm64 /Users/jojo/Downloads/Epistemos/Epistemos/Views/Settings/SkillsSettingsView.swift (in target 'Epistemos' from project 'Epistemos')
    cd /Users/jojo/Downloads/Epistemos


SwiftCompile normal arm64 /Users/jojo/Downloads/Epistemos/Epistemos/Views/Settings/StructuredSurfacesView.swift (in target 'Epistemos' from project 'Epistemos')
    cd /Users/jojo/Downloads/Epistemos


SwiftCompile normal arm64 /Users/jojo/Downloads/Epistemos/Epistemos/Views/Settings/SubstrateDriftMonitorHealthRow.swift (in target 'Epistemos' from project 'Epistemos')
    cd /Users/jojo/Downloads/Epistemos


SwiftCompile normal arm64 /Users/jojo/Downloads/Epistemos/Epistemos/Views/Settings/SubstrateHealthPanel.swift (in target 'Epistemos' from project 'Epistemos')
    cd /Users/jojo/Downloads/Epistemos


SwiftCompile normal arm64 /Users/jojo/Downloads/Epistemos/Epistemos/Views/Settings/SubstrateHealthSupport.swift (in target 'Epistemos' from project 'Epistemos')
    cd /Users/jojo/Downloads/Epistemos


SwiftCompile normal arm64 /Users/jojo/Downloads/Epistemos/Epistemos/Views/Settings/SystemGHealthRow.swift (in target 'Epistemos' from project 'Epistemos')
    cd /Users/jojo/Downloads/Epistemos


SwiftCompile normal arm64 /Users/jojo/Downloads/Epistemos/Epistemos/Views/Settings/UasAcsHealthRow.swift (in target 'Epistemos' from project 'Epistemos')
    cd /Users/jojo/Downloads/Epistemos


SwiftCompile normal arm64 /Users/jojo/Downloads/Epistemos/Epistemos/Views/Settings/VaultRecallHealthRow.swift (in target 'Epistemos' from project 'Epistemos')
    cd /Users/jojo/Downloads/Epistemos


SwiftCompile normal arm64 /Users/jojo/Downloads/Epistemos/Epistemos/Views/Settings/VoicePreferencesSection.swift (in target 'Epistemos' from project 'Epistemos')
    cd /Users/jojo/Downloads/Epistemos


SwiftCompile normal arm64 /Users/jojo/Downloads/Epistemos/Epistemos/Views/Shared/AppKitPopover.swift (in target 'Epistemos' from project 'Epistemos')
    cd /Users/jojo/Downloads/Epistemos


SwiftCompile normal arm64 /Users/jojo/Downloads/Epistemos/Epistemos/Views/Shared/ChatCapabilityPill.swift (in target 'Epistemos' from project 'Epistemos')
    cd /Users/jojo/Downloads/Epistemos


SwiftCompile normal arm64 /Users/jojo/Downloads/Epistemos/Epistemos/Views/Shared/CloudProviderSetupCard.swift (in target 'Epistemos' from project 'Epistemos')
    cd /Users/jojo/Downloads/Epistemos


SwiftCompile normal arm64 /Users/jojo/Downloads/Epistemos/Epistemos/Views/Shared/CognitiveWeightBadge.swift (in target 'Epistemos' from project 'Epistemos')
    cd /Users/jojo/Downloads/Epistemos


SwiftCompile normal arm64 /Users/jojo/Downloads/Epistemos/Epistemos/Views/Shared/MarkdownDocumentModeToggle.swift (in target 'Epistemos' from project 'Epistemos')
    cd /Users/jojo/Downloads/Epistemos


SwiftCompile normal arm64 /Users/jojo/Downloads/Epistemos/Epistemos/Views/Shared/MarkdownTextView.swift (in target 'Epistemos' from project 'Epistemos')
    cd /Users/jojo/Downloads/Epistemos


SwiftCompile normal arm64 /Users/jojo/Downloads/Epistemos/Epistemos/Views/Shared/ModelVoicePickerSection.swift (in target 'Epistemos' from project 'Epistemos')
    cd /Users/jojo/Downloads/Epistemos


SwiftCompile normal arm64 /Users/jojo/Downloads/Epistemos/Epistemos/Views/Shared/ReadAloudButton.swift (in target 'Epistemos' from project 'Epistemos')
    cd /Users/jojo/Downloads/Epistemos


SwiftCompile normal arm64 /Users/jojo/Downloads/Epistemos/Epistemos/Views/Shared/ReasoningTrajectoryBadge.swift (in target 'Epistemos' from project 'Epistemos')
    cd /Users/jojo/Downloads/Epistemos


SwiftCompile normal arm64 /Users/jojo/Downloads/Epistemos/Epistemos/Views/Shared/ScrollStability.swift (in target 'Epistemos' from project 'Epistemos')
    cd /Users/jojo/Downloads/Epistemos


SwiftCompile normal arm64 /Users/jojo/Downloads/Epistemos/Epistemos/Views/Shared/TypewriterASCIIRippleText.swift (in target 'Epistemos' from project 'Epistemos')
    cd /Users/jojo/Downloads/Epistemos


SwiftCompile normal arm64 /Users/jojo/Downloads/Epistemos/Epistemos/Views/Shared/TypewriterMarkdown.swift (in target 'Epistemos' from project 'Epistemos')
    cd /Users/jojo/Downloads/Epistemos


SwiftCompile normal arm64 Compiling\ UnifiedFrostedGlass.swift,\ VoiceInputButton.swift,\ PageShell.swift,\ ToastOverlay.swift,\ ModelVaultsModeView.swift,\ SystemModeView.swift,\ ModeSwitcherControl.swift,\ PinnedStripView.swift,\ SidebarModeStore.swift,\ SidebarShell.swift,\ VaultSelectorView.swift,\ SkillEvolutionView.swift,\ ConflictCardView.swift,\ ArtifactHostView.swift,\ AgentServiceClient.swift,\ AgentServiceProtocol.swift,\ MockProviderServiceStreaming.swift,\ ProviderServiceClient.swift,\ ProviderServiceStreamingProtocol.swift,\ XPCTrust.swift,\ epistemos_core.swift,\ omega_ax.swift,\ omega_mcp.swift,\ GeneratedAssetSymbols.swift /Users/jojo/Downloads/Epistemos/Epistemos/Views/Shared/UnifiedFrostedGlass.swift /Users/jojo/Downloads/Epistemos/Epistemos/Views/Shared/VoiceInputButton.swift /Users/jojo/Downloads/Epistemos/Epistemos/Views/Shell/PageShell.swift /Users/jojo/Downloads/Epistemos/Epistemos/Views/Shell/ToastOverlay.swift /Users/jojo/Downloads/Epistemos/Epistemos/Views/Sidebar/ModeModelVaults/ModelVaultsModeView.swift /Users/jojo/Downloads/Epistemos/Epistemos/Views/Sidebar/ModeSystem/SystemModeView.swift /Users/jojo/Downloads/Epistemos/Epistemos/Views/Sidebar/ModeSwitcherControl.swift /Users/jojo/Downloads/Epistemos/Epistemos/Views/Sidebar/PinnedStripView.swift /Users/jojo/Downloads/Epistemos/Epistemos/Views/Sidebar/SidebarModeStore.swift /Users/jojo/Downloads/Epistemos/Epistemos/Views/Sidebar/SidebarShell.swift /Users/jojo/Downloads/Epistemos/Epistemos/Views/Sidebar/VaultSelectorView.swift /Users/jojo/Downloads/Epistemos/Epistemos/Views/Skills/SkillEvolutionView.swift /Users/jojo/Downloads/Epistemos/Epistemos/Views/Vault/ConflictCardView.swift /Users/jojo/Downloads/Epistemos/Epistemos/Views/Workspace/ArtifactHostView.swift /Users/jojo/Downloads/Epistemos/Epistemos/XPC/AgentServiceClient.swift /Users/jojo/Downloads/Epistemos/Epistemos/XPC/AgentServiceProtocol.swift /Users/jojo/Downloads/Epistemos/Epistemos/XPC/MockProviderServiceStreaming.swift /Users/jojo/Downloads/Epistemos/Epistemos/XPC/ProviderServiceClient.swift /Users/jojo/Downloads/Epistemos/Epistemos/XPC/ProviderServiceStreamingProtocol.swift /Users/jojo/Downloads/Epistemos/Epistemos/XPC/XPCTrust.swift /Users/jojo/Downloads/Epistemos/build-rust/swift-bindings/epistemos_core.swift /Users/jojo/Downloads/Epistemos/build-rust/swift-bindings/omega_ax.swift /Users/jojo/Downloads/Epistemos/build-rust/swift-bindings/omega_mcp.swift /Users/jojo/Library/Developer/Xcode/DerivedData/Epistemos-ctkiyqxaarezsccbouumxcpfxvtl/Build/Intermediates.noindex/Epistemos.build/Debug/Epistemos.build/DerivedSources/GeneratedAssetSymbols.swift (in target 'Epistemos' from project 'Epistemos')

SwiftCompile normal arm64 /Users/jojo/Downloads/Epistemos/Epistemos/Views/Shared/UnifiedFrostedGlass.swift (in target 'Epistemos' from project 'Epistemos')
    cd /Users/jojo/Downloads/Epistemos


SwiftCompile normal arm64 /Users/jojo/Downloads/Epistemos/Epistemos/Views/Shared/VoiceInputButton.swift (in target 'Epistemos' from project 'Epistemos')
    cd /Users/jojo/Downloads/Epistemos


SwiftCompile normal arm64 /Users/jojo/Downloads/Epistemos/Epistemos/Views/Shell/PageShell.swift (in target 'Epistemos' from project 'Epistemos')
    cd /Users/jojo/Downloads/Epistemos


SwiftCompile normal arm64 /Users/jojo/Downloads/Epistemos/Epistemos/Views/Shell/ToastOverlay.swift (in target 'Epistemos' from project 'Epistemos')
    cd /Users/jojo/Downloads/Epistemos


SwiftCompile normal arm64 /Users/jojo/Downloads/Epistemos/Epistemos/Views/Sidebar/ModeModelVaults/ModelVaultsModeView.swift (in target 'Epistemos' from project 'Epistemos')
    cd /Users/jojo/Downloads/Epistemos


SwiftCompile normal arm64 /Users/jojo/Downloads/Epistemos/Epistemos/Views/Sidebar/ModeSystem/SystemModeView.swift (in target 'Epistemos' from project 'Epistemos')
    cd /Users/jojo/Downloads/Epistemos


SwiftCompile normal arm64 /Users/jojo/Downloads/Epistemos/Epistemos/Views/Sidebar/ModeSwitcherControl.swift (in target 'Epistemos' from project 'Epistemos')
    cd /Users/jojo/Downloads/Epistemos


SwiftCompile normal arm64 /Users/jojo/Downloads/Epistemos/Epistemos/Views/Sidebar/PinnedStripView.swift (in target 'Epistemos' from project 'Epistemos')
    cd /Users/jojo/Downloads/Epistemos


SwiftCompile normal arm64 /Users/jojo/Downloads/Epistemos/Epistemos/Views/Sidebar/SidebarModeStore.swift (in target 'Epistemos' from project 'Epistemos')
    cd /Users/jojo/Downloads/Epistemos


SwiftCompile normal arm64 /Users/jojo/Downloads/Epistemos/Epistemos/Views/Sidebar/SidebarShell.swift (in target 'Epistemos' from project 'Epistemos')
    cd /Users/jojo/Downloads/Epistemos


SwiftCompile normal arm64 /Users/jojo/Downloads/Epistemos/Epistemos/Views/Sidebar/VaultSelectorView.swift (in target 'Epistemos' from project 'Epistemos')
    cd /Users/jojo/Downloads/Epistemos


SwiftCompile normal arm64 /Users/jojo/Downloads/Epistemos/Epistemos/Views/Skills/SkillEvolutionView.swift (in target 'Epistemos' from project 'Epistemos')
    cd /Users/jojo/Downloads/Epistemos


SwiftCompile normal arm64 /Users/jojo/Downloads/Epistemos/Epistemos/Views/Vault/ConflictCardView.swift (in target 'Epistemos' from project 'Epistemos')
    cd /Users/jojo/Downloads/Epistemos


SwiftCompile normal arm64 /Users/jojo/Downloads/Epistemos/Epistemos/Views/Workspace/ArtifactHostView.swift (in target 'Epistemos' from project 'Epistemos')
    cd /Users/jojo/Downloads/Epistemos


SwiftCompile normal arm64 /Users/jojo/Downloads/Epistemos/Epistemos/XPC/AgentServiceClient.swift (in target 'Epistemos' from project 'Epistemos')
    cd /Users/jojo/Downloads/Epistemos


SwiftCompile normal arm64 /Users/jojo/Downloads/Epistemos/Epistemos/XPC/AgentServiceProtocol.swift (in target 'Epistemos' from project 'Epistemos')
    cd /Users/jojo/Downloads/Epistemos


SwiftCompile normal arm64 /Users/jojo/Downloads/Epistemos/Epistemos/XPC/MockProviderServiceStreaming.swift (in target 'Epistemos' from project 'Epistemos')
    cd /Users/jojo/Downloads/Epistemos


SwiftCompile normal arm64 /Users/jojo/Downloads/Epistemos/Epistemos/XPC/ProviderServiceClient.swift (in target 'Epistemos' from project 'Epistemos')
    cd /Users/jojo/Downloads/Epistemos


SwiftCompile normal arm64 /Users/jojo/Downloads/Epistemos/Epistemos/XPC/ProviderServiceStreamingProtocol.swift (in target 'Epistemos' from project 'Epistemos')
    cd /Users/jojo/Downloads/Epistemos


SwiftCompile normal arm64 /Users/jojo/Downloads/Epistemos/Epistemos/XPC/XPCTrust.swift (in target 'Epistemos' from project 'Epistemos')
    cd /Users/jojo/Downloads/Epistemos


SwiftCompile normal arm64 /Users/jojo/Downloads/Epistemos/build-rust/swift-bindings/epistemos_core.swift (in target 'Epistemos' from project 'Epistemos')
    cd /Users/jojo/Downloads/Epistemos


SwiftCompile normal arm64 /Users/jojo/Downloads/Epistemos/build-rust/swift-bindings/omega_ax.swift (in target 'Epistemos' from project 'Epistemos')
    cd /Users/jojo/Downloads/Epistemos


SwiftCompile normal arm64 /Users/jojo/Downloads/Epistemos/build-rust/swift-bindings/omega_mcp.swift (in target 'Epistemos' from project 'Epistemos')
    cd /Users/jojo/Downloads/Epistemos


SwiftCompile normal arm64 /Users/jojo/Library/Developer/Xcode/DerivedData/Epistemos-ctkiyqxaarezsccbouumxcpfxvtl/Build/Intermediates.noindex/Epistemos.build/Debug/Epistemos.build/DerivedSources/GeneratedAssetSymbols.swift (in target 'Epistemos' from project 'Epistemos')
    cd /Users/jojo/Downloads/Epistemos


SwiftCompile normal arm64 Compiling\ AssistantInlineTranscriptView.swift,\ BTMView.swift,\ ChatBrainPickerMenu.swift,\ ChatInputBar.swift,\ ChatSidebarView.swift,\ ChatView.swift,\ ComposerCurrentAccessPlan.swift,\ ComposerMicButton.swift,\ ComposerReferenceBrowser.swift,\ ContextWindowCompactBadge.swift,\ ContextWindowIndicator.swift,\ DiffPreviewView.swift,\ EditorSkillChips.swift,\ EidosRetrievedSection.swift,\ LiveActivityStrip.swift,\ MessageBubble.swift,\ ModelAboutSheet.swift,\ NotesMentionDropdown.swift,\ ProcessDisclosureViews.swift,\ SlashCommandPopover.swift,\ TaggedMarkdownTextView.swift,\ ThinkingPopoverView.swift,\ ThinkingTrailView.swift,\ TodoSnapshotCard.swift /Users/jojo/Downloads/Epistemos/Epistemos/Views/Chat/AssistantInlineTranscriptView.swift /Users/jojo/Downloads/Epistemos/Epistemos/Views/Chat/BTMView.swift /Users/jojo/Downloads/Epistemos/Epistemos/Views/Chat/ChatBrainPickerMenu.swift /Users/jojo/Downloads/Epistemos/Epistemos/Views/Chat/ChatInputBar.swift /Users/jojo/Downloads/Epistemos/Epistemos/Views/Chat/ChatSidebarView.swift /Users/jojo/Downloads/Epistemos/Epistemos/Views/Chat/ChatView.swift /Users/jojo/Downloads/Epistemos/Epistemos/Views/Chat/ComposerCurrentAccessPlan.swift /Users/jojo/Downloads/Epistemos/Epistemos/Views/Chat/ComposerMicButton.swift /Users/jojo/Downloads/Epistemos/Epistemos/Views/Chat/ComposerReferenceBrowser.swift /Users/jojo/Downloads/Epistemos/Epistemos/Views/Chat/ContextWindowCompactBadge.swift /Users/jojo/Downloads/Epistemos/Epistemos/Views/Chat/ContextWindowIndicator.swift /Users/jojo/Downloads/Epistemos/Epistemos/Views/Chat/DiffPreviewView.swift /Users/jojo/Downloads/Epistemos/Epistemos/Views/Chat/EditorSkillChips.swift /Users/jojo/Downloads/Epistemos/Epistemos/Views/Chat/EidosRetrievedSection.swift /Users/jojo/Downloads/Epistemos/Epistemos/Views/Chat/LiveActivityStrip.swift /Users/jojo/Downloads/Epistemos/Epistemos/Views/Chat/MessageBubble.swift /Users/jojo/Downloads/Epistemos/Epistemos/Views/Chat/ModelAboutSheet.swift /Users/jojo/Downloads/Epistemos/Epistemos/Views/Chat/NotesMentionDropdown.swift /Users/jojo/Downloads/Epistemos/Epistemos/Views/Chat/ProcessDisclosureViews.swift /Users/jojo/Downloads/Epistemos/Epistemos/Views/Chat/SlashCommandPopover.swift /Users/jojo/Downloads/Epistemos/Epistemos/Views/Chat/TaggedMarkdownTextView.swift /Users/jojo/Downloads/Epistemos/Epistemos/Views/Chat/ThinkingPopoverView.swift /Users/jojo/Downloads/Epistemos/Epistemos/Views/Chat/ThinkingTrailView.swift /Users/jojo/Downloads/Epistemos/Epistemos/Views/Chat/TodoSnapshotCard.swift (in target 'Epistemos' from project 'Epistemos')

SwiftCompile normal arm64 /Users/jojo/Downloads/Epistemos/Epistemos/Views/Chat/AssistantInlineTranscriptView.swift (in target 'Epistemos' from project 'Epistemos')
    cd /Users/jojo/Downloads/Epistemos


SwiftCompile normal arm64 /Users/jojo/Downloads/Epistemos/Epistemos/Views/Chat/BTMView.swift (in target 'Epistemos' from project 'Epistemos')
    cd /Users/jojo/Downloads/Epistemos


SwiftCompile normal arm64 /Users/jojo/Downloads/Epistemos/Epistemos/Views/Chat/ChatBrainPickerMenu.swift (in target 'Epistemos' from project 'Epistemos')
    cd /Users/jojo/Downloads/Epistemos


SwiftCompile normal arm64 /Users/jojo/Downloads/Epistemos/Epistemos/Views/Chat/ChatInputBar.swift (in target 'Epistemos' from project 'Epistemos')
    cd /Users/jojo/Downloads/Epistemos


SwiftCompile normal arm64 /Users/jojo/Downloads/Epistemos/Epistemos/Views/Chat/ChatSidebarView.swift (in target 'Epistemos' from project 'Epistemos')
    cd /Users/jojo/Downloads/Epistemos


SwiftCompile normal arm64 /Users/jojo/Downloads/Epistemos/Epistemos/Views/Chat/ChatView.swift (in target 'Epistemos' from project 'Epistemos')
    cd /Users/jojo/Downloads/Epistemos


SwiftCompile normal arm64 /Users/jojo/Downloads/Epistemos/Epistemos/Views/Chat/ComposerCurrentAccessPlan.swift (in target 'Epistemos' from project 'Epistemos')
    cd /Users/jojo/Downloads/Epistemos


SwiftCompile normal arm64 /Users/jojo/Downloads/Epistemos/Epistemos/Views/Chat/ComposerMicButton.swift (in target 'Epistemos' from project 'Epistemos')
    cd /Users/jojo/Downloads/Epistemos


SwiftCompile normal arm64 /Users/jojo/Downloads/Epistemos/Epistemos/Views/Chat/ComposerReferenceBrowser.swift (in target 'Epistemos' from project 'Epistemos')
    cd /Users/jojo/Downloads/Epistemos


SwiftCompile normal arm64 /Users/jojo/Downloads/Epistemos/Epistemos/Views/Chat/ContextWindowCompactBadge.swift (in target 'Epistemos' from project 'Epistemos')
    cd /Users/jojo/Downloads/Epistemos


SwiftCompile normal arm64 /Users/jojo/Downloads/Epistemos/Epistemos/Views/Chat/ContextWindowIndicator.swift (in target 'Epistemos' from project 'Epistemos')
    cd /Users/jojo/Downloads/Epistemos


SwiftCompile normal arm64 /Users/jojo/Downloads/Epistemos/Epistemos/Views/Chat/DiffPreviewView.swift (in target 'Epistemos' from project 'Epistemos')
    cd /Users/jojo/Downloads/Epistemos


SwiftCompile normal arm64 /Users/jojo/Downloads/Epistemos/Epistemos/Views/Chat/EditorSkillChips.swift (in target 'Epistemos' from project 'Epistemos')
    cd /Users/jojo/Downloads/Epistemos


SwiftCompile normal arm64 /Users/jojo/Downloads/Epistemos/Epistemos/Views/Chat/EidosRetrievedSection.swift (in target 'Epistemos' from project 'Epistemos')
    cd /Users/jojo/Downloads/Epistemos


SwiftCompile normal arm64 /Users/jojo/Downloads/Epistemos/Epistemos/Views/Chat/LiveActivityStrip.swift (in target 'Epistemos' from project 'Epistemos')
    cd /Users/jojo/Downloads/Epistemos


SwiftCompile normal arm64 /Users/jojo/Downloads/Epistemos/Epistemos/Views/Chat/MessageBubble.swift (in target 'Epistemos' from project 'Epistemos')
    cd /Users/jojo/Downloads/Epistemos


SwiftCompile normal arm64 /Users/jojo/Downloads/Epistemos/Epistemos/Views/Chat/ModelAboutSheet.swift (in target 'Epistemos' from project 'Epistemos')
    cd /Users/jojo/Downloads/Epistemos


SwiftCompile normal arm64 /Users/jojo/Downloads/Epistemos/Epistemos/Views/Chat/NotesMentionDropdown.swift (in target 'Epistemos' from project 'Epistemos')
    cd /Users/jojo/Downloads/Epistemos


SwiftCompile normal arm64 /Users/jojo/Downloads/Epistemos/Epistemos/Views/Chat/ProcessDisclosureViews.swift (in target 'Epistemos' from project 'Epistemos')
    cd /Users/jojo/Downloads/Epistemos


SwiftCompile normal arm64 /Users/jojo/Downloads/Epistemos/Epistemos/Views/Chat/SlashCommandPopover.swift (in target 'Epistemos' from project 'Epistemos')
    cd /Users/jojo/Downloads/Epistemos


SwiftCompile normal arm64 /Users/jojo/Downloads/Epistemos/Epistemos/Views/Chat/TaggedMarkdownTextView.swift (in target 'Epistemos' from project 'Epistemos')
    cd /Users/jojo/Downloads/Epistemos


SwiftCompile normal arm64 /Users/jojo/Downloads/Epistemos/Epistemos/Views/Chat/ThinkingPopoverView.swift (in target 'Epistemos' from project 'Epistemos')
    cd /Users/jojo/Downloads/Epistemos


SwiftCompile normal arm64 /Users/jojo/Downloads/Epistemos/Epistemos/Views/Chat/ThinkingTrailView.swift (in target 'Epistemos' from project 'Epistemos')
    cd /Users/jojo/Downloads/Epistemos


SwiftCompile normal arm64 /Users/jojo/Downloads/Epistemos/Epistemos/Views/Chat/TodoSnapshotCard.swift (in target 'Epistemos' from project 'Epistemos')
    cd /Users/jojo/Downloads/Epistemos


SwiftCompile normal arm64 Compiling\ ToolActivityNarrator.swift,\ VaultRecallProvenanceCard.swift,\ VRMLabelView.swift,\ CostDashboardView.swift,\ EpdocBlockContextMenu.swift,\ EpdocBlockGutterMenu.swift,\ EpdocBubbleMenuView.swift,\ EpdocComplexityMeter.swift,\ EpdocCopilotDockView.swift,\ EpdocEditorChromeView.swift,\ EpdocEditorToolbar.swift,\ EpdocInsertLinkPicker.swift,\ EpdocKaTeXPreview.swift,\ EpdocSlashMenuView.swift,\ EpdocThoughtAttachedBadge.swift,\ CognitiveDagVisualizerPanel.swift,\ GraphFirstOpenTitle.swift,\ GraphFloatingControls.swift,\ GraphFolderPage.swift,\ GraphForceSettings.swift,\ GraphFPSHUD.swift,\ GraphInspectModeView.swift,\ GraphNotePage.swift,\ GraphOverlayPanel.swift /Users/jojo/Downloads/Epistemos/Epistemos/Views/Chat/ToolActivityNarrator.swift /Users/jojo/Downloads/Epistemos/Epistemos/Views/Chat/VaultRecallProvenanceCard.swift /Users/jojo/Downloads/Epistemos/Epistemos/Views/Chat/VRMLabelView.swift /Users/jojo/Downloads/Epistemos/Epistemos/Views/Cost/CostDashboardView.swift /Users/jojo/Downloads/Epistemos/Epistemos/Views/Epdoc/EpdocBlockContextMenu.swift /Users/jojo/Downloads/Epistemos/Epistemos/Views/Epdoc/EpdocBlockGutterMenu.swift /Users/jojo/Downloads/Epistemos/Epistemos/Views/Epdoc/EpdocBubbleMenuView.swift /Users/jojo/Downloads/Epistemos/Epistemos/Views/Epdoc/EpdocComplexityMeter.swift /Users/jojo/Downloads/Epistemos/Epistemos/Views/Epdoc/EpdocCopilotDockView.swift /Users/jojo/Downloads/Epistemos/Epistemos/Views/Epdoc/EpdocEditorChromeView.swift /Users/jojo/Downloads/Epistemos/Epistemos/Views/Epdoc/EpdocEditorToolbar.swift /Users/jojo/Downloads/Epistemos/Epistemos/Views/Epdoc/EpdocInsertLinkPicker.swift /Users/jojo/Downloads/Epistemos/Epistemos/Views/Epdoc/EpdocKaTeXPreview.swift /Users/jojo/Downloads/Epistemos/Epistemos/Views/Epdoc/EpdocSlashMenuView.swift /Users/jojo/Downloads/Epistemos/Epistemos/Views/Epdoc/EpdocThoughtAttachedBadge.swift /Users/jojo/Downloads/Epistemos/Epistemos/Views/Graph/CognitiveDagVisualizerPanel.swift /Users/jojo/Downloads/Epistemos/Epistemos/Views/Graph/GraphFirstOpenTitle.swift /Users/jojo/Downloads/Epistemos/Epistemos/Views/Graph/GraphFloatingControls.swift /Users/jojo/Downloads/Epistemos/Epistemos/Views/Graph/GraphFolderPage.swift /Users/jojo/Downloads/Epistemos/Epistemos/Views/Graph/GraphForceSettings.swift /Users/jojo/Downloads/Epistemos/Epistemos/Views/Graph/GraphFPSHUD.swift /Users/jojo/Downloads/Epistemos/Epistemos/Views/Graph/GraphInspectModeView.swift /Users/jojo/Downloads/Epistemos/Epistemos/Views/Graph/GraphNotePage.swift /Users/jojo/Downloads/Epistemos/Epistemos/Views/Graph/GraphOverlayPanel.swift (in target 'Epistemos' from project 'Epistemos')

SwiftCompile normal arm64 /Users/jojo/Downloads/Epistemos/Epistemos/Views/Chat/ToolActivityNarrator.swift (in target 'Epistemos' from project 'Epistemos')
    cd /Users/jojo/Downloads/Epistemos


SwiftCompile normal arm64 /Users/jojo/Downloads/Epistemos/Epistemos/Views/Chat/VaultRecallProvenanceCard.swift (in target 'Epistemos' from project 'Epistemos')
    cd /Users/jojo/Downloads/Epistemos


SwiftCompile normal arm64 /Users/jojo/Downloads/Epistemos/Epistemos/Views/Chat/VRMLabelView.swift (in target 'Epistemos' from project 'Epistemos')
    cd /Users/jojo/Downloads/Epistemos


SwiftCompile normal arm64 /Users/jojo/Downloads/Epistemos/Epistemos/Views/Cost/CostDashboardView.swift (in target 'Epistemos' from project 'Epistemos')
    cd /Users/jojo/Downloads/Epistemos


SwiftCompile normal arm64 /Users/jojo/Downloads/Epistemos/Epistemos/Views/Epdoc/EpdocBlockContextMenu.swift (in target 'Epistemos' from project 'Epistemos')
    cd /Users/jojo/Downloads/Epistemos


SwiftCompile normal arm64 /Users/jojo/Downloads/Epistemos/Epistemos/Views/Epdoc/EpdocBlockGutterMenu.swift (in target 'Epistemos' from project 'Epistemos')
    cd /Users/jojo/Downloads/Epistemos


SwiftCompile normal arm64 /Users/jojo/Downloads/Epistemos/Epistemos/Views/Epdoc/EpdocBubbleMenuView.swift (in target 'Epistemos' from project 'Epistemos')
    cd /Users/jojo/Downloads/Epistemos


SwiftCompile normal arm64 /Users/jojo/Downloads/Epistemos/Epistemos/Views/Epdoc/EpdocComplexityMeter.swift (in target 'Epistemos' from project 'Epistemos')
    cd /Users/jojo/Downloads/Epistemos


SwiftCompile normal arm64 /Users/jojo/Downloads/Epistemos/Epistemos/Views/Epdoc/EpdocCopilotDockView.swift (in target 'Epistemos' from project 'Epistemos')
    cd /Users/jojo/Downloads/Epistemos


SwiftCompile normal arm64 /Users/jojo/Downloads/Epistemos/Epistemos/Views/Epdoc/EpdocEditorChromeView.swift (in target 'Epistemos' from project 'Epistemos')
    cd /Users/jojo/Downloads/Epistemos


SwiftCompile normal arm64 /Users/jojo/Downloads/Epistemos/Epistemos/Views/Epdoc/EpdocEditorToolbar.swift (in target 'Epistemos' from project 'Epistemos')
    cd /Users/jojo/Downloads/Epistemos


SwiftCompile normal arm64 /Users/jojo/Downloads/Epistemos/Epistemos/Views/Epdoc/EpdocInsertLinkPicker.swift (in target 'Epistemos' from project 'Epistemos')
    cd /Users/jojo/Downloads/Epistemos


SwiftCompile normal arm64 /Users/jojo/Downloads/Epistemos/Epistemos/Views/Epdoc/EpdocKaTeXPreview.swift (in target 'Epistemos' from project 'Epistemos')
    cd /Users/jojo/Downloads/Epistemos


SwiftCompile normal arm64 /Users/jojo/Downloads/Epistemos/Epistemos/Views/Epdoc/EpdocSlashMenuView.swift (in target 'Epistemos' from project 'Epistemos')
    cd /Users/jojo/Downloads/Epistemos


SwiftCompile normal arm64 /Users/jojo/Downloads/Epistemos/Epistemos/Views/Epdoc/EpdocThoughtAttachedBadge.swift (in target 'Epistemos' from project 'Epistemos')
    cd /Users/jojo/Downloads/Epistemos


SwiftCompile normal arm64 /Users/jojo/Downloads/Epistemos/Epistemos/Views/Graph/CognitiveDagVisualizerPanel.swift (in target 'Epistemos' from project 'Epistemos')
    cd /Users/jojo/Downloads/Epistemos


SwiftCompile normal arm64 /Users/jojo/Downloads/Epistemos/Epistemos/Views/Graph/GraphFirstOpenTitle.swift (in target 'Epistemos' from project 'Epistemos')
    cd /Users/jojo/Downloads/Epistemos


SwiftCompile normal arm64 /Users/jojo/Downloads/Epistemos/Epistemos/Views/Graph/GraphFloatingControls.swift (in target 'Epistemos' from project 'Epistemos')
    cd /Users/jojo/Downloads/Epistemos


SwiftCompile normal arm64 /Users/jojo/Downloads/Epistemos/Epistemos/Views/Graph/GraphFolderPage.swift (in target 'Epistemos' from project 'Epistemos')
    cd /Users/jojo/Downloads/Epistemos


SwiftCompile normal arm64 /Users/jojo/Downloads/Epistemos/Epistemos/Views/Graph/GraphForceSettings.swift (in target 'Epistemos' from project 'Epistemos')
    cd /Users/jojo/Downloads/Epistemos


SwiftCompile normal arm64 /Users/jojo/Downloads/Epistemos/Epistemos/Views/Graph/GraphFPSHUD.swift (in target 'Epistemos' from project 'Epistemos')
    cd /Users/jojo/Downloads/Epistemos


SwiftCompile normal arm64 /Users/jojo/Downloads/Epistemos/Epistemos/Views/Graph/GraphInspectModeView.swift (in target 'Epistemos' from project 'Epistemos')
    cd /Users/jojo/Downloads/Epistemos


SwiftCompile normal arm64 /Users/jojo/Downloads/Epistemos/Epistemos/Views/Graph/GraphNotePage.swift (in target 'Epistemos' from project 'Epistemos')
    cd /Users/jojo/Downloads/Epistemos


SwiftCompile normal arm64 /Users/jojo/Downloads/Epistemos/Epistemos/Views/Graph/GraphOverlayPanel.swift (in target 'Epistemos' from project 'Epistemos')
    cd /Users/jojo/Downloads/Epistemos


SwiftCompile normal arm64 Compiling\ EpistemicStatus.swift,\ EpistemosSchema.swift,\ GraphTypes.swift,\ HaloState.swift,\ HTMLWorkspacePackage.swift,\ MutationEnvelope.swift,\ ProseMirrorMarkdownProjector.swift,\ QueryTypes.swift,\ SDBlock.swift,\ SDChat.swift,\ SDFolder.swift,\ SDGraphEdge.swift,\ SDGraphNode.swift,\ SDMessage.swift,\ SDModelProfile.swift,\ SDNoteInsight.swift,\ SDPage.swift,\ SDPage+Queries.swift,\ SDPageVersion.swift,\ SDWorkspace.swift,\ TodoSnapshot.swift,\ VaultManifest.swift,\ OmegaAgent.swift,\ ChannelRegistryState.swift /Users/jojo/Downloads/Epistemos/Epistemos/Models/EpistemicStatus.swift /Users/jojo/Downloads/Epistemos/Epistemos/Models/EpistemosSchema.swift /Users/jojo/Downloads/Epistemos/Epistemos/Models/GraphTypes.swift /Users/jojo/Downloads/Epistemos/Epistemos/Models/HaloState.swift /Users/jojo/Downloads/Epistemos/Epistemos/Models/HTMLWorkspacePackage.swift /Users/jojo/Downloads/Epistemos/Epistemos/Models/MutationEnvelope.swift /Users/jojo/Downloads/Epistemos/Epistemos/Models/ProseMirrorMarkdownProjector.swift /Users/jojo/Downloads/Epistemos/Epistemos/Models/QueryTypes.swift /Users/jojo/Downloads/Epistemos/Epistemos/Models/SDBlock.swift /Users/jojo/Downloads/Epistemos/Epistemos/Models/SDChat.swift /Users/jojo/Downloads/Epistemos/Epistemos/Models/SDFolder.swift /Users/jojo/Downloads/Epistemos/Epistemos/Models/SDGraphEdge.swift /Users/jojo/Downloads/Epistemos/Epistemos/Models/SDGraphNode.swift /Users/jojo/Downloads/Epistemos/Epistemos/Models/SDMessage.swift /Users/jojo/Downloads/Epistemos/Epistemos/Models/SDModelProfile.swift /Users/jojo/Downloads/Epistemos/Epistemos/Models/SDNoteInsight.swift /Users/jojo/Downloads/Epistemos/Epistemos/Models/SDPage.swift /Users/jojo/Downloads/Epistemos/Epistemos/Models/SDPage+Queries.swift /Users/jojo/Downloads/Epistemos/Epistemos/Models/SDPageVersion.swift /Users/jojo/Downloads/Epistemos/Epistemos/Models/SDWorkspace.swift /Users/jojo/Downloads/Epistemos/Epistemos/Models/TodoSnapshot.swift /Users/jojo/Downloads/Epistemos/Epistemos/Models/VaultManifest.swift /Users/jojo/Downloads/Epistemos/Epistemos/Omega/Agents/OmegaAgent.swift /Users/jojo/Downloads/Epistemos/Epistemos/Omega/Channels/ChannelRegistryState.swift (in target 'Epistemos' from project 'Epistemos')

SwiftCompile normal arm64 /Users/jojo/Downloads/Epistemos/Epistemos/Models/EpistemicStatus.swift (in target 'Epistemos' from project 'Epistemos')
    cd /Users/jojo/Downloads/Epistemos


SwiftCompile normal arm64 /Users/jojo/Downloads/Epistemos/Epistemos/Models/EpistemosSchema.swift (in target 'Epistemos' from project 'Epistemos')
    cd /Users/jojo/Downloads/Epistemos


SwiftCompile normal arm64 /Users/jojo/Downloads/Epistemos/Epistemos/Models/GraphTypes.swift (in target 'Epistemos' from project 'Epistemos')
    cd /Users/jojo/Downloads/Epistemos


SwiftCompile normal arm64 /Users/jojo/Downloads/Epistemos/Epistemos/Models/HaloState.swift (in target 'Epistemos' from project 'Epistemos')
    cd /Users/jojo/Downloads/Epistemos


SwiftCompile normal arm64 /Users/jojo/Downloads/Epistemos/Epistemos/Models/HTMLWorkspacePackage.swift (in target 'Epistemos' from project 'Epistemos')
    cd /Users/jojo/Downloads/Epistemos


SwiftCompile normal arm64 /Users/jojo/Downloads/Epistemos/Epistemos/Models/MutationEnvelope.swift (in target 'Epistemos' from project 'Epistemos')
    cd /Users/jojo/Downloads/Epistemos


SwiftCompile normal arm64 /Users/jojo/Downloads/Epistemos/Epistemos/Models/ProseMirrorMarkdownProjector.swift (in target 'Epistemos' from project 'Epistemos')
    cd /Users/jojo/Downloads/Epistemos


SwiftCompile normal arm64 /Users/jojo/Downloads/Epistemos/Epistemos/Models/QueryTypes.swift (in target 'Epistemos' from project 'Epistemos')
    cd /Users/jojo/Downloads/Epistemos


SwiftCompile normal arm64 /Users/jojo/Downloads/Epistemos/Epistemos/Models/SDBlock.swift (in target 'Epistemos' from project 'Epistemos')
    cd /Users/jojo/Downloads/Epistemos


SwiftCompile normal arm64 /Users/jojo/Downloads/Epistemos/Epistemos/Models/SDChat.swift (in target 'Epistemos' from project 'Epistemos')
    cd /Users/jojo/Downloads/Epistemos


SwiftCompile normal arm64 /Users/jojo/Downloads/Epistemos/Epistemos/Models/SDFolder.swift (in target 'Epistemos' from project 'Epistemos')
    cd /Users/jojo/Downloads/Epistemos


SwiftCompile normal arm64 /Users/jojo/Downloads/Epistemos/Epistemos/Models/SDGraphEdge.swift (in target 'Epistemos' from project 'Epistemos')
    cd /Users/jojo/Downloads/Epistemos


SwiftCompile normal arm64 /Users/jojo/Downloads/Epistemos/Epistemos/Models/SDGraphNode.swift (in target 'Epistemos' from project 'Epistemos')
    cd /Users/jojo/Downloads/Epistemos


SwiftCompile normal arm64 /Users/jojo/Downloads/Epistemos/Epistemos/Models/SDMessage.swift (in target 'Epistemos' from project 'Epistemos')
    cd /Users/jojo/Downloads/Epistemos


SwiftCompile normal arm64 /Users/jojo/Downloads/Epistemos/Epistemos/Models/SDModelProfile.swift (in target 'Epistemos' from project 'Epistemos')
    cd /Users/jojo/Downloads/Epistemos


SwiftCompile normal arm64 /Users/jojo/Downloads/Epistemos/Epistemos/Models/SDNoteInsight.swift (in target 'Epistemos' from project 'Epistemos')
    cd /Users/jojo/Downloads/Epistemos


SwiftCompile normal arm64 /Users/jojo/Downloads/Epistemos/Epistemos/Models/SDPage.swift (in target 'Epistemos' from project 'Epistemos')
    cd /Users/jojo/Downloads/Epistemos


SwiftCompile normal arm64 /Users/jojo/Downloads/Epistemos/Epistemos/Models/SDPage+Queries.swift (in target 'Epistemos' from project 'Epistemos')
    cd /Users/jojo/Downloads/Epistemos


SwiftCompile normal arm64 /Users/jojo/Downloads/Epistemos/Epistemos/Models/SDPageVersion.swift (in target 'Epistemos' from project 'Epistemos')
    cd /Users/jojo/Downloads/Epistemos


SwiftCompile normal arm64 /Users/jojo/Downloads/Epistemos/Epistemos/Models/SDWorkspace.swift (in target 'Epistemos' from project 'Epistemos')
    cd /Users/jojo/Downloads/Epistemos


SwiftCompile normal arm64 /Users/jojo/Downloads/Epistemos/Epistemos/Models/TodoSnapshot.swift (in target 'Epistemos' from project 'Epistemos')
    cd /Users/jojo/Downloads/Epistemos


SwiftCompile normal arm64 /Users/jojo/Downloads/Epistemos/Epistemos/Models/VaultManifest.swift (in target 'Epistemos' from project 'Epistemos')
    cd /Users/jojo/Downloads/Epistemos


SwiftCompile normal arm64 /Users/jojo/Downloads/Epistemos/Epistemos/Omega/Agents/OmegaAgent.swift (in target 'Epistemos' from project 'Epistemos')
    cd /Users/jojo/Downloads/Epistemos


SwiftCompile normal arm64 /Users/jojo/Downloads/Epistemos/Epistemos/Omega/Channels/ChannelRegistryState.swift (in target 'Epistemos' from project 'Epistemos')
    cd /Users/jojo/Downloads/Epistemos


SwiftCompile normal arm64 Compiling\ GraphWarmupView.swift,\ GraphWorkspaceContainer.swift,\ HologramController.swift,\ HologramNodeInspector.swift,\ HologramOverlay.swift,\ HologramSearchSidebar.swift,\ MetalGraphView.swift,\ NodeInspectorState.swift,\ PinnedInspector.swift,\ QueryResultsView.swift,\ RelationshipBrowser.swift,\ ShapedGraphBoundaryView.swift,\ HaloButton.swift,\ ShadowPanel.swift,\ ShadowPanelContent.swift,\ HomeGraphEmbeddedView.swift,\ HTMLWorkspaceCodeEditor.swift,\ HTMLWorkspaceEditorView.swift,\ HTMLWorkspacePreviewView.swift,\ DailyNoteView.swift,\ CompanionAdapterView.swift,\ CompanionAvatarGlyph.swift,\ CompanionCreationFlow.swift,\ CompanionDeleteSheet.swift /Users/jojo/Downloads/Epistemos/Epistemos/Views/Graph/GraphWarmupView.swift /Users/jojo/Downloads/Epistemos/Epistemos/Views/Graph/GraphWorkspaceContainer.swift /Users/jojo/Downloads/Epistemos/Epistemos/Views/Graph/HologramController.swift /Users/jojo/Downloads/Epistemos/Epistemos/Views/Graph/HologramNodeInspector.swift /Users/jojo/Downloads/Epistemos/Epistemos/Views/Graph/HologramOverlay.swift /Users/jojo/Downloads/Epistemos/Epistemos/Views/Graph/HologramSearchSidebar.swift /Users/jojo/Downloads/Epistemos/Epistemos/Views/Graph/MetalGraphView.swift /Users/jojo/Downloads/Epistemos/Epistemos/Views/Graph/NodeInspectorState.swift /Users/jojo/Downloads/Epistemos/Epistemos/Views/Graph/PinnedInspector.swift /Users/jojo/Downloads/Epistemos/Epistemos/Views/Graph/QueryResultsView.swift /Users/jojo/Downloads/Epistemos/Epistemos/Views/Graph/RelationshipBrowser.swift /Users/jojo/Downloads/Epistemos/Epistemos/Views/Graph/ShapedGraphBoundaryView.swift /Users/jojo/Downloads/Epistemos/Epistemos/Views/Halo/HaloButton.swift /Users/jojo/Downloads/Epistemos/Epistemos/Views/Halo/ShadowPanel.swift /Users/jojo/Downloads/Epistemos/Epistemos/Views/Halo/ShadowPanelContent.swift /Users/jojo/Downloads/Epistemos/Epistemos/Views/Home/HomeGraphEmbeddedView.swift /Users/jojo/Downloads/Epistemos/Epistemos/Views/HTMLWorkspace/HTMLWorkspaceCodeEditor.swift /Users/jojo/Downloads/Epistemos/Epistemos/Views/HTMLWorkspace/HTMLWorkspaceEditorView.swift /Users/jojo/Downloads/Epistemos/Epistemos/Views/HTMLWorkspace/HTMLWorkspacePreviewView.swift /Users/jojo/Downloads/Epistemos/Epistemos/Views/Journal/DailyNoteView.swift /Users/jojo/Downloads/Epistemos/Epistemos/Views/Landing/Farm/CompanionAdapterView.swift /Users/jojo/Downloads/Epistemos/Epistemos/Views/Landing/Farm/CompanionAvatarGlyph.swift /Users/jojo/Downloads/Epistemos/Epistemos/Views/Landing/Farm/CompanionCreationFlow.swift /Users/jojo/Downloads/Epistemos/Epistemos/Views/Landing/Farm/CompanionDeleteSheet.swift (in target 'Epistemos' from project 'Epistemos')

SwiftCompile normal arm64 /Users/jojo/Downloads/Epistemos/Epistemos/Views/Graph/GraphWarmupView.swift (in target 'Epistemos' from project 'Epistemos')
    cd /Users/jojo/Downloads/Epistemos


SwiftCompile normal arm64 /Users/jojo/Downloads/Epistemos/Epistemos/Views/Graph/GraphWorkspaceContainer.swift (in target 'Epistemos' from project 'Epistemos')
    cd /Users/jojo/Downloads/Epistemos


SwiftCompile normal arm64 /Users/jojo/Downloads/Epistemos/Epistemos/Views/Graph/HologramController.swift (in target 'Epistemos' from project 'Epistemos')
    cd /Users/jojo/Downloads/Epistemos


SwiftCompile normal arm64 /Users/jojo/Downloads/Epistemos/Epistemos/Views/Graph/HologramNodeInspector.swift (in target 'Epistemos' from project 'Epistemos')
    cd /Users/jojo/Downloads/Epistemos


SwiftCompile normal arm64 /Users/jojo/Downloads/Epistemos/Epistemos/Views/Graph/HologramOverlay.swift (in target 'Epistemos' from project 'Epistemos')
    cd /Users/jojo/Downloads/Epistemos


SwiftCompile normal arm64 /Users/jojo/Downloads/Epistemos/Epistemos/Views/Graph/HologramSearchSidebar.swift (in target 'Epistemos' from project 'Epistemos')
    cd /Users/jojo/Downloads/Epistemos


SwiftCompile normal arm64 /Users/jojo/Downloads/Epistemos/Epistemos/Views/Graph/MetalGraphView.swift (in target 'Epistemos' from project 'Epistemos')
    cd /Users/jojo/Downloads/Epistemos


SwiftCompile normal arm64 /Users/jojo/Downloads/Epistemos/Epistemos/Views/Graph/NodeInspectorState.swift (in target 'Epistemos' from project 'Epistemos')
    cd /Users/jojo/Downloads/Epistemos


SwiftCompile normal arm64 /Users/jojo/Downloads/Epistemos/Epistemos/Views/Graph/PinnedInspector.swift (in target 'Epistemos' from project 'Epistemos')
    cd /Users/jojo/Downloads/Epistemos


SwiftCompile normal arm64 /Users/jojo/Downloads/Epistemos/Epistemos/Views/Graph/QueryResultsView.swift (in target 'Epistemos' from project 'Epistemos')
    cd /Users/jojo/Downloads/Epistemos


SwiftCompile normal arm64 /Users/jojo/Downloads/Epistemos/Epistemos/Views/Graph/RelationshipBrowser.swift (in target 'Epistemos' from project 'Epistemos')
    cd /Users/jojo/Downloads/Epistemos


SwiftCompile normal arm64 /Users/jojo/Downloads/Epistemos/Epistemos/Views/Graph/ShapedGraphBoundaryView.swift (in target 'Epistemos' from project 'Epistemos')
    cd /Users/jojo/Downloads/Epistemos


SwiftCompile normal arm64 /Users/jojo/Downloads/Epistemos/Epistemos/Views/Halo/HaloButton.swift (in target 'Epistemos' from project 'Epistemos')
    cd /Users/jojo/Downloads/Epistemos


SwiftCompile normal arm64 /Users/jojo/Downloads/Epistemos/Epistemos/Views/Halo/ShadowPanel.swift (in target 'Epistemos' from project 'Epistemos')
    cd /Users/jojo/Downloads/Epistemos


SwiftCompile normal arm64 /Users/jojo/Downloads/Epistemos/Epistemos/Views/Halo/ShadowPanelContent.swift (in target 'Epistemos' from project 'Epistemos')
    cd /Users/jojo/Downloads/Epistemos


SwiftCompile normal arm64 /Users/jojo/Downloads/Epistemos/Epistemos/Views/Home/HomeGraphEmbeddedView.swift (in target 'Epistemos' from project 'Epistemos')
    cd /Users/jojo/Downloads/Epistemos


SwiftCompile normal arm64 /Users/jojo/Downloads/Epistemos/Epistemos/Views/HTMLWorkspace/HTMLWorkspaceCodeEditor.swift (in target 'Epistemos' from project 'Epistemos')
    cd /Users/jojo/Downloads/Epistemos


SwiftCompile normal arm64 /Users/jojo/Downloads/Epistemos/Epistemos/Views/HTMLWorkspace/HTMLWorkspaceEditorView.swift (in target 'Epistemos' from project 'Epistemos')
    cd /Users/jojo/Downloads/Epistemos


SwiftCompile normal arm64 /Users/jojo/Downloads/Epistemos/Epistemos/Views/HTMLWorkspace/HTMLWorkspacePreviewView.swift (in target 'Epistemos' from project 'Epistemos')
    cd /Users/jojo/Downloads/Epistemos


SwiftCompile normal arm64 /Users/jojo/Downloads/Epistemos/Epistemos/Views/Journal/DailyNoteView.swift (in target 'Epistemos' from project 'Epistemos')
    cd /Users/jojo/Downloads/Epistemos


SwiftCompile normal arm64 /Users/jojo/Downloads/Epistemos/Epistemos/Views/Landing/Farm/CompanionAdapterView.swift (in target 'Epistemos' from project 'Epistemos')
    cd /Users/jojo/Downloads/Epistemos


SwiftCompile normal arm64 /Users/jojo/Downloads/Epistemos/Epistemos/Views/Landing/Farm/CompanionAvatarGlyph.swift (in target 'Epistemos' from project 'Epistemos')
    cd /Users/jojo/Downloads/Epistemos


SwiftCompile normal arm64 /Users/jojo/Downloads/Epistemos/Epistemos/Views/Landing/Farm/CompanionCreationFlow.swift (in target 'Epistemos' from project 'Epistemos')
    cd /Users/jojo/Downloads/Epistemos


SwiftCompile normal arm64 /Users/jojo/Downloads/Epistemos/Epistemos/Views/Landing/Farm/CompanionDeleteSheet.swift (in target 'Epistemos' from project 'Epistemos')
    cd /Users/jojo/Downloads/Epistemos


SwiftCompile normal arm64 Compiling\ AgentCommandCenterState.swift,\ AgentPlanDocumentBuilder.swift,\ AmbientCaptureService.swift,\ AmbientFrequencyPlaybackState.swift,\ AppDataRetentionPolicy.swift,\ AppSupervisor.swift,\ ChatState.swift,\ CognitiveSubstrateTypes.swift,\ CommandCenterDiagnostics.swift,\ ContextualShadowsState.swift,\ DailyBriefState.swift,\ DialogueChatState.swift,\ EpistemosConfig.swift,\ EventBus.swift,\ EventStore.swift,\ FrictionMonitorService.swift,\ InferenceState.swift,\ InferenceState+RouteProfiles.swift,\ MainThreadWatchdog.swift,\ ModelProfileManager.swift,\ NightBrainLiveRegistry.swift,\ NightBrainScheduler.swift,\ NightBrainService.swift,\ NoteChatState.swift /Users/jojo/Downloads/Epistemos/Epistemos/State/AgentCommandCenterState.swift /Users/jojo/Downloads/Epistemos/Epistemos/State/AgentPlanDocumentBuilder.swift /Users/jojo/Downloads/Epistemos/Epistemos/State/AmbientCaptureService.swift /Users/jojo/Downloads/Epistemos/Epistemos/State/AmbientFrequencyPlaybackState.swift /Users/jojo/Downloads/Epistemos/Epistemos/State/AppDataRetentionPolicy.swift /Users/jojo/Downloads/Epistemos/Epistemos/State/AppSupervisor.swift /Users/jojo/Downloads/Epistemos/Epistemos/State/ChatState.swift /Users/jojo/Downloads/Epistemos/Epistemos/State/CognitiveSubstrateTypes.swift /Users/jojo/Downloads/Epistemos/Epistemos/State/CommandCenterDiagnostics.swift /Users/jojo/Downloads/Epistemos/Epistemos/State/ContextualShadowsState.swift /Users/jojo/Downloads/Epistemos/Epistemos/State/DailyBriefState.swift /Users/jojo/Downloads/Epistemos/Epistemos/State/DialogueChatState.swift /Users/jojo/Downloads/Epistemos/Epistemos/State/EpistemosConfig.swift /Users/jojo/Downloads/Epistemos/Epistemos/State/EventBus.swift /Users/jojo/Downloads/Epistemos/Epistemos/State/EventStore.swift /Users/jojo/Downloads/Epistemos/Epistemos/State/FrictionMonitorService.swift /Users/jojo/Downloads/Epistemos/Epistemos/State/InferenceState.swift /Users/jojo/Downloads/Epistemos/Epistemos/State/InferenceState+RouteProfiles.swift /Users/jojo/Downloads/Epistemos/Epistemos/State/MainThreadWatchdog.swift /Users/jojo/Downloads/Epistemos/Epistemos/State/ModelProfileManager.swift /Users/jojo/Downloads/Epistemos/Epistemos/State/NightBrainLiveRegistry.swift /Users/jojo/Downloads/Epistemos/Epistemos/State/NightBrainScheduler.swift /Users/jojo/Downloads/Epistemos/Epistemos/State/NightBrainService.swift /Users/jojo/Downloads/Epistemos/Epistemos/State/NoteChatState.swift (in target 'Epistemos' from project 'Epistemos')

SwiftCompile normal arm64 /Users/jojo/Downloads/Epistemos/Epistemos/State/AgentCommandCenterState.swift (in target 'Epistemos' from project 'Epistemos')
    cd /Users/jojo/Downloads/Epistemos


SwiftCompile normal arm64 /Users/jojo/Downloads/Epistemos/Epistemos/State/AgentPlanDocumentBuilder.swift (in target 'Epistemos' from project 'Epistemos')
    cd /Users/jojo/Downloads/Epistemos


SwiftCompile normal arm64 /Users/jojo/Downloads/Epistemos/Epistemos/State/AmbientCaptureService.swift (in target 'Epistemos' from project 'Epistemos')
    cd /Users/jojo/Downloads/Epistemos


SwiftCompile normal arm64 /Users/jojo/Downloads/Epistemos/Epistemos/State/AmbientFrequencyPlaybackState.swift (in target 'Epistemos' from project 'Epistemos')
    cd /Users/jojo/Downloads/Epistemos


SwiftCompile normal arm64 /Users/jojo/Downloads/Epistemos/Epistemos/State/AppDataRetentionPolicy.swift (in target 'Epistemos' from project 'Epistemos')
    cd /Users/jojo/Downloads/Epistemos


SwiftCompile normal arm64 /Users/jojo/Downloads/Epistemos/Epistemos/State/AppSupervisor.swift (in target 'Epistemos' from project 'Epistemos')
    cd /Users/jojo/Downloads/Epistemos


SwiftCompile normal arm64 /Users/jojo/Downloads/Epistemos/Epistemos/State/ChatState.swift (in target 'Epistemos' from project 'Epistemos')
    cd /Users/jojo/Downloads/Epistemos


SwiftCompile normal arm64 /Users/jojo/Downloads/Epistemos/Epistemos/State/CognitiveSubstrateTypes.swift (in target 'Epistemos' from project 'Epistemos')
    cd /Users/jojo/Downloads/Epistemos


SwiftCompile normal arm64 /Users/jojo/Downloads/Epistemos/Epistemos/State/CommandCenterDiagnostics.swift (in target 'Epistemos' from project 'Epistemos')
    cd /Users/jojo/Downloads/Epistemos


SwiftCompile normal arm64 /Users/jojo/Downloads/Epistemos/Epistemos/State/ContextualShadowsState.swift (in target 'Epistemos' from project 'Epistemos')
    cd /Users/jojo/Downloads/Epistemos


SwiftCompile normal arm64 /Users/jojo/Downloads/Epistemos/Epistemos/State/DailyBriefState.swift (in target 'Epistemos' from project 'Epistemos')
    cd /Users/jojo/Downloads/Epistemos


SwiftCompile normal arm64 /Users/jojo/Downloads/Epistemos/Epistemos/State/DialogueChatState.swift (in target 'Epistemos' from project 'Epistemos')
    cd /Users/jojo/Downloads/Epistemos


SwiftCompile normal arm64 /Users/jojo/Downloads/Epistemos/Epistemos/State/EpistemosConfig.swift (in target 'Epistemos' from project 'Epistemos')
    cd /Users/jojo/Downloads/Epistemos


SwiftCompile normal arm64 /Users/jojo/Downloads/Epistemos/Epistemos/State/EventBus.swift (in target 'Epistemos' from project 'Epistemos')
    cd /Users/jojo/Downloads/Epistemos


SwiftCompile normal arm64 /Users/jojo/Downloads/Epistemos/Epistemos/State/EventStore.swift (in target 'Epistemos' from project 'Epistemos')
    cd /Users/jojo/Downloads/Epistemos


SwiftCompile normal arm64 /Users/jojo/Downloads/Epistemos/Epistemos/State/FrictionMonitorService.swift (in target 'Epistemos' from project 'Epistemos')
    cd /Users/jojo/Downloads/Epistemos


SwiftCompile normal arm64 /Users/jojo/Downloads/Epistemos/Epistemos/State/InferenceState.swift (in target 'Epistemos' from project 'Epistemos')
    cd /Users/jojo/Downloads/Epistemos


SwiftCompile normal arm64 /Users/jojo/Downloads/Epistemos/Epistemos/State/InferenceState+RouteProfiles.swift (in target 'Epistemos' from project 'Epistemos')
    cd /Users/jojo/Downloads/Epistemos


SwiftCompile normal arm64 /Users/jojo/Downloads/Epistemos/Epistemos/State/MainThreadWatchdog.swift (in target 'Epistemos' from project 'Epistemos')
    cd /Users/jojo/Downloads/Epistemos


SwiftCompile normal arm64 /Users/jojo/Downloads/Epistemos/Epistemos/State/ModelProfileManager.swift (in target 'Epistemos' from project 'Epistemos')
    cd /Users/jojo/Downloads/Epistemos


SwiftCompile normal arm64 /Users/jojo/Downloads/Epistemos/Epistemos/State/NightBrainLiveRegistry.swift (in target 'Epistemos' from project 'Epistemos')
    cd /Users/jojo/Downloads/Epistemos


SwiftCompile normal arm64 /Users/jojo/Downloads/Epistemos/Epistemos/State/NightBrainScheduler.swift (in target 'Epistemos' from project 'Epistemos')
    cd /Users/jojo/Downloads/Epistemos


SwiftCompile normal arm64 /Users/jojo/Downloads/Epistemos/Epistemos/State/NightBrainService.swift (in target 'Epistemos' from project 'Epistemos')
    cd /Users/jojo/Downloads/Epistemos


SwiftCompile normal arm64 /Users/jojo/Downloads/Epistemos/Epistemos/State/NoteChatState.swift (in target 'Epistemos' from project 'Epistemos')
    cd /Users/jojo/Downloads/Epistemos


SwiftCompile normal arm64 Compiling\ EpdocDatabase.swift,\ EpdocDocument.swift,\ EpdocEditorBridge.swift,\ EpdocGraphPersistence.swift,\ EpdocGraphProjector.swift,\ EpdocGraphRenderingMapper.swift,\ EpdocPasteClassifier.swift,\ EpdocProperty.swift,\ EpdocQuery.swift,\ EpdocQueryParser.swift,\ EpistemosSidecar.swift,\ EpistemosSpeechAnalyzer.swift,\ EpistemosSpeechSynthesizer.swift,\ EventDrain.swift,\ Extensions.swift,\ FSRSDecayState.swift,\ GenUIDispatcher.swift,\ GraphEventAuditProjectionService.swift,\ GraphSlotScheduler.swift,\ HaloController.swift,\ HaloEditorBridge.swift,\ HookRegistry.swift,\ HTMLWorkspaceDocument.swift,\ HTMLWorkspacePatchRouter.swift,\ HTMLWorkspacePDFExporter.swift /Users/jojo/Downloads/Epistemos/Epistemos/Engine/EpdocDatabase.swift /Users/jojo/Downloads/Epistemos/Epistemos/Engine/EpdocDocument.swift /Users/jojo/Downloads/Epistemos/Epistemos/Engine/EpdocEditorBridge.swift /Users/jojo/Downloads/Epistemos/Epistemos/Engine/EpdocGraphPersistence.swift /Users/jojo/Downloads/Epistemos/Epistemos/Engine/EpdocGraphProjector.swift /Users/jojo/Downloads/Epistemos/Epistemos/Engine/EpdocGraphRenderingMapper.swift /Users/jojo/Downloads/Epistemos/Epistemos/Engine/EpdocPasteClassifier.swift /Users/jojo/Downloads/Epistemos/Epistemos/Engine/EpdocProperty.swift /Users/jojo/Downloads/Epistemos/Epistemos/Engine/EpdocQuery.swift /Users/jojo/Downloads/Epistemos/Epistemos/Engine/EpdocQueryParser.swift /Users/jojo/Downloads/Epistemos/Epistemos/Engine/EpistemosSidecar.swift /Users/jojo/Downloads/Epistemos/Epistemos/Engine/EpistemosSpeechAnalyzer.swift /Users/jojo/Downloads/Epistemos/Epistemos/Engine/EpistemosSpeechSynthesizer.swift /Users/jojo/Downloads/Epistemos/Epistemos/Engine/EventDrain.swift /Users/jojo/Downloads/Epistemos/Epistemos/Engine/Extensions.swift /Users/jojo/Downloads/Epistemos/Epistemos/Engine/FSRSDecayState.swift /Users/jojo/Downloads/Epistemos/Epistemos/Engine/GenUIDispatcher.swift /Users/jojo/Downloads/Epistemos/Epistemos/Engine/GraphEventAuditProjectionService.swift /Users/jojo/Downloads/Epistemos/Epistemos/Engine/GraphSlotScheduler.swift /Users/jojo/Downloads/Epistemos/Epistemos/Engine/HaloController.swift /Users/jojo/Downloads/Epistemos/Epistemos/Engine/HaloEditorBridge.swift /Users/jojo/Downloads/Epistemos/Epistemos/Engine/HookRegistry.swift /Users/jojo/Downloads/Epistemos/Epistemos/Engine/HTMLWorkspaceDocument.swift /Users/jojo/Downloads/Epistemos/Epistemos/Engine/HTMLWorkspacePatchRouter.swift /Users/jojo/Downloads/Epistemos/Epistemos/Engine/HTMLWorkspacePDFExporter.swift (in target 'Epistemos' from project 'Epistemos')

SwiftCompile normal arm64 /Users/jojo/Downloads/Epistemos/Epistemos/Engine/EpdocDatabase.swift (in target 'Epistemos' from project 'Epistemos')
    cd /Users/jojo/Downloads/Epistemos


SwiftCompile normal arm64 /Users/jojo/Downloads/Epistemos/Epistemos/Engine/EpdocDocument.swift (in target 'Epistemos' from project 'Epistemos')
    cd /Users/jojo/Downloads/Epistemos


SwiftCompile normal arm64 /Users/jojo/Downloads/Epistemos/Epistemos/Engine/EpdocEditorBridge.swift (in target 'Epistemos' from project 'Epistemos')
    cd /Users/jojo/Downloads/Epistemos


SwiftCompile normal arm64 /Users/jojo/Downloads/Epistemos/Epistemos/Engine/EpdocGraphPersistence.swift (in target 'Epistemos' from project 'Epistemos')
    cd /Users/jojo/Downloads/Epistemos


SwiftCompile normal arm64 /Users/jojo/Downloads/Epistemos/Epistemos/Engine/EpdocGraphProjector.swift (in target 'Epistemos' from project 'Epistemos')
    cd /Users/jojo/Downloads/Epistemos


SwiftCompile normal arm64 /Users/jojo/Downloads/Epistemos/Epistemos/Engine/EpdocGraphRenderingMapper.swift (in target 'Epistemos' from project 'Epistemos')
    cd /Users/jojo/Downloads/Epistemos


SwiftCompile normal arm64 /Users/jojo/Downloads/Epistemos/Epistemos/Engine/EpdocPasteClassifier.swift (in target 'Epistemos' from project 'Epistemos')
    cd /Users/jojo/Downloads/Epistemos


SwiftCompile normal arm64 /Users/jojo/Downloads/Epistemos/Epistemos/Engine/EpdocProperty.swift (in target 'Epistemos' from project 'Epistemos')
    cd /Users/jojo/Downloads/Epistemos


SwiftCompile normal arm64 /Users/jojo/Downloads/Epistemos/Epistemos/Engine/EpdocQuery.swift (in target 'Epistemos' from project 'Epistemos')
    cd /Users/jojo/Downloads/Epistemos


SwiftCompile normal arm64 /Users/jojo/Downloads/Epistemos/Epistemos/Engine/EpdocQueryParser.swift (in target 'Epistemos' from project 'Epistemos')
    cd /Users/jojo/Downloads/Epistemos


SwiftCompile normal arm64 /Users/jojo/Downloads/Epistemos/Epistemos/Engine/EpistemosSidecar.swift (in target 'Epistemos' from project 'Epistemos')
    cd /Users/jojo/Downloads/Epistemos


SwiftCompile normal arm64 /Users/jojo/Downloads/Epistemos/Epistemos/Engine/EpistemosSpeechAnalyzer.swift (in target 'Epistemos' from project 'Epistemos')
    cd /Users/jojo/Downloads/Epistemos


SwiftCompile normal arm64 /Users/jojo/Downloads/Epistemos/Epistemos/Engine/EpistemosSpeechSynthesizer.swift (in target 'Epistemos' from project 'Epistemos')
    cd /Users/jojo/Downloads/Epistemos


SwiftCompile normal arm64 /Users/jojo/Downloads/Epistemos/Epistemos/Engine/EventDrain.swift (in target 'Epistemos' from project 'Epistemos')
    cd /Users/jojo/Downloads/Epistemos


SwiftCompile normal arm64 /Users/jojo/Downloads/Epistemos/Epistemos/Engine/Extensions.swift (in target 'Epistemos' from project 'Epistemos')
    cd /Users/jojo/Downloads/Epistemos


SwiftCompile normal arm64 /Users/jojo/Downloads/Epistemos/Epistemos/Engine/FSRSDecayState.swift (in target 'Epistemos' from project 'Epistemos')
    cd /Users/jojo/Downloads/Epistemos


SwiftCompile normal arm64 /Users/jojo/Downloads/Epistemos/Epistemos/Engine/GenUIDispatcher.swift (in target 'Epistemos' from project 'Epistemos')
    cd /Users/jojo/Downloads/Epistemos


SwiftCompile normal arm64 /Users/jojo/Downloads/Epistemos/Epistemos/Engine/GraphEventAuditProjectionService.swift (in target 'Epistemos' from project 'Epistemos')
    cd /Users/jojo/Downloads/Epistemos


SwiftCompile normal arm64 /Users/jojo/Downloads/Epistemos/Epistemos/Engine/GraphSlotScheduler.swift (in target 'Epistemos' from project 'Epistemos')
    cd /Users/jojo/Downloads/Epistemos


SwiftCompile normal arm64 /Users/jojo/Downloads/Epistemos/Epistemos/Engine/HaloController.swift (in target 'Epistemos' from project 'Epistemos')
    cd /Users/jojo/Downloads/Epistemos


SwiftCompile normal arm64 /Users/jojo/Downloads/Epistemos/Epistemos/Engine/HaloEditorBridge.swift (in target 'Epistemos' from project 'Epistemos')
    cd /Users/jojo/Downloads/Epistemos


SwiftCompile normal arm64 /Users/jojo/Downloads/Epistemos/Epistemos/Engine/HookRegistry.swift (in target 'Epistemos' from project 'Epistemos')
    cd /Users/jojo/Downloads/Epistemos


SwiftCompile normal arm64 /Users/jojo/Downloads/Epistemos/Epistemos/Engine/HTMLWorkspaceDocument.swift (in target 'Epistemos' from project 'Epistemos')
    cd /Users/jojo/Downloads/Epistemos


SwiftCompile normal arm64 /Users/jojo/Downloads/Epistemos/Epistemos/Engine/HTMLWorkspacePatchRouter.swift (in target 'Epistemos' from project 'Epistemos')
    cd /Users/jojo/Downloads/Epistemos


SwiftCompile normal arm64 /Users/jojo/Downloads/Epistemos/Epistemos/Engine/HTMLWorkspacePDFExporter.swift (in target 'Epistemos' from project 'Epistemos')
    cd /Users/jojo/Downloads/Epistemos


SwiftCompile normal arm64 Compiling\ SyntaxCoreLiveHighlighter.swift,\ SyntaxCoreService.swift,\ TextCapturePipeline.swift,\ ThinkTagStreamRouter.swift,\ ThoughtAttachmentBridge.swift,\ TriageService.swift,\ URLSessionTransportSupport.swift,\ VoicePreferences.swift,\ WikilinkResolver.swift,\ FUlpWiring.swift,\ GraphChatRequest.swift,\ GraphWorkspaceRoute.swift,\ BackgroundGraphActor.swift,\ EmbeddingService.swift,\ EntityExtractor.swift,\ ExtractionTypes.swift,\ FilterEngine.swift,\ GraphBuilder.swift,\ GraphEngine.swift,\ GraphState.swift,\ GraphStore.swift,\ OntologyClassifier.swift,\ SDFLabelAtlas.swift,\ SDFLabelInstanceBuilder.swift,\ SemanticClusterService.swift /Users/jojo/Downloads/Epistemos/Epistemos/Engine/SyntaxCoreLiveHighlighter.swift /Users/jojo/Downloads/Epistemos/Epistemos/Engine/SyntaxCoreService.swift /Users/jojo/Downloads/Epistemos/Epistemos/Engine/TextCapturePipeline.swift /Users/jojo/Downloads/Epistemos/Epistemos/Engine/ThinkTagStreamRouter.swift /Users/jojo/Downloads/Epistemos/Epistemos/Engine/ThoughtAttachmentBridge.swift /Users/jojo/Downloads/Epistemos/Epistemos/Engine/TriageService.swift /Users/jojo/Downloads/Epistemos/Epistemos/Engine/URLSessionTransportSupport.swift /Users/jojo/Downloads/Epistemos/Epistemos/Engine/VoicePreferences.swift /Users/jojo/Downloads/Epistemos/Epistemos/Engine/WikilinkResolver.swift /Users/jojo/Downloads/Epistemos/Epistemos/FUlp/FUlpWiring.swift /Users/jojo/Downloads/Epistemos/Epistemos/Graph/Workspace/GraphChatRequest.swift /Users/jojo/Downloads/Epistemos/Epistemos/Graph/Workspace/GraphWorkspaceRoute.swift /Users/jojo/Downloads/Epistemos/Epistemos/Graph/BackgroundGraphActor.swift /Users/jojo/Downloads/Epistemos/Epistemos/Graph/EmbeddingService.swift /Users/jojo/Downloads/Epistemos/Epistemos/Graph/EntityExtractor.swift /Users/jojo/Downloads/Epistemos/Epistemos/Graph/ExtractionTypes.swift /Users/jojo/Downloads/Epistemos/Epistemos/Graph/FilterEngine.swift /Users/jojo/Downloads/Epistemos/Epistemos/Graph/GraphBuilder.swift /Users/jojo/Downloads/Epistemos/Epistemos/Graph/GraphEngine.swift /Users/jojo/Downloads/Epistemos/Epistemos/Graph/GraphState.swift /Users/jojo/Downloads/Epistemos/Epistemos/Graph/GraphStore.swift /Users/jojo/Downloads/Epistemos/Epistemos/Graph/OntologyClassifier.swift /Users/jojo/Downloads/Epistemos/Epistemos/Graph/SDFLabelAtlas.swift /Users/jojo/Downloads/Epistemos/Epistemos/Graph/SDFLabelInstanceBuilder.swift /Users/jojo/Downloads/Epistemos/Epistemos/Graph/SemanticClusterService.swift (in target 'Epistemos' from project 'Epistemos')

SwiftCompile normal arm64 /Users/jojo/Downloads/Epistemos/Epistemos/Engine/SyntaxCoreLiveHighlighter.swift (in target 'Epistemos' from project 'Epistemos')
    cd /Users/jojo/Downloads/Epistemos


SwiftCompile normal arm64 /Users/jojo/Downloads/Epistemos/Epistemos/Engine/SyntaxCoreService.swift (in target 'Epistemos' from project 'Epistemos')
    cd /Users/jojo/Downloads/Epistemos


SwiftCompile normal arm64 /Users/jojo/Downloads/Epistemos/Epistemos/Engine/TextCapturePipeline.swift (in target 'Epistemos' from project 'Epistemos')
    cd /Users/jojo/Downloads/Epistemos


SwiftCompile normal arm64 /Users/jojo/Downloads/Epistemos/Epistemos/Engine/ThinkTagStreamRouter.swift (in target 'Epistemos' from project 'Epistemos')
    cd /Users/jojo/Downloads/Epistemos


SwiftCompile normal arm64 /Users/jojo/Downloads/Epistemos/Epistemos/Engine/ThoughtAttachmentBridge.swift (in target 'Epistemos' from project 'Epistemos')
    cd /Users/jojo/Downloads/Epistemos


SwiftCompile normal arm64 /Users/jojo/Downloads/Epistemos/Epistemos/Engine/TriageService.swift (in target 'Epistemos' from project 'Epistemos')
    cd /Users/jojo/Downloads/Epistemos


SwiftCompile normal arm64 /Users/jojo/Downloads/Epistemos/Epistemos/Engine/URLSessionTransportSupport.swift (in target 'Epistemos' from project 'Epistemos')
    cd /Users/jojo/Downloads/Epistemos


SwiftCompile normal arm64 /Users/jojo/Downloads/Epistemos/Epistemos/Engine/VoicePreferences.swift (in target 'Epistemos' from project 'Epistemos')
    cd /Users/jojo/Downloads/Epistemos


SwiftCompile normal arm64 /Users/jojo/Downloads/Epistemos/Epistemos/Engine/WikilinkResolver.swift (in target 'Epistemos' from project 'Epistemos')
    cd /Users/jojo/Downloads/Epistemos


SwiftCompile normal arm64 /Users/jojo/Downloads/Epistemos/Epistemos/FUlp/FUlpWiring.swift (in target 'Epistemos' from project 'Epistemos')
    cd /Users/jojo/Downloads/Epistemos


SwiftCompile normal arm64 /Users/jojo/Downloads/Epistemos/Epistemos/Graph/Workspace/GraphChatRequest.swift (in target 'Epistemos' from project 'Epistemos')
    cd /Users/jojo/Downloads/Epistemos


SwiftCompile normal arm64 /Users/jojo/Downloads/Epistemos/Epistemos/Graph/Workspace/GraphWorkspaceRoute.swift (in target 'Epistemos' from project 'Epistemos')
    cd /Users/jojo/Downloads/Epistemos


SwiftCompile normal arm64 /Users/jojo/Downloads/Epistemos/Epistemos/Graph/BackgroundGraphActor.swift (in target 'Epistemos' from project 'Epistemos')
    cd /Users/jojo/Downloads/Epistemos


SwiftCompile normal arm64 /Users/jojo/Downloads/Epistemos/Epistemos/Graph/EmbeddingService.swift (in target 'Epistemos' from project 'Epistemos')
    cd /Users/jojo/Downloads/Epistemos


SwiftCompile normal arm64 /Users/jojo/Downloads/Epistemos/Epistemos/Graph/EntityExtractor.swift (in target 'Epistemos' from project 'Epistemos')
    cd /Users/jojo/Downloads/Epistemos


SwiftCompile normal arm64 /Users/jojo/Downloads/Epistemos/Epistemos/Graph/ExtractionTypes.swift (in target 'Epistemos' from project 'Epistemos')
    cd /Users/jojo/Downloads/Epistemos


SwiftCompile normal arm64 /Users/jojo/Downloads/Epistemos/Epistemos/Graph/FilterEngine.swift (in target 'Epistemos' from project 'Epistemos')
    cd /Users/jojo/Downloads/Epistemos


SwiftCompile normal arm64 /Users/jojo/Downloads/Epistemos/Epistemos/Graph/GraphBuilder.swift (in target 'Epistemos' from project 'Epistemos')
    cd /Users/jojo/Downloads/Epistemos


SwiftCompile normal arm64 /Users/jojo/Downloads/Epistemos/Epistemos/Graph/GraphEngine.swift (in target 'Epistemos' from project 'Epistemos')
    cd /Users/jojo/Downloads/Epistemos


SwiftCompile normal arm64 /Users/jojo/Downloads/Epistemos/Epistemos/Graph/GraphState.swift (in target 'Epistemos' from project 'Epistemos')
    cd /Users/jojo/Downloads/Epistemos


SwiftCompile normal arm64 /Users/jojo/Downloads/Epistemos/Epistemos/Graph/GraphStore.swift (in target 'Epistemos' from project 'Epistemos')
    cd /Users/jojo/Downloads/Epistemos


SwiftCompile normal arm64 /Users/jojo/Downloads/Epistemos/Epistemos/Graph/OntologyClassifier.swift (in target 'Epistemos' from project 'Epistemos')
    cd /Users/jojo/Downloads/Epistemos


SwiftCompile normal arm64 /Users/jojo/Downloads/Epistemos/Epistemos/Graph/SDFLabelAtlas.swift (in target 'Epistemos' from project 'Epistemos')
    cd /Users/jojo/Downloads/Epistemos


SwiftCompile normal arm64 /Users/jojo/Downloads/Epistemos/Epistemos/Graph/SDFLabelInstanceBuilder.swift (in target 'Epistemos' from project 'Epistemos')
    cd /Users/jojo/Downloads/Epistemos


SwiftCompile normal arm64 /Users/jojo/Downloads/Epistemos/Epistemos/Graph/SemanticClusterService.swift (in target 'Epistemos' from project 'Epistemos')
    cd /Users/jojo/Downloads/Epistemos


SwiftCompile normal arm64 Compiling\ MappedNoteBody.swift,\ NoteEntitySpotlightIndexer.swift,\ NoteFileStorage.swift,\ ReadableBlocksIndex.swift,\ ReadableBlocksProjector.swift,\ RRFFusionQuery.swift,\ SearchIndexService.swift,\ VaultImportFileCopier.swift,\ VaultIndexActor.swift,\ VaultSyncService.swift,\ RealSystemGRunSeam.swift,\ SystemGRunSeam.swift,\ SystemGWiring.swift,\ Sig.swift,\ AssistantComposerStatusViews.swift,\ EpistemosFont.swift,\ EpistemosTheme.swift,\ GlassModifiers.swift,\ NativeButtonStyles.swift,\ PhysicsModifiers.swift,\ PlatinumTheme.swift,\ SystemAppearanceState.swift,\ ToolbarGlass.swift,\ AgentApprovalPolicyStore.swift /Users/jojo/Downloads/Epistemos/Epistemos/Sync/MappedNoteBody.swift /Users/jojo/Downloads/Epistemos/Epistemos/Sync/NoteEntitySpotlightIndexer.swift /Users/jojo/Downloads/Epistemos/Epistemos/Sync/NoteFileStorage.swift /Users/jojo/Downloads/Epistemos/Epistemos/Sync/ReadableBlocksIndex.swift /Users/jojo/Downloads/Epistemos/Epistemos/Sync/ReadableBlocksProjector.swift /Users/jojo/Downloads/Epistemos/Epistemos/Sync/RRFFusionQuery.swift /Users/jojo/Downloads/Epistemos/Epistemos/Sync/SearchIndexService.swift /Users/jojo/Downloads/Epistemos/Epistemos/Sync/VaultImportFileCopier.swift /Users/jojo/Downloads/Epistemos/Epistemos/Sync/VaultIndexActor.swift /Users/jojo/Downloads/Epistemos/Epistemos/Sync/VaultSyncService.swift /Users/jojo/Downloads/Epistemos/Epistemos/SystemG/RealSystemGRunSeam.swift /Users/jojo/Downloads/Epistemos/Epistemos/SystemG/SystemGRunSeam.swift /Users/jojo/Downloads/Epistemos/Epistemos/SystemG/SystemGWiring.swift /Users/jojo/Downloads/Epistemos/Epistemos/Telemetry/Sig.swift /Users/jojo/Downloads/Epistemos/Epistemos/Theme/AssistantComposerStatusViews.swift /Users/jojo/Downloads/Epistemos/Epistemos/Theme/EpistemosFont.swift /Users/jojo/Downloads/Epistemos/Epistemos/Theme/EpistemosTheme.swift /Users/jojo/Downloads/Epistemos/Epistemos/Theme/GlassModifiers.swift /Users/jojo/Downloads/Epistemos/Epistemos/Theme/NativeButtonStyles.swift /Users/jojo/Downloads/Epistemos/Epistemos/Theme/PhysicsModifiers.swift /Users/jojo/Downloads/Epistemos/Epistemos/Theme/PlatinumTheme.swift /Users/jojo/Downloads/Epistemos/Epistemos/Theme/SystemAppearanceState.swift /Users/jojo/Downloads/Epistemos/Epistemos/Theme/ToolbarGlass.swift /Users/jojo/Downloads/Epistemos/Epistemos/Vault/AgentApprovalPolicyStore.swift (in target 'Epistemos' from project 'Epistemos')

SwiftCompile normal arm64 /Users/jojo/Downloads/Epistemos/Epistemos/Sync/MappedNoteBody.swift (in target 'Epistemos' from project 'Epistemos')
    cd /Users/jojo/Downloads/Epistemos


SwiftCompile normal arm64 /Users/jojo/Downloads/Epistemos/Epistemos/Sync/NoteEntitySpotlightIndexer.swift (in target 'Epistemos' from project 'Epistemos')
    cd /Users/jojo/Downloads/Epistemos


SwiftCompile normal arm64 /Users/jojo/Downloads/Epistemos/Epistemos/Sync/NoteFileStorage.swift (in target 'Epistemos' from project 'Epistemos')
    cd /Users/jojo/Downloads/Epistemos


SwiftCompile normal arm64 /Users/jojo/Downloads/Epistemos/Epistemos/Sync/ReadableBlocksIndex.swift (in target 'Epistemos' from project 'Epistemos')
    cd /Users/jojo/Downloads/Epistemos


SwiftCompile normal arm64 /Users/jojo/Downloads/Epistemos/Epistemos/Sync/ReadableBlocksProjector.swift (in target 'Epistemos' from project 'Epistemos')
    cd /Users/jojo/Downloads/Epistemos


SwiftCompile normal arm64 /Users/jojo/Downloads/Epistemos/Epistemos/Sync/RRFFusionQuery.swift (in target 'Epistemos' from project 'Epistemos')
    cd /Users/jojo/Downloads/Epistemos


SwiftCompile normal arm64 /Users/jojo/Downloads/Epistemos/Epistemos/Sync/SearchIndexService.swift (in target 'Epistemos' from project 'Epistemos')
    cd /Users/jojo/Downloads/Epistemos


SwiftCompile normal arm64 /Users/jojo/Downloads/Epistemos/Epistemos/Sync/VaultImportFileCopier.swift (in target 'Epistemos' from project 'Epistemos')
    cd /Users/jojo/Downloads/Epistemos


SwiftCompile normal arm64 /Users/jojo/Downloads/Epistemos/Epistemos/Sync/VaultIndexActor.swift (in target 'Epistemos' from project 'Epistemos')
    cd /Users/jojo/Downloads/Epistemos


SwiftCompile normal arm64 /Users/jojo/Downloads/Epistemos/Epistemos/Sync/VaultSyncService.swift (in target 'Epistemos' from project 'Epistemos')
    cd /Users/jojo/Downloads/Epistemos


SwiftCompile normal arm64 /Users/jojo/Downloads/Epistemos/Epistemos/SystemG/RealSystemGRunSeam.swift (in target 'Epistemos' from project 'Epistemos')
    cd /Users/jojo/Downloads/Epistemos


SwiftCompile normal arm64 /Users/jojo/Downloads/Epistemos/Epistemos/SystemG/SystemGRunSeam.swift (in target 'Epistemos' from project 'Epistemos')
    cd /Users/jojo/Downloads/Epistemos


SwiftCompile normal arm64 /Users/jojo/Downloads/Epistemos/Epistemos/SystemG/SystemGWiring.swift (in target 'Epistemos' from project 'Epistemos')
    cd /Users/jojo/Downloads/Epistemos


SwiftCompile normal arm64 /Users/jojo/Downloads/Epistemos/Epistemos/Telemetry/Sig.swift (in target 'Epistemos' from project 'Epistemos')
    cd /Users/jojo/Downloads/Epistemos


SwiftCompile normal arm64 /Users/jojo/Downloads/Epistemos/Epistemos/Theme/AssistantComposerStatusViews.swift (in target 'Epistemos' from project 'Epistemos')
    cd /Users/jojo/Downloads/Epistemos


SwiftCompile normal arm64 /Users/jojo/Downloads/Epistemos/Epistemos/Theme/EpistemosFont.swift (in target 'Epistemos' from project 'Epistemos')
    cd /Users/jojo/Downloads/Epistemos


SwiftCompile normal arm64 /Users/jojo/Downloads/Epistemos/Epistemos/Theme/EpistemosTheme.swift (in target 'Epistemos' from project 'Epistemos')
    cd /Users/jojo/Downloads/Epistemos


SwiftCompile normal arm64 /Users/jojo/Downloads/Epistemos/Epistemos/Theme/GlassModifiers.swift (in target 'Epistemos' from project 'Epistemos')
    cd /Users/jojo/Downloads/Epistemos


SwiftCompile normal arm64 /Users/jojo/Downloads/Epistemos/Epistemos/Theme/NativeButtonStyles.swift (in target 'Epistemos' from project 'Epistemos')
    cd /Users/jojo/Downloads/Epistemos


SwiftCompile normal arm64 /Users/jojo/Downloads/Epistemos/Epistemos/Theme/PhysicsModifiers.swift (in target 'Epistemos' from project 'Epistemos')
    cd /Users/jojo/Downloads/Epistemos


SwiftCompile normal arm64 /Users/jojo/Downloads/Epistemos/Epistemos/Theme/PlatinumTheme.swift (in target 'Epistemos' from project 'Epistemos')
    cd /Users/jojo/Downloads/Epistemos


SwiftCompile normal arm64 /Users/jojo/Downloads/Epistemos/Epistemos/Theme/SystemAppearanceState.swift (in target 'Epistemos' from project 'Epistemos')
    cd /Users/jojo/Downloads/Epistemos


SwiftCompile normal arm64 /Users/jojo/Downloads/Epistemos/Epistemos/Theme/ToolbarGlass.swift (in target 'Epistemos' from project 'Epistemos')
    cd /Users/jojo/Downloads/Epistemos


SwiftCompile normal arm64 /Users/jojo/Downloads/Epistemos/Epistemos/Vault/AgentApprovalPolicyStore.swift (in target 'Epistemos' from project 'Epistemos')
    cd /Users/jojo/Downloads/Epistemos


SwiftDriverJobDiscovery normal arm64 Compiling EpistemicStatus.swift, EpistemosSchema.swift, GraphTypes.swift, HaloState.swift, HTMLWorkspacePackage.swift, MutationEnvelope.swift, ProseMirrorMarkdownProjector.swift, QueryTypes.swift, SDBlock.swift, SDChat.swift, SDFolder.swift, SDGraphEdge.swift, SDGraphNode.swift, SDMessage.swift, SDModelProfile.swift, SDNoteInsight.swift, SDPage.swift, SDPage+Queries.swift, SDPageVersion.swift, SDWorkspace.swift, TodoSnapshot.swift, VaultManifest.swift, OmegaAgent.swift, ChannelRegistryState.swift (in target 'Epistemos' from project 'Epistemos')

SwiftCompile normal arm64 Compiling\ PythonEnvironmentManager.swift,\ RecallContextSnapshot.swift,\ StyleAnalyzer.swift,\ LatticeWBOWiring.swift,\ AgentBlueprint.swift,\ ConfidenceRouter.swift,\ HermesLocalAgentCompatibility.swift,\ IncrementalToolCallDetector.swift,\ LocalAgentCalcCommand.swift,\ LocalAgentCapabilityRegistry.swift,\ LocalAgentCommandDispatcher.swift,\ LocalAgentConfigToggleCommands.swift,\ LocalAgentCostCommand.swift,\ LocalAgentDiagnostics.swift,\ LocalAgentGatewayPolicy.swift,\ LocalAgentHelpCommand.swift,\ LocalAgentLoop.swift,\ LocalAgentNotebookCommands.swift,\ LocalAgentParameterCommands.swift,\ LocalAgentPersonaCommands.swift,\ LocalAgentPromptBuilder.swift,\ LocalAgentSessionOpsCommands.swift,\ LocalAgentStatusCommand.swift,\ LocalAgentThinkCommand.swift /Users/jojo/Downloads/Epistemos/Epistemos/KnowledgeFusion/PythonEnvironmentManager.swift /Users/jojo/Downloads/Epistemos/Epistemos/KnowledgeFusion/RecallContextSnapshot.swift /Users/jojo/Downloads/Epistemos/Epistemos/KnowledgeFusion/StyleAnalyzer.swift /Users/jojo/Downloads/Epistemos/Epistemos/LatticeWBO/LatticeWBOWiring.swift /Users/jojo/Downloads/Epistemos/Epistemos/LocalAgent/AgentBlueprint.swift /Users/jojo/Downloads/Epistemos/Epistemos/LocalAgent/ConfidenceRouter.swift /Users/jojo/Downloads/Epistemos/Epistemos/LocalAgent/HermesLocalAgentCompatibility.swift /Users/jojo/Downloads/Epistemos/Epistemos/LocalAgent/IncrementalToolCallDetector.swift /Users/jojo/Downloads/Epistemos/Epistemos/LocalAgent/LocalAgentCalcCommand.swift /Users/jojo/Downloads/Epistemos/Epistemos/LocalAgent/LocalAgentCapabilityRegistry.swift /Users/jojo/Downloads/Epistemos/Epistemos/LocalAgent/LocalAgentCommandDispatcher.swift /Users/jojo/Downloads/Epistemos/Epistemos/LocalAgent/LocalAgentConfigToggleCommands.swift /Users/jojo/Downloads/Epistemos/Epistemos/LocalAgent/LocalAgentCostCommand.swift /Users/jojo/Downloads/Epistemos/Epistemos/LocalAgent/LocalAgentDiagnostics.swift /Users/jojo/Downloads/Epistemos/Epistemos/LocalAgent/LocalAgentGatewayPolicy.swift /Users/jojo/Downloads/Epistemos/Epistemos/LocalAgent/LocalAgentHelpCommand.swift /Users/jojo/Downloads/Epistemos/Epistemos/LocalAgent/LocalAgentLoop.swift /Users/jojo/Downloads/Epistemos/Epistemos/LocalAgent/LocalAgentNotebookCommands.swift /Users/jojo/Downloads/Epistemos/Epistemos/LocalAgent/LocalAgentParameterCommands.swift /Users/jojo/Downloads/Epistemos/Epistemos/LocalAgent/LocalAgentPersonaCommands.swift /Users/jojo/Downloads/Epistemos/Epistemos/LocalAgent/LocalAgentPromptBuilder.swift /Users/jojo/Downloads/Epistemos/Epistemos/LocalAgent/LocalAgentSessionOpsCommands.swift /Users/jojo/Downloads/Epistemos/Epistemos/LocalAgent/LocalAgentStatusCommand.swift /Users/jojo/Downloads/Epistemos/Epistemos/LocalAgent/LocalAgentThinkCommand.swift (in target 'Epistemos' from project 'Epistemos')

SwiftCompile normal arm64 /Users/jojo/Downloads/Epistemos/Epistemos/KnowledgeFusion/PythonEnvironmentManager.swift (in target 'Epistemos' from project 'Epistemos')
    cd /Users/jojo/Downloads/Epistemos


SwiftCompile normal arm64 /Users/jojo/Downloads/Epistemos/Epistemos/KnowledgeFusion/RecallContextSnapshot.swift (in target 'Epistemos' from project 'Epistemos')
    cd /Users/jojo/Downloads/Epistemos


SwiftCompile normal arm64 /Users/jojo/Downloads/Epistemos/Epistemos/KnowledgeFusion/StyleAnalyzer.swift (in target 'Epistemos' from project 'Epistemos')
    cd /Users/jojo/Downloads/Epistemos


SwiftCompile normal arm64 /Users/jojo/Downloads/Epistemos/Epistemos/LatticeWBO/LatticeWBOWiring.swift (in target 'Epistemos' from project 'Epistemos')
    cd /Users/jojo/Downloads/Epistemos


SwiftCompile normal arm64 /Users/jojo/Downloads/Epistemos/Epistemos/LocalAgent/AgentBlueprint.swift (in target 'Epistemos' from project 'Epistemos')
    cd /Users/jojo/Downloads/Epistemos


SwiftCompile normal arm64 /Users/jojo/Downloads/Epistemos/Epistemos/LocalAgent/ConfidenceRouter.swift (in target 'Epistemos' from project 'Epistemos')
    cd /Users/jojo/Downloads/Epistemos


SwiftCompile normal arm64 /Users/jojo/Downloads/Epistemos/Epistemos/LocalAgent/HermesLocalAgentCompatibility.swift (in target 'Epistemos' from project 'Epistemos')
    cd /Users/jojo/Downloads/Epistemos


SwiftCompile normal arm64 /Users/jojo/Downloads/Epistemos/Epistemos/LocalAgent/IncrementalToolCallDetector.swift (in target 'Epistemos' from project 'Epistemos')
    cd /Users/jojo/Downloads/Epistemos


SwiftCompile normal arm64 /Users/jojo/Downloads/Epistemos/Epistemos/LocalAgent/LocalAgentCalcCommand.swift (in target 'Epistemos' from project 'Epistemos')
    cd /Users/jojo/Downloads/Epistemos


SwiftCompile normal arm64 /Users/jojo/Downloads/Epistemos/Epistemos/LocalAgent/LocalAgentCapabilityRegistry.swift (in target 'Epistemos' from project 'Epistemos')
    cd /Users/jojo/Downloads/Epistemos


SwiftCompile normal arm64 /Users/jojo/Downloads/Epistemos/Epistemos/LocalAgent/LocalAgentCommandDispatcher.swift (in target 'Epistemos' from project 'Epistemos')
    cd /Users/jojo/Downloads/Epistemos


SwiftCompile normal arm64 /Users/jojo/Downloads/Epistemos/Epistemos/LocalAgent/LocalAgentConfigToggleCommands.swift (in target 'Epistemos' from project 'Epistemos')
    cd /Users/jojo/Downloads/Epistemos


SwiftCompile normal arm64 /Users/jojo/Downloads/Epistemos/Epistemos/LocalAgent/LocalAgentCostCommand.swift (in target 'Epistemos' from project 'Epistemos')
    cd /Users/jojo/Downloads/Epistemos


SwiftCompile normal arm64 /Users/jojo/Downloads/Epistemos/Epistemos/LocalAgent/LocalAgentDiagnostics.swift (in target 'Epistemos' from project 'Epistemos')
    cd /Users/jojo/Downloads/Epistemos


SwiftCompile normal arm64 /Users/jojo/Downloads/Epistemos/Epistemos/LocalAgent/LocalAgentGatewayPolicy.swift (in target 'Epistemos' from project 'Epistemos')
    cd /Users/jojo/Downloads/Epistemos


SwiftCompile normal arm64 /Users/jojo/Downloads/Epistemos/Epistemos/LocalAgent/LocalAgentHelpCommand.swift (in target 'Epistemos' from project 'Epistemos')
    cd /Users/jojo/Downloads/Epistemos


SwiftCompile normal arm64 /Users/jojo/Downloads/Epistemos/Epistemos/LocalAgent/LocalAgentLoop.swift (in target 'Epistemos' from project 'Epistemos')
    cd /Users/jojo/Downloads/Epistemos


SwiftCompile normal arm64 /Users/jojo/Downloads/Epistemos/Epistemos/LocalAgent/LocalAgentNotebookCommands.swift (in target 'Epistemos' from project 'Epistemos')
    cd /Users/jojo/Downloads/Epistemos


SwiftCompile normal arm64 /Users/jojo/Downloads/Epistemos/Epistemos/LocalAgent/LocalAgentParameterCommands.swift (in target 'Epistemos' from project 'Epistemos')
    cd /Users/jojo/Downloads/Epistemos


SwiftCompile normal arm64 /Users/jojo/Downloads/Epistemos/Epistemos/LocalAgent/LocalAgentPersonaCommands.swift (in target 'Epistemos' from project 'Epistemos')
    cd /Users/jojo/Downloads/Epistemos


SwiftCompile normal arm64 /Users/jojo/Downloads/Epistemos/Epistemos/LocalAgent/LocalAgentPromptBuilder.swift (in target 'Epistemos' from project 'Epistemos')
    cd /Users/jojo/Downloads/Epistemos


SwiftCompile normal arm64 /Users/jojo/Downloads/Epistemos/Epistemos/LocalAgent/LocalAgentSessionOpsCommands.swift (in target 'Epistemos' from project 'Epistemos')
    cd /Users/jojo/Downloads/Epistemos


SwiftCompile normal arm64 /Users/jojo/Downloads/Epistemos/Epistemos/LocalAgent/LocalAgentStatusCommand.swift (in target 'Epistemos' from project 'Epistemos')
    cd /Users/jojo/Downloads/Epistemos


SwiftCompile normal arm64 /Users/jojo/Downloads/Epistemos/Epistemos/LocalAgent/LocalAgentThinkCommand.swift (in target 'Epistemos' from project 'Epistemos')
    cd /Users/jojo/Downloads/Epistemos


SwiftDriverJobDiscovery normal arm64 Compiling EpdocDatabase.swift, EpdocDocument.swift, EpdocEditorBridge.swift, EpdocGraphPersistence.swift, EpdocGraphProjector.swift, EpdocGraphRenderingMapper.swift, EpdocPasteClassifier.swift, EpdocProperty.swift, EpdocQuery.swift, EpdocQueryParser.swift, EpistemosSidecar.swift, EpistemosSpeechAnalyzer.swift, EpistemosSpeechSynthesizer.swift, EventDrain.swift, Extensions.swift, FSRSDecayState.swift, GenUIDispatcher.swift, GraphEventAuditProjectionService.swift, GraphSlotScheduler.swift, HaloController.swift, HaloEditorBridge.swift, HookRegistry.swift, HTMLWorkspaceDocument.swift, HTMLWorkspacePatchRouter.swift, HTMLWorkspacePDFExporter.swift (in target 'Epistemos' from project 'Epistemos')

SwiftCompile normal arm64 Compiling\ CredentialRedactor.swift,\ MemoryThreatScanner.swift,\ MMRReranker.swift,\ ToolLoopDetector.swift,\ TranscriptRepair.swift,\ AXMutationDetector.swift,\ AXorcistBridge.swift,\ Screen2AXFusion.swift,\ ScreenCaptureService.swift,\ TCCPermissionState.swift,\ VisualVerifyLoop.swift,\ MCPBridge.swift,\ OmegaDurationExtension.swift,\ OmegaPermissions.swift,\ ResearchComplexityGate.swift,\ ResearchConfidenceState.swift,\ ResearchEvidenceScorer.swift,\ ResearchOrchestrator.swift,\ CapabilityBridge.swift,\ SovereignGate.swift,\ SovereignGateLifecycleObserver.swift,\ CompanionState.swift,\ ActivityTracker.swift,\ AgentChatState.swift /Users/jojo/Downloads/Epistemos/Epistemos/Omega/Safety/CredentialRedactor.swift /Users/jojo/Downloads/Epistemos/Epistemos/Omega/Safety/MemoryThreatScanner.swift /Users/jojo/Downloads/Epistemos/Epistemos/Omega/Safety/MMRReranker.swift /Users/jojo/Downloads/Epistemos/Epistemos/Omega/Safety/ToolLoopDetector.swift /Users/jojo/Downloads/Epistemos/Epistemos/Omega/Safety/TranscriptRepair.swift /Users/jojo/Downloads/Epistemos/Epistemos/Omega/Vision/AXMutationDetector.swift /Users/jojo/Downloads/Epistemos/Epistemos/Omega/Vision/AXorcistBridge.swift /Users/jojo/Downloads/Epistemos/Epistemos/Omega/Vision/Screen2AXFusion.swift /Users/jojo/Downloads/Epistemos/Epistemos/Omega/Vision/ScreenCaptureService.swift /Users/jojo/Downloads/Epistemos/Epistemos/Omega/Vision/TCCPermissionState.swift /Users/jojo/Downloads/Epistemos/Epistemos/Omega/Vision/VisualVerifyLoop.swift /Users/jojo/Downloads/Epistemos/Epistemos/Omega/MCPBridge.swift /Users/jojo/Downloads/Epistemos/Epistemos/Omega/OmegaDurationExtension.swift /Users/jojo/Downloads/Epistemos/Epistemos/Omega/OmegaPermissions.swift /Users/jojo/Downloads/Epistemos/Epistemos/Omega/ResearchComplexityGate.swift /Users/jojo/Downloads/Epistemos/Epistemos/Omega/ResearchConfidenceState.swift /Users/jojo/Downloads/Epistemos/Epistemos/Omega/ResearchEvidenceScorer.swift /Users/jojo/Downloads/Epistemos/Epistemos/Omega/ResearchOrchestrator.swift /Users/jojo/Downloads/Epistemos/Epistemos/Security/CapabilityBridge.swift /Users/jojo/Downloads/Epistemos/Epistemos/Sovereign/SovereignGate.swift /Users/jojo/Downloads/Epistemos/Epistemos/Sovereign/SovereignGateLifecycleObserver.swift /Users/jojo/Downloads/Epistemos/Epistemos/State/Companion/CompanionState.swift /Users/jojo/Downloads/Epistemos/Epistemos/State/ActivityTracker.swift /Users/jojo/Downloads/Epistemos/Epistemos/State/AgentChatState.swift (in target 'Epistemos' from project 'Epistemos')

SwiftCompile normal arm64 /Users/jojo/Downloads/Epistemos/Epistemos/Omega/Safety/CredentialRedactor.swift (in target 'Epistemos' from project 'Epistemos')
    cd /Users/jojo/Downloads/Epistemos


SwiftCompile normal arm64 /Users/jojo/Downloads/Epistemos/Epistemos/Omega/Safety/MemoryThreatScanner.swift (in target 'Epistemos' from project 'Epistemos')
    cd /Users/jojo/Downloads/Epistemos


SwiftCompile normal arm64 /Users/jojo/Downloads/Epistemos/Epistemos/Omega/Safety/MMRReranker.swift (in target 'Epistemos' from project 'Epistemos')
    cd /Users/jojo/Downloads/Epistemos


SwiftCompile normal arm64 /Users/jojo/Downloads/Epistemos/Epistemos/Omega/Safety/ToolLoopDetector.swift (in target 'Epistemos' from project 'Epistemos')
    cd /Users/jojo/Downloads/Epistemos


SwiftCompile normal arm64 /Users/jojo/Downloads/Epistemos/Epistemos/Omega/Safety/TranscriptRepair.swift (in target 'Epistemos' from project 'Epistemos')
    cd /Users/jojo/Downloads/Epistemos


SwiftCompile normal arm64 /Users/jojo/Downloads/Epistemos/Epistemos/Omega/Vision/AXMutationDetector.swift (in target 'Epistemos' from project 'Epistemos')
    cd /Users/jojo/Downloads/Epistemos


SwiftCompile normal arm64 /Users/jojo/Downloads/Epistemos/Epistemos/Omega/Vision/AXorcistBridge.swift (in target 'Epistemos' from project 'Epistemos')
    cd /Users/jojo/Downloads/Epistemos


SwiftCompile normal arm64 /Users/jojo/Downloads/Epistemos/Epistemos/Omega/Vision/Screen2AXFusion.swift (in target 'Epistemos' from project 'Epistemos')
    cd /Users/jojo/Downloads/Epistemos


SwiftCompile normal arm64 /Users/jojo/Downloads/Epistemos/Epistemos/Omega/Vision/ScreenCaptureService.swift (in target 'Epistemos' from project 'Epistemos')
    cd /Users/jojo/Downloads/Epistemos


SwiftCompile normal arm64 /Users/jojo/Downloads/Epistemos/Epistemos/Omega/Vision/TCCPermissionState.swift (in target 'Epistemos' from project 'Epistemos')
    cd /Users/jojo/Downloads/Epistemos


SwiftCompile normal arm64 /Users/jojo/Downloads/Epistemos/Epistemos/Omega/Vision/VisualVerifyLoop.swift (in target 'Epistemos' from project 'Epistemos')
    cd /Users/jojo/Downloads/Epistemos


SwiftCompile normal arm64 /Users/jojo/Downloads/Epistemos/Epistemos/Omega/MCPBridge.swift (in target 'Epistemos' from project 'Epistemos')
    cd /Users/jojo/Downloads/Epistemos


SwiftCompile normal arm64 /Users/jojo/Downloads/Epistemos/Epistemos/Omega/OmegaDurationExtension.swift (in target 'Epistemos' from project 'Epistemos')
    cd /Users/jojo/Downloads/Epistemos


SwiftCompile normal arm64 /Users/jojo/Downloads/Epistemos/Epistemos/Omega/OmegaPermissions.swift (in target 'Epistemos' from project 'Epistemos')
    cd /Users/jojo/Downloads/Epistemos


SwiftCompile normal arm64 /Users/jojo/Downloads/Epistemos/Epistemos/Omega/ResearchComplexityGate.swift (in target 'Epistemos' from project 'Epistemos')
    cd /Users/jojo/Downloads/Epistemos


SwiftCompile normal arm64 /Users/jojo/Downloads/Epistemos/Epistemos/Omega/ResearchConfidenceState.swift (in target 'Epistemos' from project 'Epistemos')
    cd /Users/jojo/Downloads/Epistemos


SwiftCompile normal arm64 /Users/jojo/Downloads/Epistemos/Epistemos/Omega/ResearchEvidenceScorer.swift (in target 'Epistemos' from project 'Epistemos')
    cd /Users/jojo/Downloads/Epistemos


SwiftCompile normal arm64 /Users/jojo/Downloads/Epistemos/Epistemos/Omega/ResearchOrchestrator.swift (in target 'Epistemos' from project 'Epistemos')
    cd /Users/jojo/Downloads/Epistemos


SwiftCompile normal arm64 /Users/jojo/Downloads/Epistemos/Epistemos/Security/CapabilityBridge.swift (in target 'Epistemos' from project 'Epistemos')
    cd /Users/jojo/Downloads/Epistemos


SwiftCompile normal arm64 /Users/jojo/Downloads/Epistemos/Epistemos/Sovereign/SovereignGate.swift (in target 'Epistemos' from project 'Epistemos')
    cd /Users/jojo/Downloads/Epistemos


SwiftCompile normal arm64 /Users/jojo/Downloads/Epistemos/Epistemos/Sovereign/SovereignGateLifecycleObserver.swift (in target 'Epistemos' from project 'Epistemos')
    cd /Users/jojo/Downloads/Epistemos


SwiftCompile normal arm64 /Users/jojo/Downloads/Epistemos/Epistemos/State/Companion/CompanionState.swift (in target 'Epistemos' from project 'Epistemos')
    cd /Users/jojo/Downloads/Epistemos


SwiftCompile normal arm64 /Users/jojo/Downloads/Epistemos/Epistemos/State/ActivityTracker.swift (in target 'Epistemos' from project 'Epistemos')
    cd /Users/jojo/Downloads/Epistemos


SwiftCompile normal arm64 /Users/jojo/Downloads/Epistemos/Epistemos/State/AgentChatState.swift (in target 'Epistemos' from project 'Epistemos')
    cd /Users/jojo/Downloads/Epistemos


SwiftDriverJobDiscovery normal arm64 Compiling UnifiedFrostedGlass.swift, VoiceInputButton.swift, PageShell.swift, ToastOverlay.swift, ModelVaultsModeView.swift, SystemModeView.swift, ModeSwitcherControl.swift, PinnedStripView.swift, SidebarModeStore.swift, SidebarShell.swift, VaultSelectorView.swift, SkillEvolutionView.swift, ConflictCardView.swift, ArtifactHostView.swift, AgentServiceClient.swift, AgentServiceProtocol.swift, MockProviderServiceStreaming.swift, ProviderServiceClient.swift, ProviderServiceStreamingProtocol.swift, XPCTrust.swift, epistemos_core.swift, omega_ax.swift, omega_mcp.swift, GeneratedAssetSymbols.swift (in target 'Epistemos' from project 'Epistemos')

SwiftCompile normal arm64 Compiling\ NoteLineDiff.swift,\ NotesUIState.swift,\ OrphanSubprocessCleanup.swift,\ OverseerAuditState.swift,\ PaperclipHeartbeatClock.swift,\ PaperclipStateStore.swift,\ PhysicsCoordinator.swift,\ PipelineState.swift,\ PowerGate.swift,\ PowerGuard.swift,\ PromptTreePreferences.swift,\ RawThoughtsState.swift,\ ThermalGuard.swift,\ ThermalMonitor.swift,\ ThreadState.swift,\ TimeMachineService.swift,\ TimeoutUtility.swift,\ UIState.swift,\ WorkspaceService.swift,\ WorkspaceSummaryService.swift,\ BlockMirror.swift,\ BlockParser.swift,\ BlockPropertyParser.swift,\ CollectionRegistry.swift /Users/jojo/Downloads/Epistemos/Epistemos/State/NoteLineDiff.swift /Users/jojo/Downloads/Epistemos/Epistemos/State/NotesUIState.swift /Users/jojo/Downloads/Epistemos/Epistemos/State/OrphanSubprocessCleanup.swift /Users/jojo/Downloads/Epistemos/Epistemos/State/OverseerAuditState.swift /Users/jojo/Downloads/Epistemos/Epistemos/State/PaperclipHeartbeatClock.swift /Users/jojo/Downloads/Epistemos/Epistemos/State/PaperclipStateStore.swift /Users/jojo/Downloads/Epistemos/Epistemos/State/PhysicsCoordinator.swift /Users/jojo/Downloads/Epistemos/Epistemos/State/PipelineState.swift /Users/jojo/Downloads/Epistemos/Epistemos/State/PowerGate.swift /Users/jojo/Downloads/Epistemos/Epistemos/State/PowerGuard.swift /Users/jojo/Downloads/Epistemos/Epistemos/State/PromptTreePreferences.swift /Users/jojo/Downloads/Epistemos/Epistemos/State/RawThoughtsState.swift /Users/jojo/Downloads/Epistemos/Epistemos/State/ThermalGuard.swift /Users/jojo/Downloads/Epistemos/Epistemos/State/ThermalMonitor.swift /Users/jojo/Downloads/Epistemos/Epistemos/State/ThreadState.swift /Users/jojo/Downloads/Epistemos/Epistemos/State/TimeMachineService.swift /Users/jojo/Downloads/Epistemos/Epistemos/State/TimeoutUtility.swift /Users/jojo/Downloads/Epistemos/Epistemos/State/UIState.swift /Users/jojo/Downloads/Epistemos/Epistemos/State/WorkspaceService.swift /Users/jojo/Downloads/Epistemos/Epistemos/State/WorkspaceSummaryService.swift /Users/jojo/Downloads/Epistemos/Epistemos/Sync/BlockMirror.swift /Users/jojo/Downloads/Epistemos/Epistemos/Sync/BlockParser.swift /Users/jojo/Downloads/Epistemos/Epistemos/Sync/BlockPropertyParser.swift /Users/jojo/Downloads/Epistemos/Epistemos/Sync/CollectionRegistry.swift (in target 'Epistemos' from project 'Epistemos')

SwiftCompile normal arm64 /Users/jojo/Downloads/Epistemos/Epistemos/State/NoteLineDiff.swift (in target 'Epistemos' from project 'Epistemos')
    cd /Users/jojo/Downloads/Epistemos


SwiftCompile normal arm64 /Users/jojo/Downloads/Epistemos/Epistemos/State/NotesUIState.swift (in target 'Epistemos' from project 'Epistemos')
    cd /Users/jojo/Downloads/Epistemos


SwiftCompile normal arm64 /Users/jojo/Downloads/Epistemos/Epistemos/State/OrphanSubprocessCleanup.swift (in target 'Epistemos' from project 'Epistemos')
    cd /Users/jojo/Downloads/Epistemos


SwiftCompile normal arm64 /Users/jojo/Downloads/Epistemos/Epistemos/State/OverseerAuditState.swift (in target 'Epistemos' from project 'Epistemos')
    cd /Users/jojo/Downloads/Epistemos


SwiftCompile normal arm64 /Users/jojo/Downloads/Epistemos/Epistemos/State/PaperclipHeartbeatClock.swift (in target 'Epistemos' from project 'Epistemos')
    cd /Users/jojo/Downloads/Epistemos


SwiftCompile normal arm64 /Users/jojo/Downloads/Epistemos/Epistemos/State/PaperclipStateStore.swift (in target 'Epistemos' from project 'Epistemos')
    cd /Users/jojo/Downloads/Epistemos


SwiftCompile normal arm64 /Users/jojo/Downloads/Epistemos/Epistemos/State/PhysicsCoordinator.swift (in target 'Epistemos' from project 'Epistemos')
    cd /Users/jojo/Downloads/Epistemos


SwiftCompile normal arm64 /Users/jojo/Downloads/Epistemos/Epistemos/State/PipelineState.swift (in target 'Epistemos' from project 'Epistemos')
    cd /Users/jojo/Downloads/Epistemos


SwiftCompile normal arm64 /Users/jojo/Downloads/Epistemos/Epistemos/State/PowerGate.swift (in target 'Epistemos' from project 'Epistemos')
    cd /Users/jojo/Downloads/Epistemos


SwiftCompile normal arm64 /Users/jojo/Downloads/Epistemos/Epistemos/State/PowerGuard.swift (in target 'Epistemos' from project 'Epistemos')
    cd /Users/jojo/Downloads/Epistemos


SwiftCompile normal arm64 /Users/jojo/Downloads/Epistemos/Epistemos/State/PromptTreePreferences.swift (in target 'Epistemos' from project 'Epistemos')
    cd /Users/jojo/Downloads/Epistemos


SwiftCompile normal arm64 /Users/jojo/Downloads/Epistemos/Epistemos/State/RawThoughtsState.swift (in target 'Epistemos' from project 'Epistemos')
    cd /Users/jojo/Downloads/Epistemos


SwiftCompile normal arm64 /Users/jojo/Downloads/Epistemos/Epistemos/State/ThermalGuard.swift (in target 'Epistemos' from project 'Epistemos')
    cd /Users/jojo/Downloads/Epistemos


SwiftCompile normal arm64 /Users/jojo/Downloads/Epistemos/Epistemos/State/ThermalMonitor.swift (in target 'Epistemos' from project 'Epistemos')
    cd /Users/jojo/Downloads/Epistemos


SwiftCompile normal arm64 /Users/jojo/Downloads/Epistemos/Epistemos/State/ThreadState.swift (in target 'Epistemos' from project 'Epistemos')
    cd /Users/jojo/Downloads/Epistemos


SwiftCompile normal arm64 /Users/jojo/Downloads/Epistemos/Epistemos/State/TimeMachineService.swift (in target 'Epistemos' from project 'Epistemos')
    cd /Users/jojo/Downloads/Epistemos


SwiftCompile normal arm64 /Users/jojo/Downloads/Epistemos/Epistemos/State/TimeoutUtility.swift (in target 'Epistemos' from project 'Epistemos')
    cd /Users/jojo/Downloads/Epistemos


SwiftCompile normal arm64 /Users/jojo/Downloads/Epistemos/Epistemos/State/UIState.swift (in target 'Epistemos' from project 'Epistemos')
    cd /Users/jojo/Downloads/Epistemos


SwiftCompile normal arm64 /Users/jojo/Downloads/Epistemos/Epistemos/State/WorkspaceService.swift (in target 'Epistemos' from project 'Epistemos')
    cd /Users/jojo/Downloads/Epistemos


SwiftCompile normal arm64 /Users/jojo/Downloads/Epistemos/Epistemos/State/WorkspaceSummaryService.swift (in target 'Epistemos' from project 'Epistemos')
    cd /Users/jojo/Downloads/Epistemos


SwiftCompile normal arm64 /Users/jojo/Downloads/Epistemos/Epistemos/Sync/BlockMirror.swift (in target 'Epistemos' from project 'Epistemos')
    cd /Users/jojo/Downloads/Epistemos


SwiftCompile normal arm64 /Users/jojo/Downloads/Epistemos/Epistemos/Sync/BlockParser.swift (in target 'Epistemos' from project 'Epistemos')
    cd /Users/jojo/Downloads/Epistemos


SwiftCompile normal arm64 /Users/jojo/Downloads/Epistemos/Epistemos/Sync/BlockPropertyParser.swift (in target 'Epistemos' from project 'Epistemos')
    cd /Users/jojo/Downloads/Epistemos


SwiftCompile normal arm64 /Users/jojo/Downloads/Epistemos/Epistemos/Sync/CollectionRegistry.swift (in target 'Epistemos' from project 'Epistemos')
    cd /Users/jojo/Downloads/Epistemos


SwiftDriverJobDiscovery normal arm64 Compiling EditorBundleHealthRow.swift, EidosHealthRow.swift, EmlObservatoryHealthRow.swift, FalsifierArtifactsHealthRow.swift, FUlpHealthRow.swift, GraphEventVisibilityRow.swift, HELIOSv5SettingsView.swift, HyperdynamicLoopHealthRow.swift, IMessageDriverSettingsView.swift, LatticeWBOHealthRow.swift, LocalAgentDiagnosticsHealthRow.swift, ModelVaultsSettingsView.swift, OmegaSettingsDetailView.swift, OpLogProjectionHealthRow.swift, OverseerSettingsView.swift, PerformanceSettingsSection.swift, PlanePlacementHealthRow.swift, PrivacyDetailView.swift, ProcessMemoryHealthRow.swift, ProvenanceConsoleView.swift, RuntimeLanesSection.swift, RuntimeRouterHealthRow.swift, RuntimeTruthHealthRow.swift, SearchFusionHealthRow.swift (in target 'Epistemos' from project 'Epistemos')

SwiftCompile normal arm64 Compiling\ BootstrapPacketBuilder.swift,\ CompletionChecker.swift,\ EvalSandbox.swift,\ HarnessIntegration.swift,\ HarnessLab.swift,\ HarnessPromptBuilder.swift,\ HarnessRegistry.swift,\ ProgressStore.swift,\ TraceCollector.swift,\ AnalysisIntents.swift,\ DailyBriefingIntent.swift,\ NavigationIntents.swift,\ NoteActionIntents.swift,\ OmegaIntent.swift,\ BrainDumpEntity.swift,\ ChatEntity.swift,\ FolderEntity.swift,\ NoteEntity.swift,\ NoteEntity+IndexedEntity.swift,\ PanelEntity.swift,\ CognitiveIntents.swift,\ EpistemosControlWidget.swift,\ EpistemosFocusFilters.swift,\ JournalIntents.swift,\ NotePreviewSnippet.swift /Users/jojo/Downloads/Epistemos/Epistemos/Harness/BootstrapPacketBuilder.swift /Users/jojo/Downloads/Epistemos/Epistemos/Harness/CompletionChecker.swift /Users/jojo/Downloads/Epistemos/Epistemos/Harness/EvalSandbox.swift /Users/jojo/Downloads/Epistemos/Epistemos/Harness/HarnessIntegration.swift /Users/jojo/Downloads/Epistemos/Epistemos/Harness/HarnessLab.swift /Users/jojo/Downloads/Epistemos/Epistemos/Harness/HarnessPromptBuilder.swift /Users/jojo/Downloads/Epistemos/Epistemos/Harness/HarnessRegistry.swift /Users/jojo/Downloads/Epistemos/Epistemos/Harness/ProgressStore.swift /Users/jojo/Downloads/Epistemos/Epistemos/Harness/TraceCollector.swift /Users/jojo/Downloads/Epistemos/Epistemos/Intents/Custom/AnalysisIntents.swift /Users/jojo/Downloads/Epistemos/Epistemos/Intents/Custom/DailyBriefingIntent.swift /Users/jojo/Downloads/Epistemos/Epistemos/Intents/Custom/NavigationIntents.swift /Users/jojo/Downloads/Epistemos/Epistemos/Intents/Custom/NoteActionIntents.swift /Users/jojo/Downloads/Epistemos/Epistemos/Intents/Custom/OmegaIntent.swift /Users/jojo/Downloads/Epistemos/Epistemos/Intents/Entities/BrainDumpEntity.swift /Users/jojo/Downloads/Epistemos/Epistemos/Intents/Entities/ChatEntity.swift /Users/jojo/Downloads/Epistemos/Epistemos/Intents/Entities/FolderEntity.swift /Users/jojo/Downloads/Epistemos/Epistemos/Intents/Entities/NoteEntity.swift /Users/jojo/Downloads/Epistemos/Epistemos/Intents/Entities/NoteEntity+IndexedEntity.swift /Users/jojo/Downloads/Epistemos/Epistemos/Intents/Entities/PanelEntity.swift /Users/jojo/Downloads/Epistemos/Epistemos/Intents/Schemas/CognitiveIntents.swift /Users/jojo/Downloads/Epistemos/Epistemos/Intents/Schemas/EpistemosControlWidget.swift /Users/jojo/Downloads/Epistemos/Epistemos/Intents/Schemas/EpistemosFocusFilters.swift /Users/jojo/Downloads/Epistemos/Epistemos/Intents/Schemas/JournalIntents.swift /Users/jojo/Downloads/Epistemos/Epistemos/Intents/Schemas/NotePreviewSnippet.swift (in target 'Epistemos' from project 'Epistemos')

SwiftCompile normal arm64 /Users/jojo/Downloads/Epistemos/Epistemos/Harness/BootstrapPacketBuilder.swift (in target 'Epistemos' from project 'Epistemos')
    cd /Users/jojo/Downloads/Epistemos


SwiftCompile normal arm64 /Users/jojo/Downloads/Epistemos/Epistemos/Harness/CompletionChecker.swift (in target 'Epistemos' from project 'Epistemos')
    cd /Users/jojo/Downloads/Epistemos


SwiftCompile normal arm64 /Users/jojo/Downloads/Epistemos/Epistemos/Harness/EvalSandbox.swift (in target 'Epistemos' from project 'Epistemos')
    cd /Users/jojo/Downloads/Epistemos


SwiftCompile normal arm64 /Users/jojo/Downloads/Epistemos/Epistemos/Harness/HarnessIntegration.swift (in target 'Epistemos' from project 'Epistemos')
    cd /Users/jojo/Downloads/Epistemos


SwiftCompile normal arm64 /Users/jojo/Downloads/Epistemos/Epistemos/Harness/HarnessLab.swift (in target 'Epistemos' from project 'Epistemos')
    cd /Users/jojo/Downloads/Epistemos


SwiftCompile normal arm64 /Users/jojo/Downloads/Epistemos/Epistemos/Harness/HarnessPromptBuilder.swift (in target 'Epistemos' from project 'Epistemos')
    cd /Users/jojo/Downloads/Epistemos


SwiftCompile normal arm64 /Users/jojo/Downloads/Epistemos/Epistemos/Harness/HarnessRegistry.swift (in target 'Epistemos' from project 'Epistemos')
    cd /Users/jojo/Downloads/Epistemos


SwiftCompile normal arm64 /Users/jojo/Downloads/Epistemos/Epistemos/Harness/ProgressStore.swift (in target 'Epistemos' from project 'Epistemos')
    cd /Users/jojo/Downloads/Epistemos


SwiftCompile normal arm64 /Users/jojo/Downloads/Epistemos/Epistemos/Harness/TraceCollector.swift (in target 'Epistemos' from project 'Epistemos')
    cd /Users/jojo/Downloads/Epistemos


SwiftCompile normal arm64 /Users/jojo/Downloads/Epistemos/Epistemos/Intents/Custom/AnalysisIntents.swift (in target 'Epistemos' from project 'Epistemos')
    cd /Users/jojo/Downloads/Epistemos


SwiftCompile normal arm64 /Users/jojo/Downloads/Epistemos/Epistemos/Intents/Custom/DailyBriefingIntent.swift (in target 'Epistemos' from project 'Epistemos')
    cd /Users/jojo/Downloads/Epistemos


SwiftCompile normal arm64 /Users/jojo/Downloads/Epistemos/Epistemos/Intents/Custom/NavigationIntents.swift (in target 'Epistemos' from project 'Epistemos')
    cd /Users/jojo/Downloads/Epistemos


SwiftCompile normal arm64 /Users/jojo/Downloads/Epistemos/Epistemos/Intents/Custom/NoteActionIntents.swift (in target 'Epistemos' from project 'Epistemos')
    cd /Users/jojo/Downloads/Epistemos


SwiftCompile normal arm64 /Users/jojo/Downloads/Epistemos/Epistemos/Intents/Custom/OmegaIntent.swift (in target 'Epistemos' from project 'Epistemos')
    cd /Users/jojo/Downloads/Epistemos


SwiftCompile normal arm64 /Users/jojo/Downloads/Epistemos/Epistemos/Intents/Entities/BrainDumpEntity.swift (in target 'Epistemos' from project 'Epistemos')
    cd /Users/jojo/Downloads/Epistemos


SwiftCompile normal arm64 /Users/jojo/Downloads/Epistemos/Epistemos/Intents/Entities/ChatEntity.swift (in target 'Epistemos' from project 'Epistemos')
    cd /Users/jojo/Downloads/Epistemos


SwiftCompile normal arm64 /Users/jojo/Downloads/Epistemos/Epistemos/Intents/Entities/FolderEntity.swift (in target 'Epistemos' from project 'Epistemos')
    cd /Users/jojo/Downloads/Epistemos


SwiftCompile normal arm64 /Users/jojo/Downloads/Epistemos/Epistemos/Intents/Entities/NoteEntity.swift (in target 'Epistemos' from project 'Epistemos')
    cd /Users/jojo/Downloads/Epistemos


SwiftCompile normal arm64 /Users/jojo/Downloads/Epistemos/Epistemos/Intents/Entities/NoteEntity+IndexedEntity.swift (in target 'Epistemos' from project 'Epistemos')
    cd /Users/jojo/Downloads/Epistemos


SwiftCompile normal arm64 /Users/jojo/Downloads/Epistemos/Epistemos/Intents/Entities/PanelEntity.swift (in target 'Epistemos' from project 'Epistemos')
    cd /Users/jojo/Downloads/Epistemos


SwiftCompile normal arm64 /Users/jojo/Downloads/Epistemos/Epistemos/Intents/Schemas/CognitiveIntents.swift (in target 'Epistemos' from project 'Epistemos')
    cd /Users/jojo/Downloads/Epistemos


SwiftCompile normal arm64 /Users/jojo/Downloads/Epistemos/Epistemos/Intents/Schemas/EpistemosControlWidget.swift (in target 'Epistemos' from project 'Epistemos')
    cd /Users/jojo/Downloads/Epistemos


SwiftCompile normal arm64 /Users/jojo/Downloads/Epistemos/Epistemos/Intents/Schemas/EpistemosFocusFilters.swift (in target 'Epistemos' from project 'Epistemos')
    cd /Users/jojo/Downloads/Epistemos


SwiftCompile normal arm64 /Users/jojo/Downloads/Epistemos/Epistemos/Intents/Schemas/JournalIntents.swift (in target 'Epistemos' from project 'Epistemos')
    cd /Users/jojo/Downloads/Epistemos


SwiftCompile normal arm64 /Users/jojo/Downloads/Epistemos/Epistemos/Intents/Schemas/NotePreviewSnippet.swift (in target 'Epistemos' from project 'Epistemos')
    cd /Users/jojo/Downloads/Epistemos


SwiftDriverJobDiscovery normal arm64 Compiling PythonEnvironmentManager.swift, RecallContextSnapshot.swift, StyleAnalyzer.swift, LatticeWBOWiring.swift, AgentBlueprint.swift, ConfidenceRouter.swift, HermesLocalAgentCompatibility.swift, IncrementalToolCallDetector.swift, LocalAgentCalcCommand.swift, LocalAgentCapabilityRegistry.swift, LocalAgentCommandDispatcher.swift, LocalAgentConfigToggleCommands.swift, LocalAgentCostCommand.swift, LocalAgentDiagnostics.swift, LocalAgentGatewayPolicy.swift, LocalAgentHelpCommand.swift, LocalAgentLoop.swift, LocalAgentNotebookCommands.swift, LocalAgentParameterCommands.swift, LocalAgentPersonaCommands.swift, LocalAgentPromptBuilder.swift, LocalAgentSessionOpsCommands.swift, LocalAgentStatusCommand.swift, LocalAgentThinkCommand.swift (in target 'Epistemos' from project 'Epistemos')

SwiftCompile normal arm64 Compiling\ Phase4Bridge.swift,\ Phase5Bridge.swift,\ Phase7Bridge.swift,\ StreamingDelegate.swift,\ ToolTierBridge.swift,\ Eidos.swift,\ EidosBridge.swift,\ EidosVaultBootstrapper.swift,\ EidosWiring.swift,\ AgentAuthority.swift,\ AgentBackend.swift,\ AgentHandoff.swift,\ AgentQueryEngine.swift,\ AgentUsageLedger.swift,\ ChatCapability.swift,\ AdaptationExecutor.swift,\ AdaptationStabilizer.swift,\ AFMSessionPool.swift,\ AFMSidecarGenerator.swift,\ AgentGrepService.swift,\ AgentHierarchyProtocol.swift,\ AgentRuntime.swift,\ AgentToolProvenanceRecorder.swift,\ AmbientFrequencyAudioGenerator.swift,\ AmbientFrequencyLivePlayer.swift /Users/jojo/Downloads/Epistemos/Epistemos/Bridge/Phase4Bridge.swift /Users/jojo/Downloads/Epistemos/Epistemos/Bridge/Phase5Bridge.swift /Users/jojo/Downloads/Epistemos/Epistemos/Bridge/Phase7Bridge.swift /Users/jojo/Downloads/Epistemos/Epistemos/Bridge/StreamingDelegate.swift /Users/jojo/Downloads/Epistemos/Epistemos/Bridge/ToolTierBridge.swift /Users/jojo/Downloads/Epistemos/Epistemos/Eidos/Eidos.swift /Users/jojo/Downloads/Epistemos/Epistemos/Eidos/EidosBridge.swift /Users/jojo/Downloads/Epistemos/Epistemos/Eidos/EidosVaultBootstrapper.swift /Users/jojo/Downloads/Epistemos/Epistemos/Eidos/EidosWiring.swift /Users/jojo/Downloads/Epistemos/Epistemos/Engine/AgentHarness/AgentAuthority.swift /Users/jojo/Downloads/Epistemos/Epistemos/Engine/AgentHarness/AgentBackend.swift /Users/jojo/Downloads/Epistemos/Epistemos/Engine/AgentHarness/AgentHandoff.swift /Users/jojo/Downloads/Epistemos/Epistemos/Engine/AgentHarness/AgentQueryEngine.swift /Users/jojo/Downloads/Epistemos/Epistemos/Engine/AgentHarness/AgentUsageLedger.swift /Users/jojo/Downloads/Epistemos/Epistemos/Engine/AgentHarness/ChatCapability.swift /Users/jojo/Downloads/Epistemos/Epistemos/Engine/AdaptationExecutor.swift /Users/jojo/Downloads/Epistemos/Epistemos/Engine/AdaptationStabilizer.swift /Users/jojo/Downloads/Epistemos/Epistemos/Engine/AFMSessionPool.swift /Users/jojo/Downloads/Epistemos/Epistemos/Engine/AFMSidecarGenerator.swift /Users/jojo/Downloads/Epistemos/Epistemos/Engine/AgentGrepService.swift /Users/jojo/Downloads/Epistemos/Epistemos/Engine/AgentHierarchyProtocol.swift /Users/jojo/Downloads/Epistemos/Epistemos/Engine/AgentRuntime.swift /Users/jojo/Downloads/Epistemos/Epistemos/Engine/AgentToolProvenanceRecorder.swift /Users/jojo/Downloads/Epistemos/Epistemos/Engine/AmbientFrequencyAudioGenerator.swift /Users/jojo/Downloads/Epistemos/Epistemos/Engine/AmbientFrequencyLivePlayer.swift (in target 'Epistemos' from project 'Epistemos')

SwiftCompile normal arm64 /Users/jojo/Downloads/Epistemos/Epistemos/Bridge/Phase4Bridge.swift (in target 'Epistemos' from project 'Epistemos')
    cd /Users/jojo/Downloads/Epistemos


SwiftCompile normal arm64 /Users/jojo/Downloads/Epistemos/Epistemos/Bridge/Phase5Bridge.swift (in target 'Epistemos' from project 'Epistemos')
    cd /Users/jojo/Downloads/Epistemos


SwiftCompile normal arm64 /Users/jojo/Downloads/Epistemos/Epistemos/Bridge/Phase7Bridge.swift (in target 'Epistemos' from project 'Epistemos')
    cd /Users/jojo/Downloads/Epistemos


SwiftCompile normal arm64 /Users/jojo/Downloads/Epistemos/Epistemos/Bridge/StreamingDelegate.swift (in target 'Epistemos' from project 'Epistemos')
    cd /Users/jojo/Downloads/Epistemos


SwiftCompile normal arm64 /Users/jojo/Downloads/Epistemos/Epistemos/Bridge/ToolTierBridge.swift (in target 'Epistemos' from project 'Epistemos')
    cd /Users/jojo/Downloads/Epistemos


SwiftCompile normal arm64 /Users/jojo/Downloads/Epistemos/Epistemos/Eidos/Eidos.swift (in target 'Epistemos' from project 'Epistemos')
    cd /Users/jojo/Downloads/Epistemos


SwiftCompile normal arm64 /Users/jojo/Downloads/Epistemos/Epistemos/Eidos/EidosBridge.swift (in target 'Epistemos' from project 'Epistemos')
    cd /Users/jojo/Downloads/Epistemos


SwiftCompile normal arm64 /Users/jojo/Downloads/Epistemos/Epistemos/Eidos/EidosVaultBootstrapper.swift (in target 'Epistemos' from project 'Epistemos')
    cd /Users/jojo/Downloads/Epistemos


SwiftCompile normal arm64 /Users/jojo/Downloads/Epistemos/Epistemos/Eidos/EidosWiring.swift (in target 'Epistemos' from project 'Epistemos')
    cd /Users/jojo/Downloads/Epistemos


SwiftCompile normal arm64 /Users/jojo/Downloads/Epistemos/Epistemos/Engine/AgentHarness/AgentAuthority.swift (in target 'Epistemos' from project 'Epistemos')
    cd /Users/jojo/Downloads/Epistemos


SwiftCompile normal arm64 /Users/jojo/Downloads/Epistemos/Epistemos/Engine/AgentHarness/AgentBackend.swift (in target 'Epistemos' from project 'Epistemos')
    cd /Users/jojo/Downloads/Epistemos


SwiftCompile normal arm64 /Users/jojo/Downloads/Epistemos/Epistemos/Engine/AgentHarness/AgentHandoff.swift (in target 'Epistemos' from project 'Epistemos')
    cd /Users/jojo/Downloads/Epistemos


SwiftCompile normal arm64 /Users/jojo/Downloads/Epistemos/Epistemos/Engine/AgentHarness/AgentQueryEngine.swift (in target 'Epistemos' from project 'Epistemos')
    cd /Users/jojo/Downloads/Epistemos


SwiftCompile normal arm64 /Users/jojo/Downloads/Epistemos/Epistemos/Engine/AgentHarness/AgentUsageLedger.swift (in target 'Epistemos' from project 'Epistemos')
    cd /Users/jojo/Downloads/Epistemos


SwiftCompile normal arm64 /Users/jojo/Downloads/Epistemos/Epistemos/Engine/AgentHarness/ChatCapability.swift (in target 'Epistemos' from project 'Epistemos')
    cd /Users/jojo/Downloads/Epistemos


SwiftCompile normal arm64 /Users/jojo/Downloads/Epistemos/Epistemos/Engine/AdaptationExecutor.swift (in target 'Epistemos' from project 'Epistemos')
    cd /Users/jojo/Downloads/Epistemos


SwiftCompile normal arm64 /Users/jojo/Downloads/Epistemos/Epistemos/Engine/AdaptationStabilizer.swift (in target 'Epistemos' from project 'Epistemos')
    cd /Users/jojo/Downloads/Epistemos


SwiftCompile normal arm64 /Users/jojo/Downloads/Epistemos/Epistemos/Engine/AFMSessionPool.swift (in target 'Epistemos' from project 'Epistemos')
    cd /Users/jojo/Downloads/Epistemos


SwiftCompile normal arm64 /Users/jojo/Downloads/Epistemos/Epistemos/Engine/AFMSidecarGenerator.swift (in target 'Epistemos' from project 'Epistemos')
    cd /Users/jojo/Downloads/Epistemos


SwiftCompile normal arm64 /Users/jojo/Downloads/Epistemos/Epistemos/Engine/AgentGrepService.swift (in target 'Epistemos' from project 'Epistemos')
    cd /Users/jojo/Downloads/Epistemos


SwiftCompile normal arm64 /Users/jojo/Downloads/Epistemos/Epistemos/Engine/AgentHierarchyProtocol.swift (in target 'Epistemos' from project 'Epistemos')
    cd /Users/jojo/Downloads/Epistemos


SwiftCompile normal arm64 /Users/jojo/Downloads/Epistemos/Epistemos/Engine/AgentRuntime.swift (in target 'Epistemos' from project 'Epistemos')
    cd /Users/jojo/Downloads/Epistemos


SwiftCompile normal arm64 /Users/jojo/Downloads/Epistemos/Epistemos/Engine/AgentToolProvenanceRecorder.swift (in target 'Epistemos' from project 'Epistemos')
    cd /Users/jojo/Downloads/Epistemos


SwiftCompile normal arm64 /Users/jojo/Downloads/Epistemos/Epistemos/Engine/AmbientFrequencyAudioGenerator.swift (in target 'Epistemos' from project 'Epistemos')
    cd /Users/jojo/Downloads/Epistemos


SwiftCompile normal arm64 /Users/jojo/Downloads/Epistemos/Epistemos/Engine/AmbientFrequencyLivePlayer.swift (in target 'Epistemos' from project 'Epistemos')
    cd /Users/jojo/Downloads/Epistemos


SwiftDriverJobDiscovery normal arm64 Compiling SyntaxCoreLiveHighlighter.swift, SyntaxCoreService.swift, TextCapturePipeline.swift, ThinkTagStreamRouter.swift, ThoughtAttachmentBridge.swift, TriageService.swift, URLSessionTransportSupport.swift, VoicePreferences.swift, WikilinkResolver.swift, FUlpWiring.swift, GraphChatRequest.swift, GraphWorkspaceRoute.swift, BackgroundGraphActor.swift, EmbeddingService.swift, EntityExtractor.swift, ExtractionTypes.swift, FilterEngine.swift, GraphBuilder.swift, GraphEngine.swift, GraphState.swift, GraphStore.swift, OntologyClassifier.swift, SDFLabelAtlas.swift, SDFLabelInstanceBuilder.swift, SemanticClusterService.swift (in target 'Epistemos' from project 'Epistemos')

SwiftCompile normal arm64 Compiling\ IntakeValve.swift,\ InterruptScoreCpu.swift,\ KANPilotScaffold.swift,\ KaTeXSnippets.swift,\ Keychain.swift,\ KIVIQuantization.swift,\ KnowledgeCoreBridge.swift,\ KnowledgeIndexBuilder.swift,\ LatestAnswerPacketSink.swift,\ LiveCodeEditorController.swift,\ LLMService.swift,\ LocalBackendLLMClient.swift,\ LocalGGUFClient.swift,\ LocalGuardrailScaffold.swift,\ LocalInferenceSerialController.swift,\ LocalModelInfrastructure.swift,\ Log.swift,\ LSPClient.swift,\ LSPMessage.swift,\ LSPTransport.swift,\ Mamba2ForwardPass.swift,\ MaskPredictorService.swift,\ MeaningAnchorService.swift,\ MetalRuntimeManager.swift,\ MLXImageGenerationService.swift /Users/jojo/Downloads/Epistemos/Epistemos/Engine/IntakeValve.swift /Users/jojo/Downloads/Epistemos/Epistemos/Engine/InterruptScoreCpu.swift /Users/jojo/Downloads/Epistemos/Epistemos/Engine/KANPilotScaffold.swift /Users/jojo/Downloads/Epistemos/Epistemos/Engine/KaTeXSnippets.swift /Users/jojo/Downloads/Epistemos/Epistemos/Engine/Keychain.swift /Users/jojo/Downloads/Epistemos/Epistemos/Engine/KIVIQuantization.swift /Users/jojo/Downloads/Epistemos/Epistemos/Engine/KnowledgeCoreBridge.swift /Users/jojo/Downloads/Epistemos/Epistemos/Engine/KnowledgeIndexBuilder.swift /Users/jojo/Downloads/Epistemos/Epistemos/Engine/LatestAnswerPacketSink.swift /Users/jojo/Downloads/Epistemos/Epistemos/Engine/LiveCodeEditorController.swift /Users/jojo/Downloads/Epistemos/Epistemos/Engine/LLMService.swift /Users/jojo/Downloads/Epistemos/Epistemos/Engine/LocalBackendLLMClient.swift /Users/jojo/Downloads/Epistemos/Epistemos/Engine/LocalGGUFClient.swift /Users/jojo/Downloads/Epistemos/Epistemos/Engine/LocalGuardrailScaffold.swift /Users/jojo/Downloads/Epistemos/Epistemos/Engine/LocalInferenceSerialController.swift /Users/jojo/Downloads/Epistemos/Epistemos/Engine/LocalModelInfrastructure.swift /Users/jojo/Downloads/Epistemos/Epistemos/Engine/Log.swift /Users/jojo/Downloads/Epistemos/Epistemos/Engine/LSPClient.swift /Users/jojo/Downloads/Epistemos/Epistemos/Engine/LSPMessage.swift /Users/jojo/Downloads/Epistemos/Epistemos/Engine/LSPTransport.swift /Users/jojo/Downloads/Epistemos/Epistemos/Engine/Mamba2ForwardPass.swift /Users/jojo/Downloads/Epistemos/Epistemos/Engine/MaskPredictorService.swift /Users/jojo/Downloads/Epistemos/Epistemos/Engine/MeaningAnchorService.swift /Users/jojo/Downloads/Epistemos/Epistemos/Engine/MetalRuntimeManager.swift /Users/jojo/Downloads/Epistemos/Epistemos/Engine/MLXImageGenerationService.swift (in target 'Epistemos' from project 'Epistemos')

SwiftCompile normal arm64 /Users/jojo/Downloads/Epistemos/Epistemos/Engine/IntakeValve.swift (in target 'Epistemos' from project 'Epistemos')
    cd /Users/jojo/Downloads/Epistemos


SwiftCompile normal arm64 /Users/jojo/Downloads/Epistemos/Epistemos/Engine/InterruptScoreCpu.swift (in target 'Epistemos' from project 'Epistemos')
    cd /Users/jojo/Downloads/Epistemos


SwiftCompile normal arm64 /Users/jojo/Downloads/Epistemos/Epistemos/Engine/KANPilotScaffold.swift (in target 'Epistemos' from project 'Epistemos')
    cd /Users/jojo/Downloads/Epistemos


SwiftCompile normal arm64 /Users/jojo/Downloads/Epistemos/Epistemos/Engine/KaTeXSnippets.swift (in target 'Epistemos' from project 'Epistemos')
    cd /Users/jojo/Downloads/Epistemos


SwiftCompile normal arm64 /Users/jojo/Downloads/Epistemos/Epistemos/Engine/Keychain.swift (in target 'Epistemos' from project 'Epistemos')
    cd /Users/jojo/Downloads/Epistemos


SwiftCompile normal arm64 /Users/jojo/Downloads/Epistemos/Epistemos/Engine/KIVIQuantization.swift (in target 'Epistemos' from project 'Epistemos')
    cd /Users/jojo/Downloads/Epistemos


SwiftCompile normal arm64 /Users/jojo/Downloads/Epistemos/Epistemos/Engine/KnowledgeCoreBridge.swift (in target 'Epistemos' from project 'Epistemos')
    cd /Users/jojo/Downloads/Epistemos


SwiftCompile normal arm64 /Users/jojo/Downloads/Epistemos/Epistemos/Engine/KnowledgeIndexBuilder.swift (in target 'Epistemos' from project 'Epistemos')
    cd /Users/jojo/Downloads/Epistemos


SwiftCompile normal arm64 /Users/jojo/Downloads/Epistemos/Epistemos/Engine/LatestAnswerPacketSink.swift (in target 'Epistemos' from project 'Epistemos')
    cd /Users/jojo/Downloads/Epistemos


SwiftCompile normal arm64 /Users/jojo/Downloads/Epistemos/Epistemos/Engine/LiveCodeEditorController.swift (in target 'Epistemos' from project 'Epistemos')
    cd /Users/jojo/Downloads/Epistemos


SwiftCompile normal arm64 /Users/jojo/Downloads/Epistemos/Epistemos/Engine/LLMService.swift (in target 'Epistemos' from project 'Epistemos')
    cd /Users/jojo/Downloads/Epistemos


SwiftCompile normal arm64 /Users/jojo/Downloads/Epistemos/Epistemos/Engine/LocalBackendLLMClient.swift (in target 'Epistemos' from project 'Epistemos')
    cd /Users/jojo/Downloads/Epistemos


SwiftCompile normal arm64 /Users/jojo/Downloads/Epistemos/Epistemos/Engine/LocalGGUFClient.swift (in target 'Epistemos' from project 'Epistemos')
    cd /Users/jojo/Downloads/Epistemos


SwiftCompile normal arm64 /Users/jojo/Downloads/Epistemos/Epistemos/Engine/LocalGuardrailScaffold.swift (in target 'Epistemos' from project 'Epistemos')
    cd /Users/jojo/Downloads/Epistemos


SwiftCompile normal arm64 /Users/jojo/Downloads/Epistemos/Epistemos/Engine/LocalInferenceSerialController.swift (in target 'Epistemos' from project 'Epistemos')
    cd /Users/jojo/Downloads/Epistemos


SwiftCompile normal arm64 /Users/jojo/Downloads/Epistemos/Epistemos/Engine/LocalModelInfrastructure.swift (in target 'Epistemos' from project 'Epistemos')
    cd /Users/jojo/Downloads/Epistemos


SwiftCompile normal arm64 /Users/jojo/Downloads/Epistemos/Epistemos/Engine/Log.swift (in target 'Epistemos' from project 'Epistemos')
    cd /Users/jojo/Downloads/Epistemos


SwiftCompile normal arm64 /Users/jojo/Downloads/Epistemos/Epistemos/Engine/LSPClient.swift (in target 'Epistemos' from project 'Epistemos')
    cd /Users/jojo/Downloads/Epistemos


SwiftCompile normal arm64 /Users/jojo/Downloads/Epistemos/Epistemos/Engine/LSPMessage.swift (in target 'Epistemos' from project 'Epistemos')
    cd /Users/jojo/Downloads/Epistemos


SwiftCompile normal arm64 /Users/jojo/Downloads/Epistemos/Epistemos/Engine/LSPTransport.swift (in target 'Epistemos' from project 'Epistemos')
    cd /Users/jojo/Downloads/Epistemos


SwiftCompile normal arm64 /Users/jojo/Downloads/Epistemos/Epistemos/Engine/Mamba2ForwardPass.swift (in target 'Epistemos' from project 'Epistemos')
    cd /Users/jojo/Downloads/Epistemos


SwiftCompile normal arm64 /Users/jojo/Downloads/Epistemos/Epistemos/Engine/MaskPredictorService.swift (in target 'Epistemos' from project 'Epistemos')
    cd /Users/jojo/Downloads/Epistemos


SwiftCompile normal arm64 /Users/jojo/Downloads/Epistemos/Epistemos/Engine/MeaningAnchorService.swift (in target 'Epistemos' from project 'Epistemos')
    cd /Users/jojo/Downloads/Epistemos


SwiftCompile normal arm64 /Users/jojo/Downloads/Epistemos/Epistemos/Engine/MetalRuntimeManager.swift (in target 'Epistemos' from project 'Epistemos')
    cd /Users/jojo/Downloads/Epistemos


SwiftCompile normal arm64 /Users/jojo/Downloads/Epistemos/Epistemos/Engine/MLXImageGenerationService.swift (in target 'Epistemos' from project 'Epistemos')
    cd /Users/jojo/Downloads/Epistemos


SwiftDriverJobDiscovery normal arm64 Compiling ToolActivityNarrator.swift, VaultRecallProvenanceCard.swift, VRMLabelView.swift, CostDashboardView.swift, EpdocBlockContextMenu.swift, EpdocBlockGutterMenu.swift, EpdocBubbleMenuView.swift, EpdocComplexityMeter.swift, EpdocCopilotDockView.swift, EpdocEditorChromeView.swift, EpdocEditorToolbar.swift, EpdocInsertLinkPicker.swift, EpdocKaTeXPreview.swift, EpdocSlashMenuView.swift, EpdocThoughtAttachedBadge.swift, CognitiveDagVisualizerPanel.swift, GraphFirstOpenTitle.swift, GraphFloatingControls.swift, GraphFolderPage.swift, GraphForceSettings.swift, GraphFPSHUD.swift, GraphInspectModeView.swift, GraphNotePage.swift, GraphOverlayPanel.swift (in target 'Epistemos' from project 'Epistemos')

SwiftCompile normal arm64 Compiling\ MLXInferenceService.swift,\ MockANEBackend.swift,\ ModelAuthoredNoteMutation.swift,\ ModelDownloadManager.swift,\ MutationOpLogProjectionWorker.swift,\ MutationOpLogProjector.swift,\ MutationOpLogReplay.swift,\ NLAnalysisService.swift,\ NoteInsightService.swift,\ OpenAICompatibleChatSupport.swift,\ OutlineParserCache.swift,\ OverseerProtocol.swift,\ PipelineService.swift,\ PromptCache.swift,\ PromptRenderer.swift,\ PromptTree.swift,\ PromptTreePersister.swift,\ ProvenanceConsoleProjectionService.swift,\ QuarantineArchive.swift,\ QueryAnalyzer.swift,\ QueryAST.swift,\ QueryCompiler.swift,\ QueryEngine.swift,\ QueryParser.swift,\ QueryRuntime.swift /Users/jojo/Downloads/Epistemos/Epistemos/Engine/MLXInferenceService.swift /Users/jojo/Downloads/Epistemos/Epistemos/Engine/MockANEBackend.swift /Users/jojo/Downloads/Epistemos/Epistemos/Engine/ModelAuthoredNoteMutation.swift /Users/jojo/Downloads/Epistemos/Epistemos/Engine/ModelDownloadManager.swift /Users/jojo/Downloads/Epistemos/Epistemos/Engine/MutationOpLogProjectionWorker.swift /Users/jojo/Downloads/Epistemos/Epistemos/Engine/MutationOpLogProjector.swift /Users/jojo/Downloads/Epistemos/Epistemos/Engine/MutationOpLogReplay.swift /Users/jojo/Downloads/Epistemos/Epistemos/Engine/NLAnalysisService.swift /Users/jojo/Downloads/Epistemos/Epistemos/Engine/NoteInsightService.swift /Users/jojo/Downloads/Epistemos/Epistemos/Engine/OpenAICompatibleChatSupport.swift /Users/jojo/Downloads/Epistemos/Epistemos/Engine/OutlineParserCache.swift /Users/jojo/Downloads/Epistemos/Epistemos/Engine/OverseerProtocol.swift /Users/jojo/Downloads/Epistemos/Epistemos/Engine/PipelineService.swift /Users/jojo/Downloads/Epistemos/Epistemos/Engine/PromptCache.swift /Users/jojo/Downloads/Epistemos/Epistemos/Engine/PromptRenderer.swift /Users/jojo/Downloads/Epistemos/Epistemos/Engine/PromptTree.swift /Users/jojo/Downloads/Epistemos/Epistemos/Engine/PromptTreePersister.swift /Users/jojo/Downloads/Epistemos/Epistemos/Engine/ProvenanceConsoleProjectionService.swift /Users/jojo/Downloads/Epistemos/Epistemos/Engine/QuarantineArchive.swift /Users/jojo/Downloads/Epistemos/Epistemos/Engine/QueryAnalyzer.swift /Users/jojo/Downloads/Epistemos/Epistemos/Engine/QueryAST.swift /Users/jojo/Downloads/Epistemos/Epistemos/Engine/QueryCompiler.swift /Users/jojo/Downloads/Epistemos/Epistemos/Engine/QueryEngine.swift /Users/jojo/Downloads/Epistemos/Epistemos/Engine/QueryParser.swift /Users/jojo/Downloads/Epistemos/Epistemos/Engine/QueryRuntime.swift (in target 'Epistemos' from project 'Epistemos')

SwiftCompile normal arm64 /Users/jojo/Downloads/Epistemos/Epistemos/Engine/MLXInferenceService.swift (in target 'Epistemos' from project 'Epistemos')
    cd /Users/jojo/Downloads/Epistemos


SwiftCompile normal arm64 /Users/jojo/Downloads/Epistemos/Epistemos/Engine/MockANEBackend.swift (in target 'Epistemos' from project 'Epistemos')
    cd /Users/jojo/Downloads/Epistemos


SwiftCompile normal arm64 /Users/jojo/Downloads/Epistemos/Epistemos/Engine/ModelAuthoredNoteMutation.swift (in target 'Epistemos' from project 'Epistemos')
    cd /Users/jojo/Downloads/Epistemos


SwiftCompile normal arm64 /Users/jojo/Downloads/Epistemos/Epistemos/Engine/ModelDownloadManager.swift (in target 'Epistemos' from project 'Epistemos')
    cd /Users/jojo/Downloads/Epistemos


SwiftCompile normal arm64 /Users/jojo/Downloads/Epistemos/Epistemos/Engine/MutationOpLogProjectionWorker.swift (in target 'Epistemos' from project 'Epistemos')
    cd /Users/jojo/Downloads/Epistemos


SwiftCompile normal arm64 /Users/jojo/Downloads/Epistemos/Epistemos/Engine/MutationOpLogProjector.swift (in target 'Epistemos' from project 'Epistemos')
    cd /Users/jojo/Downloads/Epistemos


SwiftCompile normal arm64 /Users/jojo/Downloads/Epistemos/Epistemos/Engine/MutationOpLogReplay.swift (in target 'Epistemos' from project 'Epistemos')
    cd /Users/jojo/Downloads/Epistemos


SwiftCompile normal arm64 /Users/jojo/Downloads/Epistemos/Epistemos/Engine/NLAnalysisService.swift (in target 'Epistemos' from project 'Epistemos')
    cd /Users/jojo/Downloads/Epistemos


SwiftCompile normal arm64 /Users/jojo/Downloads/Epistemos/Epistemos/Engine/NoteInsightService.swift (in target 'Epistemos' from project 'Epistemos')
    cd /Users/jojo/Downloads/Epistemos


SwiftCompile normal arm64 /Users/jojo/Downloads/Epistemos/Epistemos/Engine/OpenAICompatibleChatSupport.swift (in target 'Epistemos' from project 'Epistemos')
    cd /Users/jojo/Downloads/Epistemos


SwiftCompile normal arm64 /Users/jojo/Downloads/Epistemos/Epistemos/Engine/OutlineParserCache.swift (in target 'Epistemos' from project 'Epistemos')
    cd /Users/jojo/Downloads/Epistemos


SwiftCompile normal arm64 /Users/jojo/Downloads/Epistemos/Epistemos/Engine/OverseerProtocol.swift (in target 'Epistemos' from project 'Epistemos')
    cd /Users/jojo/Downloads/Epistemos


SwiftCompile normal arm64 /Users/jojo/Downloads/Epistemos/Epistemos/Engine/PipelineService.swift (in target 'Epistemos' from project 'Epistemos')
    cd /Users/jojo/Downloads/Epistemos


SwiftCompile normal arm64 /Users/jojo/Downloads/Epistemos/Epistemos/Engine/PromptCache.swift (in target 'Epistemos' from project 'Epistemos')
    cd /Users/jojo/Downloads/Epistemos


SwiftCompile normal arm64 /Users/jojo/Downloads/Epistemos/Epistemos/Engine/PromptRenderer.swift (in target 'Epistemos' from project 'Epistemos')
    cd /Users/jojo/Downloads/Epistemos


SwiftCompile normal arm64 /Users/jojo/Downloads/Epistemos/Epistemos/Engine/PromptTree.swift (in target 'Epistemos' from project 'Epistemos')
    cd /Users/jojo/Downloads/Epistemos


SwiftCompile normal arm64 /Users/jojo/Downloads/Epistemos/Epistemos/Engine/PromptTreePersister.swift (in target 'Epistemos' from project 'Epistemos')
    cd /Users/jojo/Downloads/Epistemos


SwiftCompile normal arm64 /Users/jojo/Downloads/Epistemos/Epistemos/Engine/ProvenanceConsoleProjectionService.swift (in target 'Epistemos' from project 'Epistemos')
    cd /Users/jojo/Downloads/Epistemos


SwiftCompile normal arm64 /Users/jojo/Downloads/Epistemos/Epistemos/Engine/QuarantineArchive.swift (in target 'Epistemos' from project 'Epistemos')
    cd /Users/jojo/Downloads/Epistemos


SwiftCompile normal arm64 /Users/jojo/Downloads/Epistemos/Epistemos/Engine/QueryAnalyzer.swift (in target 'Epistemos' from project 'Epistemos')
    cd /Users/jojo/Downloads/Epistemos


SwiftCompile normal arm64 /Users/jojo/Downloads/Epistemos/Epistemos/Engine/QueryAST.swift (in target 'Epistemos' from project 'Epistemos')
    cd /Users/jojo/Downloads/Epistemos


SwiftCompile normal arm64 /Users/jojo/Downloads/Epistemos/Epistemos/Engine/QueryCompiler.swift (in target 'Epistemos' from project 'Epistemos')
    cd /Users/jojo/Downloads/Epistemos


SwiftCompile normal arm64 /Users/jojo/Downloads/Epistemos/Epistemos/Engine/QueryEngine.swift (in target 'Epistemos' from project 'Epistemos')
    cd /Users/jojo/Downloads/Epistemos


SwiftCompile normal arm64 /Users/jojo/Downloads/Epistemos/Epistemos/Engine/QueryParser.swift (in target 'Epistemos' from project 'Epistemos')
    cd /Users/jojo/Downloads/Epistemos


SwiftCompile normal arm64 /Users/jojo/Downloads/Epistemos/Epistemos/Engine/QueryRuntime.swift (in target 'Epistemos' from project 'Epistemos')
    cd /Users/jojo/Downloads/Epistemos


SwiftDriverJobDiscovery normal arm64 Compiling ContextualShadowsButton.swift, ContextualShadowsPanel.swift, ResonanceChip.swift, ResonanceLegendView.swift, FSRSReviewSidebar.swift, SessionListView.swift, ACSAdmissionHealthRow.swift, ActiveConstellationRow.swift, AgentBlueprintSettingsView.swift, AgentControlSettingsView.swift, AgentEventVisibilityRow.swift, AgentSectionDetailView.swift, AmbientFrequencySettingsView.swift, AnswerPacketHealthRow.swift, APIKeysHealthRow.swift, ArenaHealthRow.swift, AuthoritySettingsView.swift, ChannelsSettingsView.swift, CLIDiscoveryHealthRow.swift, CognitiveDagCountsHealthRow.swift, CognitiveDagHealthRow.swift, CognitiveSettingsSection.swift, CognitiveWeightClassHealthRow.swift, DeploymentProfileHealthRow.swift (in target 'Epistemos' from project 'Epistemos')

SwiftCompile normal arm64 Compiling\ CompanionRestoreSheet.swift,\ CompanionRoamingField.swift,\ CompanionView.swift,\ LandingFarmView.swift,\ NotesSidebarSkin.swift,\ LandingView.swift,\ LiquidGreeting.swift,\ PixelSurfaceComponents.swift,\ QuitSavePanelController.swift,\ SessionIntelligenceOverlay.swift,\ TimeMachineView.swift,\ WorkspaceSwitcherOverlay.swift,\ MiniChatView.swift,\ MiniChatWindowController.swift,\ ModelGraphFilterView.swift,\ ModelProfileCreationSheet.swift,\ ModelProfileDetailView.swift,\ ModelProfileSidebar.swift,\ AIPartnerControlPanel.swift,\ AIPartnerInlineView.swift,\ AIPartnerService.swift,\ BlockPropertySheet.swift,\ BlockRefAutocomplete2.swift,\ CodeAskBar.swift /Users/jojo/Downloads/Epistemos/Epistemos/Views/Landing/Farm/CompanionRestoreSheet.swift /Users/jojo/Downloads/Epistemos/Epistemos/Views/Landing/Farm/CompanionRoamingField.swift /Users/jojo/Downloads/Epistemos/Epistemos/Views/Landing/Farm/CompanionView.swift /Users/jojo/Downloads/Epistemos/Epistemos/Views/Landing/Farm/LandingFarmView.swift /Users/jojo/Downloads/Epistemos/Epistemos/Views/Landing/Farm/NotesSidebarSkin.swift /Users/jojo/Downloads/Epistemos/Epistemos/Views/Landing/LandingView.swift /Users/jojo/Downloads/Epistemos/Epistemos/Views/Landing/LiquidGreeting.swift /Users/jojo/Downloads/Epistemos/Epistemos/Views/Landing/PixelSurfaceComponents.swift /Users/jojo/Downloads/Epistemos/Epistemos/Views/Landing/QuitSavePanelController.swift /Users/jojo/Downloads/Epistemos/Epistemos/Views/Landing/SessionIntelligenceOverlay.swift /Users/jojo/Downloads/Epistemos/Epistemos/Views/Landing/TimeMachineView.swift /Users/jojo/Downloads/Epistemos/Epistemos/Views/Landing/WorkspaceSwitcherOverlay.swift /Users/jojo/Downloads/Epistemos/Epistemos/Views/MiniChat/MiniChatView.swift /Users/jojo/Downloads/Epistemos/Epistemos/Views/MiniChat/MiniChatWindowController.swift /Users/jojo/Downloads/Epistemos/Epistemos/Views/ModelProfiles/ModelGraphFilterView.swift /Users/jojo/Downloads/Epistemos/Epistemos/Views/ModelProfiles/ModelProfileCreationSheet.swift /Users/jojo/Downloads/Epistemos/Epistemos/Views/ModelProfiles/ModelProfileDetailView.swift /Users/jojo/Downloads/Epistemos/Epistemos/Views/ModelProfiles/ModelProfileSidebar.swift /Users/jojo/Downloads/Epistemos/Epistemos/Views/Notes/AIPartnerControlPanel.swift /Users/jojo/Downloads/Epistemos/Epistemos/Views/Notes/AIPartnerInlineView.swift /Users/jojo/Downloads/Epistemos/Epistemos/Views/Notes/AIPartnerService.swift /Users/jojo/Downloads/Epistemos/Epistemos/Views/Notes/BlockPropertySheet.swift /Users/jojo/Downloads/Epistemos/Epistemos/Views/Notes/BlockRefAutocomplete2.swift /Users/jojo/Downloads/Epistemos/Epistemos/Views/Notes/CodeAskBar.swift (in target 'Epistemos' from project 'Epistemos')
SwiftCompile normal arm64 /Users/jojo/Downloads/Epistemos/Epistemos/Views/Landing/Farm/CompanionRestoreSheet.swift (in target 'Epistemos' from project 'Epistemos')
    cd /Users/jojo/Downloads/Epistemos


SwiftCompile normal arm64 /Users/jojo/Downloads/Epistemos/Epistemos/Views/Landing/Farm/CompanionRoamingField.swift (in target 'Epistemos' from project 'Epistemos')
    cd /Users/jojo/Downloads/Epistemos


SwiftCompile normal arm64 /Users/jojo/Downloads/Epistemos/Epistemos/Views/Landing/Farm/CompanionView.swift (in target 'Epistemos' from project 'Epistemos')
    cd /Users/jojo/Downloads/Epistemos


SwiftCompile normal arm64 /Users/jojo/Downloads/Epistemos/Epistemos/Views/Landing/Farm/LandingFarmView.swift (in target 'Epistemos' from project 'Epistemos')
    cd /Users/jojo/Downloads/Epistemos


SwiftCompile normal arm64 /Users/jojo/Downloads/Epistemos/Epistemos/Views/Landing/Farm/NotesSidebarSkin.swift (in target 'Epistemos' from project 'Epistemos')
    cd /Users/jojo/Downloads/Epistemos


SwiftCompile normal arm64 /Users/jojo/Downloads/Epistemos/Epistemos/Views/Landing/LandingView.swift (in target 'Epistemos' from project 'Epistemos')
    cd /Users/jojo/Downloads/Epistemos


SwiftCompile normal arm64 /Users/jojo/Downloads/Epistemos/Epistemos/Views/Landing/LiquidGreeting.swift (in target 'Epistemos' from project 'Epistemos')
    cd /Users/jojo/Downloads/Epistemos


SwiftCompile normal arm64 /Users/jojo/Downloads/Epistemos/Epistemos/Views/Landing/PixelSurfaceComponents.swift (in target 'Epistemos' from project 'Epistemos')
    cd /Users/jojo/Downloads/Epistemos


SwiftCompile normal arm64 /Users/jojo/Downloads/Epistemos/Epistemos/Views/Landing/QuitSavePanelController.swift (in target 'Epistemos' from project 'Epistemos')
    cd /Users/jojo/Downloads/Epistemos


SwiftCompile normal arm64 /Users/jojo/Downloads/Epistemos/Epistemos/Views/Landing/SessionIntelligenceOverlay.swift (in target 'Epistemos' from project 'Epistemos')
    cd /Users/jojo/Downloads/Epistemos


SwiftCompile normal arm64 /Users/jojo/Downloads/Epistemos/Epistemos/Views/Landing/TimeMachineView.swift (in target 'Epistemos' from project 'Epistemos')
    cd /Users/jojo/Downloads/Epistemos


SwiftCompile normal arm64 /Users/jojo/Downloads/Epistemos/Epistemos/Views/Landing/WorkspaceSwitcherOverlay.swift (in target 'Epistemos' from project 'Epistemos')
    cd /Users/jojo/Downloads/Epistemos


SwiftCompile normal arm64 /Users/jojo/Downloads/Epistemos/Epistemos/Views/MiniChat/MiniChatView.swift (in target 'Epistemos' from project 'Epistemos')
    cd /Users/jojo/Downloads/Epistemos


SwiftCompile normal arm64 /Users/jojo/Downloads/Epistemos/Epistemos/Views/MiniChat/MiniChatWindowController.swift (in target 'Epistemos' from project 'Epistemos')
    cd /Users/jojo/Downloads/Epistemos


SwiftCompile normal arm64 /Users/jojo/Downloads/Epistemos/Epistemos/Views/ModelProfiles/ModelGraphFilterView.swift (in target 'Epistemos' from project 'Epistemos')
    cd /Users/jojo/Downloads/Epistemos


SwiftCompile normal arm64 /Users/jojo/Downloads/Epistemos/Epistemos/Views/ModelProfiles/ModelProfileCreationSheet.swift (in target 'Epistemos' from project 'Epistemos')
    cd /Users/jojo/Downloads/Epistemos


SwiftCompile normal arm64 /Users/jojo/Downloads/Epistemos/Epistemos/Views/ModelProfiles/ModelProfileDetailView.swift (in target 'Epistemos' from project 'Epistemos')
    cd /Users/jojo/Downloads/Epistemos


SwiftCompile normal arm64 /Users/jojo/Downloads/Epistemos/Epistemos/Views/ModelProfiles/ModelProfileSidebar.swift (in target 'Epistemos' from project 'Epistemos')
    cd /Users/jojo/Downloads/Epistemos


SwiftCompile normal arm64 /Users/jojo/Downloads/Epistemos/Epistemos/Views/Notes/AIPartnerControlPanel.swift (in target 'Epistemos' from project 'Epistemos')
    cd /Users/jojo/Downloads/Epistemos


SwiftCompile normal arm64 /Users/jojo/Downloads/Epistemos/Epistemos/Views/Notes/AIPartnerInlineView.swift (in target 'Epistemos' from project 'Epistemos')
    cd /Users/jojo/Downloads/Epistemos


SwiftCompile normal arm64 /Users/jojo/Downloads/Epistemos/Epistemos/Views/Notes/AIPartnerService.swift (in target 'Epistemos' from project 'Epistemos')
    cd /Users/jojo/Downloads/Epistemos


SwiftCompile normal arm64 /Users/jojo/Downloads/Epistemos/Epistemos/Views/Notes/BlockPropertySheet.swift (in target 'Epistemos' from project 'Epistemos')
    cd /Users/jojo/Downloads/Epistemos


SwiftCompile normal arm64 /Users/jojo/Downloads/Epistemos/Epistemos/Views/Notes/BlockRefAutocomplete2.swift (in target 'Epistemos' from project 'Epistemos')
    cd /Users/jojo/Downloads/Epistemos


SwiftCompile normal arm64 /Users/jojo/Downloads/Epistemos/Epistemos/Views/Notes/CodeAskBar.swift (in target 'Epistemos' from project 'Epistemos')
    cd /Users/jojo/Downloads/Epistemos


SwiftDriverJobDiscovery normal arm64 Compiling AgentCommandCenterState.swift, AgentPlanDocumentBuilder.swift, AmbientCaptureService.swift, AmbientFrequencyPlaybackState.swift, AppDataRetentionPolicy.swift, AppSupervisor.swift, ChatState.swift, CognitiveSubstrateTypes.swift, CommandCenterDiagnostics.swift, ContextualShadowsState.swift, DailyBriefState.swift, DialogueChatState.swift, EpistemosConfig.swift, EventBus.swift, EventStore.swift, FrictionMonitorService.swift, InferenceState.swift, InferenceState+RouteProfiles.swift, MainThreadWatchdog.swift, ModelProfileManager.swift, NightBrainLiveRegistry.swift, NightBrainScheduler.swift, NightBrainService.swift, NoteChatState.swift (in target 'Epistemos' from project 'Epistemos')

SwiftCompile normal arm64 Compiling\ AgentSessionLineageStore.swift,\ ChatTranscriptVaultWriter.swift,\ ContradictionDetectionService.swift,\ ConversationPersistence.swift,\ FirstRunBootstrap.swift,\ KnowledgeGraphPayload.swift,\ LiveNoteExecutor.swift,\ LiveNoteScanner.swift,\ SessionBrowser.swift,\ SkillAuthoringDraft.swift,\ SkillDiscoveryCatalog.swift,\ SkillEvolutionService.swift,\ SSMStateService.swift,\ VaultChatMutator.swift,\ VaultLifecycleService.swift,\ VaultRegistry.swift,\ VaultRecallContract.swift,\ VaultRecallWiring.swift,\ ApprovalModalView.swift,\ QuickCaptureView.swift,\ TraceInspectorView.swift,\ AgentRunTimelineView.swift,\ AnswerPacketBadge.swift,\ ArtifactBlockView.swift /Users/jojo/Downloads/Epistemos/Epistemos/Vault/AgentSessionLineageStore.swift /Users/jojo/Downloads/Epistemos/Epistemos/Vault/ChatTranscriptVaultWriter.swift /Users/jojo/Downloads/Epistemos/Epistemos/Vault/ContradictionDetectionService.swift /Users/jojo/Downloads/Epistemos/Epistemos/Vault/ConversationPersistence.swift /Users/jojo/Downloads/Epistemos/Epistemos/Vault/FirstRunBootstrap.swift /Users/jojo/Downloads/Epistemos/Epistemos/Vault/KnowledgeGraphPayload.swift /Users/jojo/Downloads/Epistemos/Epistemos/Vault/LiveNoteExecutor.swift /Users/jojo/Downloads/Epistemos/Epistemos/Vault/LiveNoteScanner.swift /Users/jojo/Downloads/Epistemos/Epistemos/Vault/SessionBrowser.swift /Users/jojo/Downloads/Epistemos/Epistemos/Vault/SkillAuthoringDraft.swift /Users/jojo/Downloads/Epistemos/Epistemos/Vault/SkillDiscoveryCatalog.swift /Users/jojo/Downloads/Epistemos/Epistemos/Vault/SkillEvolutionService.swift /Users/jojo/Downloads/Epistemos/Epistemos/Vault/SSMStateService.swift /Users/jojo/Downloads/Epistemos/Epistemos/Vault/VaultChatMutator.swift /Users/jojo/Downloads/Epistemos/Epistemos/Vault/VaultLifecycleService.swift /Users/jojo/Downloads/Epistemos/Epistemos/Vault/VaultRegistry.swift /Users/jojo/Downloads/Epistemos/Epistemos/VaultRecall/VaultRecallContract.swift /Users/jojo/Downloads/Epistemos/Epistemos/VaultRecall/VaultRecallWiring.swift /Users/jojo/Downloads/Epistemos/Epistemos/Views/Approval/ApprovalModalView.swift /Users/jojo/Downloads/Epistemos/Epistemos/Views/Capture/QuickCaptureView.swift /Users/jojo/Downloads/Epistemos/Epistemos/Views/Capture/TraceInspectorView.swift /Users/jojo/Downloads/Epistemos/Epistemos/Views/Chat/AgentRunTimelineView.swift /Users/jojo/Downloads/Epistemos/Epistemos/Views/Chat/AnswerPacketBadge.swift /Users/jojo/Downloads/Epistemos/Epistemos/Views/Chat/ArtifactBlockView.swift (in target 'Epistemos' from project 'Epistemos')

SwiftCompile normal arm64 /Users/jojo/Downloads/Epistemos/Epistemos/Vault/AgentSessionLineageStore.swift (in target 'Epistemos' from project 'Epistemos')
    cd /Users/jojo/Downloads/Epistemos


SwiftCompile normal arm64 /Users/jojo/Downloads/Epistemos/Epistemos/Vault/ChatTranscriptVaultWriter.swift (in target 'Epistemos' from project 'Epistemos')
    cd /Users/jojo/Downloads/Epistemos


SwiftCompile normal arm64 /Users/jojo/Downloads/Epistemos/Epistemos/Vault/ContradictionDetectionService.swift (in target 'Epistemos' from project 'Epistemos')
    cd /Users/jojo/Downloads/Epistemos


SwiftCompile normal arm64 /Users/jojo/Downloads/Epistemos/Epistemos/Vault/ConversationPersistence.swift (in target 'Epistemos' from project 'Epistemos')
    cd /Users/jojo/Downloads/Epistemos


SwiftCompile normal arm64 /Users/jojo/Downloads/Epistemos/Epistemos/Vault/FirstRunBootstrap.swift (in target 'Epistemos' from project 'Epistemos')
    cd /Users/jojo/Downloads/Epistemos


SwiftCompile normal arm64 /Users/jojo/Downloads/Epistemos/Epistemos/Vault/KnowledgeGraphPayload.swift (in target 'Epistemos' from project 'Epistemos')
    cd /Users/jojo/Downloads/Epistemos


SwiftCompile normal arm64 /Users/jojo/Downloads/Epistemos/Epistemos/Vault/LiveNoteExecutor.swift (in target 'Epistemos' from project 'Epistemos')
    cd /Users/jojo/Downloads/Epistemos


SwiftCompile normal arm64 /Users/jojo/Downloads/Epistemos/Epistemos/Vault/LiveNoteScanner.swift (in target 'Epistemos' from project 'Epistemos')
    cd /Users/jojo/Downloads/Epistemos


SwiftCompile normal arm64 /Users/jojo/Downloads/Epistemos/Epistemos/Vault/SessionBrowser.swift (in target 'Epistemos' from project 'Epistemos')
    cd /Users/jojo/Downloads/Epistemos


SwiftCompile normal arm64 /Users/jojo/Downloads/Epistemos/Epistemos/Vault/SkillAuthoringDraft.swift (in target 'Epistemos' from project 'Epistemos')
    cd /Users/jojo/Downloads/Epistemos


SwiftCompile normal arm64 /Users/jojo/Downloads/Epistemos/Epistemos/Vault/SkillDiscoveryCatalog.swift (in target 'Epistemos' from project 'Epistemos')
    cd /Users/jojo/Downloads/Epistemos


SwiftCompile normal arm64 /Users/jojo/Downloads/Epistemos/Epistemos/Vault/SkillEvolutionService.swift (in target 'Epistemos' from project 'Epistemos')
    cd /Users/jojo/Downloads/Epistemos


SwiftCompile normal arm64 /Users/jojo/Downloads/Epistemos/Epistemos/Vault/SSMStateService.swift (in target 'Epistemos' from project 'Epistemos')
    cd /Users/jojo/Downloads/Epistemos


SwiftCompile normal arm64 /Users/jojo/Downloads/Epistemos/Epistemos/Vault/VaultChatMutator.swift (in target 'Epistemos' from project 'Epistemos')
    cd /Users/jojo/Downloads/Epistemos


SwiftCompile normal arm64 /Users/jojo/Downloads/Epistemos/Epistemos/Vault/VaultLifecycleService.swift (in target 'Epistemos' from project 'Epistemos')
    cd /Users/jojo/Downloads/Epistemos


SwiftCompile normal arm64 /Users/jojo/Downloads/Epistemos/Epistemos/Vault/VaultRegistry.swift (in target 'Epistemos' from project 'Epistemos')
    cd /Users/jojo/Downloads/Epistemos


SwiftCompile normal arm64 /Users/jojo/Downloads/Epistemos/Epistemos/VaultRecall/VaultRecallContract.swift (in target 'Epistemos' from project 'Epistemos')
    cd /Users/jojo/Downloads/Epistemos


SwiftCompile normal arm64 /Users/jojo/Downloads/Epistemos/Epistemos/VaultRecall/VaultRecallWiring.swift (in target 'Epistemos' from project 'Epistemos')
    cd /Users/jojo/Downloads/Epistemos


SwiftCompile normal arm64 /Users/jojo/Downloads/Epistemos/Epistemos/Views/Approval/ApprovalModalView.swift (in target 'Epistemos' from project 'Epistemos')
    cd /Users/jojo/Downloads/Epistemos


SwiftCompile normal arm64 /Users/jojo/Downloads/Epistemos/Epistemos/Views/Capture/QuickCaptureView.swift (in target 'Epistemos' from project 'Epistemos')
    cd /Users/jojo/Downloads/Epistemos


SwiftCompile normal arm64 /Users/jojo/Downloads/Epistemos/Epistemos/Views/Capture/TraceInspectorView.swift (in target 'Epistemos' from project 'Epistemos')
    cd /Users/jojo/Downloads/Epistemos


SwiftCompile normal arm64 /Users/jojo/Downloads/Epistemos/Epistemos/Views/Chat/AgentRunTimelineView.swift (in target 'Epistemos' from project 'Epistemos')
    cd /Users/jojo/Downloads/Epistemos


SwiftCompile normal arm64 /Users/jojo/Downloads/Epistemos/Epistemos/Views/Chat/AnswerPacketBadge.swift (in target 'Epistemos' from project 'Epistemos')
    cd /Users/jojo/Downloads/Epistemos


SwiftCompile normal arm64 /Users/jojo/Downloads/Epistemos/Epistemos/Views/Chat/ArtifactBlockView.swift (in target 'Epistemos' from project 'Epistemos')
    cd /Users/jojo/Downloads/Epistemos


SwiftDriverJobDiscovery normal arm64 Compiling SettingsSurfaceComponents.swift, SettingsView.swift, ShadowSearchHealthRow.swift, SkillsSettingsView.swift, StructuredSurfacesView.swift, SubstrateDriftMonitorHealthRow.swift, SubstrateHealthPanel.swift, SubstrateHealthSupport.swift, SystemGHealthRow.swift, UasAcsHealthRow.swift, VaultRecallHealthRow.swift, VoicePreferencesSection.swift, AppKitPopover.swift, ChatCapabilityPill.swift, CloudProviderSetupCard.swift, CognitiveWeightBadge.swift, MarkdownDocumentModeToggle.swift, MarkdownTextView.swift, ModelVoicePickerSection.swift, ReadAloudButton.swift, ReasoningTrajectoryBadge.swift, ScrollStability.swift, TypewriterASCIIRippleText.swift, TypewriterMarkdown.swift (in target 'Epistemos' from project 'Epistemos')

SwiftCompile normal arm64 Compiling\ LocalAgentTodoCommand.swift,\ LocalAgentTokensCommand.swift,\ LocalAgentUIDisplayCommands.swift,\ LocalAgentVaultFileCommands.swift,\ LocalToolGrammar.swift,\ RuntimeRouter.swift,\ CompanionAnimationState.swift,\ CompanionModel.swift,\ GenUIPayload.swift,\ AgentProvenanceEvent.swift,\ AnswerPacket.swift,\ Artifact.swift,\ ArtifactKind.swift,\ ArtifactRoute.swift,\ BrandedTypes.swift,\ ChatTypes.swift,\ CodeArtifactKind.swift,\ CodeArtifactSidecar.swift,\ CognitiveWeight.swift,\ CommandTokenizer.swift,\ DocumentSurface.swift,\ EngineTypes.swift,\ EpdocManifest.swift,\ EpdocPackage.swift /Users/jojo/Downloads/Epistemos/Epistemos/LocalAgent/LocalAgentTodoCommand.swift /Users/jojo/Downloads/Epistemos/Epistemos/LocalAgent/LocalAgentTokensCommand.swift /Users/jojo/Downloads/Epistemos/Epistemos/LocalAgent/LocalAgentUIDisplayCommands.swift /Users/jojo/Downloads/Epistemos/Epistemos/LocalAgent/LocalAgentVaultFileCommands.swift /Users/jojo/Downloads/Epistemos/Epistemos/LocalAgent/LocalToolGrammar.swift /Users/jojo/Downloads/Epistemos/Epistemos/LocalAgent/RuntimeRouter.swift /Users/jojo/Downloads/Epistemos/Epistemos/Models/Companion/CompanionAnimationState.swift /Users/jojo/Downloads/Epistemos/Epistemos/Models/Companion/CompanionModel.swift /Users/jojo/Downloads/Epistemos/Epistemos/Models/GenUI/GenUIPayload.swift /Users/jojo/Downloads/Epistemos/Epistemos/Models/AgentProvenanceEvent.swift /Users/jojo/Downloads/Epistemos/Epistemos/Models/AnswerPacket.swift /Users/jojo/Downloads/Epistemos/Epistemos/Models/Artifact.swift /Users/jojo/Downloads/Epistemos/Epistemos/Models/ArtifactKind.swift /Users/jojo/Downloads/Epistemos/Epistemos/Models/ArtifactRoute.swift /Users/jojo/Downloads/Epistemos/Epistemos/Models/BrandedTypes.swift /Users/jojo/Downloads/Epistemos/Epistemos/Models/ChatTypes.swift /Users/jojo/Downloads/Epistemos/Epistemos/Models/CodeArtifactKind.swift /Users/jojo/Downloads/Epistemos/Epistemos/Models/CodeArtifactSidecar.swift /Users/jojo/Downloads/Epistemos/Epistemos/Models/CognitiveWeight.swift /Users/jojo/Downloads/Epistemos/Epistemos/Models/CommandTokenizer.swift /Users/jojo/Downloads/Epistemos/Epistemos/Models/DocumentSurface.swift /Users/jojo/Downloads/Epistemos/Epistemos/Models/EngineTypes.swift /Users/jojo/Downloads/Epistemos/Epistemos/Models/EpdocManifest.swift /Users/jojo/Downloads/Epistemos/Epistemos/Models/EpdocPackage.swift (in target 'Epistemos' from project 'Epistemos')

SwiftCompile normal arm64 /Users/jojo/Downloads/Epistemos/Epistemos/LocalAgent/LocalAgentTodoCommand.swift (in target 'Epistemos' from project 'Epistemos')
    cd /Users/jojo/Downloads/Epistemos


SwiftCompile normal arm64 /Users/jojo/Downloads/Epistemos/Epistemos/LocalAgent/LocalAgentTokensCommand.swift (in target 'Epistemos' from project 'Epistemos')
    cd /Users/jojo/Downloads/Epistemos


SwiftCompile normal arm64 /Users/jojo/Downloads/Epistemos/Epistemos/LocalAgent/LocalAgentUIDisplayCommands.swift (in target 'Epistemos' from project 'Epistemos')
    cd /Users/jojo/Downloads/Epistemos


SwiftCompile normal arm64 /Users/jojo/Downloads/Epistemos/Epistemos/LocalAgent/LocalAgentVaultFileCommands.swift (in target 'Epistemos' from project 'Epistemos')
    cd /Users/jojo/Downloads/Epistemos


SwiftCompile normal arm64 /Users/jojo/Downloads/Epistemos/Epistemos/LocalAgent/LocalToolGrammar.swift (in target 'Epistemos' from project 'Epistemos')
    cd /Users/jojo/Downloads/Epistemos


SwiftCompile normal arm64 /Users/jojo/Downloads/Epistemos/Epistemos/LocalAgent/RuntimeRouter.swift (in target 'Epistemos' from project 'Epistemos')
    cd /Users/jojo/Downloads/Epistemos


SwiftCompile normal arm64 /Users/jojo/Downloads/Epistemos/Epistemos/Models/Companion/CompanionAnimationState.swift (in target 'Epistemos' from project 'Epistemos')
    cd /Users/jojo/Downloads/Epistemos


SwiftCompile normal arm64 /Users/jojo/Downloads/Epistemos/Epistemos/Models/Companion/CompanionModel.swift (in target 'Epistemos' from project 'Epistemos')
    cd /Users/jojo/Downloads/Epistemos


SwiftCompile normal arm64 /Users/jojo/Downloads/Epistemos/Epistemos/Models/GenUI/GenUIPayload.swift (in target 'Epistemos' from project 'Epistemos')
    cd /Users/jojo/Downloads/Epistemos


SwiftCompile normal arm64 /Users/jojo/Downloads/Epistemos/Epistemos/Models/AgentProvenanceEvent.swift (in target 'Epistemos' from project 'Epistemos')
    cd /Users/jojo/Downloads/Epistemos


SwiftCompile normal arm64 /Users/jojo/Downloads/Epistemos/Epistemos/Models/AnswerPacket.swift (in target 'Epistemos' from project 'Epistemos')
    cd /Users/jojo/Downloads/Epistemos


SwiftCompile normal arm64 /Users/jojo/Downloads/Epistemos/Epistemos/Models/Artifact.swift (in target 'Epistemos' from project 'Epistemos')
    cd /Users/jojo/Downloads/Epistemos


SwiftCompile normal arm64 /Users/jojo/Downloads/Epistemos/Epistemos/Models/ArtifactKind.swift (in target 'Epistemos' from project 'Epistemos')
    cd /Users/jojo/Downloads/Epistemos


SwiftCompile normal arm64 /Users/jojo/Downloads/Epistemos/Epistemos/Models/ArtifactRoute.swift (in target 'Epistemos' from project 'Epistemos')
    cd /Users/jojo/Downloads/Epistemos


SwiftCompile normal arm64 /Users/jojo/Downloads/Epistemos/Epistemos/Models/BrandedTypes.swift (in target 'Epistemos' from project 'Epistemos')
    cd /Users/jojo/Downloads/Epistemos


SwiftCompile normal arm64 /Users/jojo/Downloads/Epistemos/Epistemos/Models/ChatTypes.swift (in target 'Epistemos' from project 'Epistemos')
    cd /Users/jojo/Downloads/Epistemos


SwiftCompile normal arm64 /Users/jojo/Downloads/Epistemos/Epistemos/Models/CodeArtifactKind.swift (in target 'Epistemos' from project 'Epistemos')
    cd /Users/jojo/Downloads/Epistemos


SwiftCompile normal arm64 /Users/jojo/Downloads/Epistemos/Epistemos/Models/CodeArtifactSidecar.swift (in target 'Epistemos' from project 'Epistemos')
    cd /Users/jojo/Downloads/Epistemos


SwiftCompile normal arm64 /Users/jojo/Downloads/Epistemos/Epistemos/Models/CognitiveWeight.swift (in target 'Epistemos' from project 'Epistemos')
    cd /Users/jojo/Downloads/Epistemos


SwiftCompile normal arm64 /Users/jojo/Downloads/Epistemos/Epistemos/Models/CommandTokenizer.swift (in target 'Epistemos' from project 'Epistemos')
    cd /Users/jojo/Downloads/Epistemos


SwiftCompile normal arm64 /Users/jojo/Downloads/Epistemos/Epistemos/Models/DocumentSurface.swift (in target 'Epistemos' from project 'Epistemos')
    cd /Users/jojo/Downloads/Epistemos


SwiftCompile normal arm64 /Users/jojo/Downloads/Epistemos/Epistemos/Models/EngineTypes.swift (in target 'Epistemos' from project 'Epistemos')
    cd /Users/jojo/Downloads/Epistemos


SwiftCompile normal arm64 /Users/jojo/Downloads/Epistemos/Epistemos/Models/EpdocManifest.swift (in target 'Epistemos' from project 'Epistemos')
    cd /Users/jojo/Downloads/Epistemos


SwiftCompile normal arm64 /Users/jojo/Downloads/Epistemos/Epistemos/Models/EpdocPackage.swift (in target 'Epistemos' from project 'Epistemos')
    cd /Users/jojo/Downloads/Epistemos


SwiftDriverJobDiscovery normal arm64 Compiling CredentialRedactor.swift, MemoryThreatScanner.swift, MMRReranker.swift, ToolLoopDetector.swift, TranscriptRepair.swift, AXMutationDetector.swift, AXorcistBridge.swift, Screen2AXFusion.swift, ScreenCaptureService.swift, TCCPermissionState.swift, VisualVerifyLoop.swift, MCPBridge.swift, OmegaDurationExtension.swift, OmegaPermissions.swift, ResearchComplexityGate.swift, ResearchConfidenceState.swift, ResearchEvidenceScorer.swift, ResearchOrchestrator.swift, CapabilityBridge.swift, SovereignGate.swift, SovereignGateLifecycleObserver.swift, CompanionState.swift, ActivityTracker.swift, AgentChatState.swift (in target 'Epistemos' from project 'Epistemos')

SwiftCompile normal arm64 Compiling\ SkillManifest.swift,\ EmbodiedCaptureService.swift,\ InstructionBacktranslator.swift,\ ODIATraceGenerator.swift,\ QualityCurator.swift,\ SyntheticDataGenerator.swift,\ TraceDataMixer.swift,\ CurriculumSorter.swift,\ ExperienceReplayBuffer.swift,\ QLoRATrainer.swift,\ TrainingProfileManager.swift,\ VaultAnalyzer.swift,\ AdapterSelectorView.swift,\ FeedbackIndicatorView.swift,\ KnowledgeFusionAdapterDeletionSovereignGate.swift,\ KnowledgeFusionViewModel.swift,\ TrainingHistoryView.swift,\ TrainOnVaultView.swift,\ CloudKnowledgeCompiler.swift,\ CloudKnowledgeDistillationService.swift,\ ConceptRanker.swift,\ InstantRecallService.swift,\ KnowledgeProfileStore.swift,\ MLXInferenceBridge.swift /Users/jojo/Downloads/Epistemos/Epistemos/KnowledgeFusion/SkillGeneration/SkillManifest.swift /Users/jojo/Downloads/Epistemos/Epistemos/KnowledgeFusion/SyntheticData/EmbodiedCaptureService.swift /Users/jojo/Downloads/Epistemos/Epistemos/KnowledgeFusion/SyntheticData/InstructionBacktranslator.swift /Users/jojo/Downloads/Epistemos/Epistemos/KnowledgeFusion/SyntheticData/ODIATraceGenerator.swift /Users/jojo/Downloads/Epistemos/Epistemos/KnowledgeFusion/SyntheticData/QualityCurator.swift /Users/jojo/Downloads/Epistemos/Epistemos/KnowledgeFusion/SyntheticData/SyntheticDataGenerator.swift /Users/jojo/Downloads/Epistemos/Epistemos/KnowledgeFusion/SyntheticData/TraceDataMixer.swift /Users/jojo/Downloads/Epistemos/Epistemos/KnowledgeFusion/Training/CurriculumSorter.swift /Users/jojo/Downloads/Epistemos/Epistemos/KnowledgeFusion/Training/ExperienceReplayBuffer.swift /Users/jojo/Downloads/Epistemos/Epistemos/KnowledgeFusion/Training/QLoRATrainer.swift /Users/jojo/Downloads/Epistemos/Epistemos/KnowledgeFusion/Training/TrainingProfileManager.swift /Users/jojo/Downloads/Epistemos/Epistemos/KnowledgeFusion/Training/VaultAnalyzer.swift /Users/jojo/Downloads/Epistemos/Epistemos/KnowledgeFusion/UI/AdapterSelectorView.swift /Users/jojo/Downloads/Epistemos/Epistemos/KnowledgeFusion/UI/FeedbackIndicatorView.swift /Users/jojo/Downloads/Epistemos/Epistemos/KnowledgeFusion/UI/KnowledgeFusionAdapterDeletionSovereignGate.swift /Users/jojo/Downloads/Epistemos/Epistemos/KnowledgeFusion/UI/KnowledgeFusionViewModel.swift /Users/jojo/Downloads/Epistemos/Epistemos/KnowledgeFusion/UI/TrainingHistoryView.swift /Users/jojo/Downloads/Epistemos/Epistemos/KnowledgeFusion/UI/TrainOnVaultView.swift /Users/jojo/Downloads/Epistemos/Epistemos/KnowledgeFusion/CloudKnowledgeCompiler.swift /Users/jojo/Downloads/Epistemos/Epistemos/KnowledgeFusion/CloudKnowledgeDistillationService.swift /Users/jojo/Downloads/Epistemos/Epistemos/KnowledgeFusion/ConceptRanker.swift /Users/jojo/Downloads/Epistemos/Epistemos/KnowledgeFusion/InstantRecallService.swift /Users/jojo/Downloads/Epistemos/Epistemos/KnowledgeFusion/KnowledgeProfileStore.swift /Users/jojo/Downloads/Epistemos/Epistemos/KnowledgeFusion/MLXInferenceBridge.swift (in target 'Epistemos' from project 'Epistemos')

SwiftCompile normal arm64 /Users/jojo/Downloads/Epistemos/Epistemos/KnowledgeFusion/SkillGeneration/SkillManifest.swift (in target 'Epistemos' from project 'Epistemos')
    cd /Users/jojo/Downloads/Epistemos


SwiftCompile normal arm64 /Users/jojo/Downloads/Epistemos/Epistemos/KnowledgeFusion/SyntheticData/EmbodiedCaptureService.swift (in target 'Epistemos' from project 'Epistemos')
    cd /Users/jojo/Downloads/Epistemos


SwiftCompile normal arm64 /Users/jojo/Downloads/Epistemos/Epistemos/KnowledgeFusion/SyntheticData/InstructionBacktranslator.swift (in target 'Epistemos' from project 'Epistemos')
    cd /Users/jojo/Downloads/Epistemos


SwiftCompile normal arm64 /Users/jojo/Downloads/Epistemos/Epistemos/KnowledgeFusion/SyntheticData/ODIATraceGenerator.swift (in target 'Epistemos' from project 'Epistemos')
    cd /Users/jojo/Downloads/Epistemos


SwiftCompile normal arm64 /Users/jojo/Downloads/Epistemos/Epistemos/KnowledgeFusion/SyntheticData/QualityCurator.swift (in target 'Epistemos' from project 'Epistemos')
    cd /Users/jojo/Downloads/Epistemos


SwiftCompile normal arm64 /Users/jojo/Downloads/Epistemos/Epistemos/KnowledgeFusion/SyntheticData/SyntheticDataGenerator.swift (in target 'Epistemos' from project 'Epistemos')
    cd /Users/jojo/Downloads/Epistemos


SwiftCompile normal arm64 /Users/jojo/Downloads/Epistemos/Epistemos/KnowledgeFusion/SyntheticData/TraceDataMixer.swift (in target 'Epistemos' from project 'Epistemos')
    cd /Users/jojo/Downloads/Epistemos


SwiftCompile normal arm64 /Users/jojo/Downloads/Epistemos/Epistemos/KnowledgeFusion/Training/CurriculumSorter.swift (in target 'Epistemos' from project 'Epistemos')
    cd /Users/jojo/Downloads/Epistemos


SwiftCompile normal arm64 /Users/jojo/Downloads/Epistemos/Epistemos/KnowledgeFusion/Training/ExperienceReplayBuffer.swift (in target 'Epistemos' from project 'Epistemos')
    cd /Users/jojo/Downloads/Epistemos


SwiftCompile normal arm64 /Users/jojo/Downloads/Epistemos/Epistemos/KnowledgeFusion/Training/QLoRATrainer.swift (in target 'Epistemos' from project 'Epistemos')
    cd /Users/jojo/Downloads/Epistemos


SwiftCompile normal arm64 /Users/jojo/Downloads/Epistemos/Epistemos/KnowledgeFusion/Training/TrainingProfileManager.swift (in target 'Epistemos' from project 'Epistemos')
    cd /Users/jojo/Downloads/Epistemos


SwiftCompile normal arm64 /Users/jojo/Downloads/Epistemos/Epistemos/KnowledgeFusion/Training/VaultAnalyzer.swift (in target 'Epistemos' from project 'Epistemos')
    cd /Users/jojo/Downloads/Epistemos


SwiftCompile normal arm64 /Users/jojo/Downloads/Epistemos/Epistemos/KnowledgeFusion/UI/AdapterSelectorView.swift (in target 'Epistemos' from project 'Epistemos')
    cd /Users/jojo/Downloads/Epistemos


SwiftCompile normal arm64 /Users/jojo/Downloads/Epistemos/Epistemos/KnowledgeFusion/UI/FeedbackIndicatorView.swift (in target 'Epistemos' from project 'Epistemos')
    cd /Users/jojo/Downloads/Epistemos


SwiftCompile normal arm64 /Users/jojo/Downloads/Epistemos/Epistemos/KnowledgeFusion/UI/KnowledgeFusionAdapterDeletionSovereignGate.swift (in target 'Epistemos' from project 'Epistemos')
    cd /Users/jojo/Downloads/Epistemos


SwiftCompile normal arm64 /Users/jojo/Downloads/Epistemos/Epistemos/KnowledgeFusion/UI/KnowledgeFusionViewModel.swift (in target 'Epistemos' from project 'Epistemos')
    cd /Users/jojo/Downloads/Epistemos


SwiftCompile normal arm64 /Users/jojo/Downloads/Epistemos/Epistemos/KnowledgeFusion/UI/TrainingHistoryView.swift (in target 'Epistemos' from project 'Epistemos')
    cd /Users/jojo/Downloads/Epistemos


SwiftCompile normal arm64 /Users/jojo/Downloads/Epistemos/Epistemos/KnowledgeFusion/UI/TrainOnVaultView.swift (in target 'Epistemos' from project 'Epistemos')
    cd /Users/jojo/Downloads/Epistemos


SwiftCompile normal arm64 /Users/jojo/Downloads/Epistemos/Epistemos/KnowledgeFusion/CloudKnowledgeCompiler.swift (in target 'Epistemos' from project 'Epistemos')
    cd /Users/jojo/Downloads/Epistemos


SwiftCompile normal arm64 /Users/jojo/Downloads/Epistemos/Epistemos/KnowledgeFusion/CloudKnowledgeDistillationService.swift (in target 'Epistemos' from project 'Epistemos')
    cd /Users/jojo/Downloads/Epistemos


SwiftCompile normal arm64 /Users/jojo/Downloads/Epistemos/Epistemos/KnowledgeFusion/ConceptRanker.swift (in target 'Epistemos' from project 'Epistemos')
    cd /Users/jojo/Downloads/Epistemos


SwiftCompile normal arm64 /Users/jojo/Downloads/Epistemos/Epistemos/KnowledgeFusion/InstantRecallService.swift (in target 'Epistemos' from project 'Epistemos')
    cd /Users/jojo/Downloads/Epistemos


SwiftCompile normal arm64 /Users/jojo/Downloads/Epistemos/Epistemos/KnowledgeFusion/KnowledgeProfileStore.swift (in target 'Epistemos' from project 'Epistemos')
    cd /Users/jojo/Downloads/Epistemos


SwiftCompile normal arm64 /Users/jojo/Downloads/Epistemos/Epistemos/KnowledgeFusion/MLXInferenceBridge.swift (in target 'Epistemos' from project 'Epistemos')
    cd /Users/jojo/Downloads/Epistemos


SwiftDriverJobDiscovery normal arm64 Compiling AssistantInlineTranscriptView.swift, BTMView.swift, ChatBrainPickerMenu.swift, ChatInputBar.swift, ChatSidebarView.swift, ChatView.swift, ComposerCurrentAccessPlan.swift, ComposerMicButton.swift, ComposerReferenceBrowser.swift, ContextWindowCompactBadge.swift, ContextWindowIndicator.swift, DiffPreviewView.swift, EditorSkillChips.swift, EidosRetrievedSection.swift, LiveActivityStrip.swift, MessageBubble.swift, ModelAboutSheet.swift, NotesMentionDropdown.swift, ProcessDisclosureViews.swift, SlashCommandPopover.swift, TaggedMarkdownTextView.swift, ThinkingPopoverView.swift, ThinkingTrailView.swift, TodoSnapshotCard.swift (in target 'Epistemos' from project 'Epistemos')

SwiftCompile normal arm64 Compiling\ DriverChannelControlPlane.swift,\ IMessageDriverService.swift,\ IMessageNativeSetupDoctor.swift,\ IMessageReplyDelegate.swift,\ ConstrainedDecodingService.swift,\ DeviceAgentService.swift,\ DualBrainRouter.swift,\ HardwareTierManager.swift,\ HybridRouter.swift,\ MLXConstrainedGenerator.swift,\ ReasoningLoopService.swift,\ ReasoningTraceLogger.swift,\ ToolCallParser.swift,\ ToolSchemaGrammar.swift,\ AgentGraphMemory.swift,\ GhostBrainCoauthor.swift,\ GraphDataModel.swift,\ RecipeGraphSkills.swift,\ FallbackChainResolver.swift,\ OrchestratorState.swift,\ AgentDepthLimiter.swift,\ ContextBudgetManager.swift,\ ContextCompiler.swift,\ CostTracker.swift /Users/jojo/Downloads/Epistemos/Epistemos/Omega/Channels/DriverChannelControlPlane.swift /Users/jojo/Downloads/Epistemos/Epistemos/Omega/iMessageDriver/IMessageDriverService.swift /Users/jojo/Downloads/Epistemos/Epistemos/Omega/iMessageDriver/IMessageNativeSetupDoctor.swift /Users/jojo/Downloads/Epistemos/Epistemos/Omega/iMessageDriver/IMessageReplyDelegate.swift /Users/jojo/Downloads/Epistemos/Epistemos/Omega/Inference/ConstrainedDecodingService.swift /Users/jojo/Downloads/Epistemos/Epistemos/Omega/Inference/DeviceAgentService.swift /Users/jojo/Downloads/Epistemos/Epistemos/Omega/Inference/DualBrainRouter.swift /Users/jojo/Downloads/Epistemos/Epistemos/Omega/Inference/HardwareTierManager.swift /Users/jojo/Downloads/Epistemos/Epistemos/Omega/Inference/HybridRouter.swift /Users/jojo/Downloads/Epistemos/Epistemos/Omega/Inference/MLXConstrainedGenerator.swift /Users/jojo/Downloads/Epistemos/Epistemos/Omega/Inference/ReasoningLoopService.swift /Users/jojo/Downloads/Epistemos/Epistemos/Omega/Inference/ReasoningTraceLogger.swift /Users/jojo/Downloads/Epistemos/Epistemos/Omega/Inference/ToolCallParser.swift /Users/jojo/Downloads/Epistemos/Epistemos/Omega/Inference/ToolSchemaGrammar.swift /Users/jojo/Downloads/Epistemos/Epistemos/Omega/Knowledge/AgentGraphMemory.swift /Users/jojo/Downloads/Epistemos/Epistemos/Omega/Knowledge/GhostBrainCoauthor.swift /Users/jojo/Downloads/Epistemos/Epistemos/Omega/Knowledge/GraphDataModel.swift /Users/jojo/Downloads/Epistemos/Epistemos/Omega/Knowledge/RecipeGraphSkills.swift /Users/jojo/Downloads/Epistemos/Epistemos/Omega/Orchestrator/FallbackChainResolver.swift /Users/jojo/Downloads/Epistemos/Epistemos/Omega/Orchestrator/OrchestratorState.swift /Users/jojo/Downloads/Epistemos/Epistemos/Omega/Safety/AgentDepthLimiter.swift /Users/jojo/Downloads/Epistemos/Epistemos/Omega/Safety/ContextBudgetManager.swift /Users/jojo/Downloads/Epistemos/Epistemos/Omega/Safety/ContextCompiler.swift /Users/jojo/Downloads/Epistemos/Epistemos/Omega/Safety/CostTracker.swift (in target 'Epistemos' from project 'Epistemos')

SwiftCompile normal arm64 /Users/jojo/Downloads/Epistemos/Epistemos/Omega/Channels/DriverChannelControlPlane.swift (in target 'Epistemos' from project 'Epistemos')
    cd /Users/jojo/Downloads/Epistemos


SwiftCompile normal arm64 /Users/jojo/Downloads/Epistemos/Epistemos/Omega/iMessageDriver/IMessageDriverService.swift (in target 'Epistemos' from project 'Epistemos')
    cd /Users/jojo/Downloads/Epistemos


SwiftCompile normal arm64 /Users/jojo/Downloads/Epistemos/Epistemos/Omega/iMessageDriver/IMessageNativeSetupDoctor.swift (in target 'Epistemos' from project 'Epistemos')
    cd /Users/jojo/Downloads/Epistemos


SwiftCompile normal arm64 /Users/jojo/Downloads/Epistemos/Epistemos/Omega/iMessageDriver/IMessageReplyDelegate.swift (in target 'Epistemos' from project 'Epistemos')
    cd /Users/jojo/Downloads/Epistemos


SwiftCompile normal arm64 /Users/jojo/Downloads/Epistemos/Epistemos/Omega/Inference/ConstrainedDecodingService.swift (in target 'Epistemos' from project 'Epistemos')
    cd /Users/jojo/Downloads/Epistemos


SwiftCompile normal arm64 /Users/jojo/Downloads/Epistemos/Epistemos/Omega/Inference/DeviceAgentService.swift (in target 'Epistemos' from project 'Epistemos')
    cd /Users/jojo/Downloads/Epistemos


SwiftCompile normal arm64 /Users/jojo/Downloads/Epistemos/Epistemos/Omega/Inference/DualBrainRouter.swift (in target 'Epistemos' from project 'Epistemos')
    cd /Users/jojo/Downloads/Epistemos


SwiftCompile normal arm64 /Users/jojo/Downloads/Epistemos/Epistemos/Omega/Inference/HardwareTierManager.swift (in target 'Epistemos' from project 'Epistemos')
    cd /Users/jojo/Downloads/Epistemos


SwiftCompile normal arm64 /Users/jojo/Downloads/Epistemos/Epistemos/Omega/Inference/HybridRouter.swift (in target 'Epistemos' from project 'Epistemos')
    cd /Users/jojo/Downloads/Epistemos


SwiftCompile normal arm64 /Users/jojo/Downloads/Epistemos/Epistemos/Omega/Inference/MLXConstrainedGenerator.swift (in target 'Epistemos' from project 'Epistemos')
    cd /Users/jojo/Downloads/Epistemos


SwiftCompile normal arm64 /Users/jojo/Downloads/Epistemos/Epistemos/Omega/Inference/ReasoningLoopService.swift (in target 'Epistemos' from project 'Epistemos')
    cd /Users/jojo/Downloads/Epistemos


SwiftCompile normal arm64 /Users/jojo/Downloads/Epistemos/Epistemos/Omega/Inference/ReasoningTraceLogger.swift (in target 'Epistemos' from project 'Epistemos')
    cd /Users/jojo/Downloads/Epistemos


SwiftCompile normal arm64 /Users/jojo/Downloads/Epistemos/Epistemos/Omega/Inference/ToolCallParser.swift (in target 'Epistemos' from project 'Epistemos')
    cd /Users/jojo/Downloads/Epistemos


SwiftCompile normal arm64 /Users/jojo/Downloads/Epistemos/Epistemos/Omega/Inference/ToolSchemaGrammar.swift (in target 'Epistemos' from project 'Epistemos')
    cd /Users/jojo/Downloads/Epistemos


SwiftCompile normal arm64 /Users/jojo/Downloads/Epistemos/Epistemos/Omega/Knowledge/AgentGraphMemory.swift (in target 'Epistemos' from project 'Epistemos')
    cd /Users/jojo/Downloads/Epistemos


SwiftCompile normal arm64 /Users/jojo/Downloads/Epistemos/Epistemos/Omega/Knowledge/GhostBrainCoauthor.swift (in target 'Epistemos' from project 'Epistemos')
    cd /Users/jojo/Downloads/Epistemos


SwiftCompile normal arm64 /Users/jojo/Downloads/Epistemos/Epistemos/Omega/Knowledge/GraphDataModel.swift (in target 'Epistemos' from project 'Epistemos')
    cd /Users/jojo/Downloads/Epistemos


SwiftCompile normal arm64 /Users/jojo/Downloads/Epistemos/Epistemos/Omega/Knowledge/RecipeGraphSkills.swift (in target 'Epistemos' from project 'Epistemos')
    cd /Users/jojo/Downloads/Epistemos


SwiftCompile normal arm64 /Users/jojo/Downloads/Epistemos/Epistemos/Omega/Orchestrator/FallbackChainResolver.swift (in target 'Epistemos' from project 'Epistemos')
    cd /Users/jojo/Downloads/Epistemos


SwiftCompile normal arm64 /Users/jojo/Downloads/Epistemos/Epistemos/Omega/Orchestrator/OrchestratorState.swift (in target 'Epistemos' from project 'Epistemos')
    cd /Users/jojo/Downloads/Epistemos


SwiftCompile normal arm64 /Users/jojo/Downloads/Epistemos/Epistemos/Omega/Safety/AgentDepthLimiter.swift (in target 'Epistemos' from project 'Epistemos')
    cd /Users/jojo/Downloads/Epistemos


SwiftCompile normal arm64 /Users/jojo/Downloads/Epistemos/Epistemos/Omega/Safety/ContextBudgetManager.swift (in target 'Epistemos' from project 'Epistemos')
    cd /Users/jojo/Downloads/Epistemos


SwiftCompile normal arm64 /Users/jojo/Downloads/Epistemos/Epistemos/Omega/Safety/ContextCompiler.swift (in target 'Epistemos' from project 'Epistemos')
    cd /Users/jojo/Downloads/Epistemos


SwiftCompile normal arm64 /Users/jojo/Downloads/Epistemos/Epistemos/Omega/Safety/CostTracker.swift (in target 'Epistemos' from project 'Epistemos')
    cd /Users/jojo/Downloads/Epistemos


SwiftDriverJobDiscovery normal arm64 Compiling NoteLineDiff.swift, NotesUIState.swift, OrphanSubprocessCleanup.swift, OverseerAuditState.swift, PaperclipHeartbeatClock.swift, PaperclipStateStore.swift, PhysicsCoordinator.swift, PipelineState.swift, PowerGate.swift, PowerGuard.swift, PromptTreePreferences.swift, RawThoughtsState.swift, ThermalGuard.swift, ThermalMonitor.swift, ThreadState.swift, TimeMachineService.swift, TimeoutUtility.swift, UIState.swift, WorkspaceService.swift, WorkspaceSummaryService.swift, BlockMirror.swift, BlockParser.swift, BlockPropertyParser.swift, CollectionRegistry.swift (in target 'Epistemos' from project 'Epistemos')

SwiftCompile normal arm64 Compiling\ agent_core.swift,\ NoteCard.swift,\ Catalog.swift,\ Validator.swift,\ ACSAdmissionWiring.swift,\ AppBootstrap.swift,\ AppBootstrap+Prewarm.swift,\ AppCoordinator.swift,\ AppEnvironment.swift,\ AppGroupContainer.swift,\ ChatCoordinator.swift,\ ChatCoordinator+EidosCitationGate.swift,\ EpistemosApp.swift,\ EpistemosDocumentController.swift,\ HomeWindowInputDiagnostics.swift,\ RootView.swift,\ StatusBar.swift,\ SystemAppearanceObserver.swift,\ UtilityWindowManager.swift,\ AppStoreComputerUseStubs.swift,\ ChunkedMCPFraming.swift,\ ClarifyPromptBridge.swift,\ ComputerUseBridge.swift,\ CoTStreamInterceptor.swift,\ GenUICardPresenter.swift /Users/jojo/Downloads/Epistemos/build-rust/swift-bindings/agent_core.swift /Users/jojo/Downloads/Epistemos/Epistemos/A2UI/Components/NoteCard.swift /Users/jojo/Downloads/Epistemos/Epistemos/A2UI/Catalog.swift /Users/jojo/Downloads/Epistemos/Epistemos/A2UI/Validator.swift /Users/jojo/Downloads/Epistemos/Epistemos/ACSAdmission/ACSAdmissionWiring.swift /Users/jojo/Downloads/Epistemos/Epistemos/App/AppBootstrap.swift /Users/jojo/Downloads/Epistemos/Epistemos/App/AppBootstrap+Prewarm.swift /Users/jojo/Downloads/Epistemos/Epistemos/App/AppCoordinator.swift /Users/jojo/Downloads/Epistemos/Epistemos/App/AppEnvironment.swift /Users/jojo/Downloads/Epistemos/Epistemos/App/AppGroupContainer.swift /Users/jojo/Downloads/Epistemos/Epistemos/App/ChatCoordinator.swift /Users/jojo/Downloads/Epistemos/Epistemos/App/ChatCoordinator+EidosCitationGate.swift /Users/jojo/Downloads/Epistemos/Epistemos/App/EpistemosApp.swift /Users/jojo/Downloads/Epistemos/Epistemos/App/EpistemosDocumentController.swift /Users/jojo/Downloads/Epistemos/Epistemos/App/HomeWindowInputDiagnostics.swift /Users/jojo/Downloads/Epistemos/Epistemos/App/RootView.swift /Users/jojo/Downloads/Epistemos/Epistemos/App/StatusBar.swift /Users/jojo/Downloads/Epistemos/Epistemos/App/SystemAppearanceObserver.swift /Users/jojo/Downloads/Epistemos/Epistemos/App/UtilityWindowManager.swift /Users/jojo/Downloads/Epistemos/Epistemos/AppStore/AppStoreComputerUseStubs.swift /Users/jojo/Downloads/Epistemos/Epistemos/Bridge/ChunkedMCPFraming.swift /Users/jojo/Downloads/Epistemos/Epistemos/Bridge/ClarifyPromptBridge.swift /Users/jojo/Downloads/Epistemos/Epistemos/Bridge/ComputerUseBridge.swift /Users/jojo/Downloads/Epistemos/Epistemos/Bridge/CoTStreamInterceptor.swift /Users/jojo/Downloads/Epistemos/Epistemos/Bridge/GenUICardPresenter.swift (in target 'Epistemos' from project 'Epistemos')
SwiftCompile normal arm64 /Users/jojo/Downloads/Epistemos/build-rust/swift-bindings/agent_core.swift (in target 'Epistemos' from project 'Epistemos')
    cd /Users/jojo/Downloads/Epistemos


SwiftCompile normal arm64 /Users/jojo/Downloads/Epistemos/Epistemos/A2UI/Components/NoteCard.swift (in target 'Epistemos' from project 'Epistemos')
    cd /Users/jojo/Downloads/Epistemos


SwiftCompile normal arm64 /Users/jojo/Downloads/Epistemos/Epistemos/A2UI/Catalog.swift (in target 'Epistemos' from project 'Epistemos')
    cd /Users/jojo/Downloads/Epistemos


SwiftCompile normal arm64 /Users/jojo/Downloads/Epistemos/Epistemos/A2UI/Validator.swift (in target 'Epistemos' from project 'Epistemos')
    cd /Users/jojo/Downloads/Epistemos


SwiftCompile normal arm64 /Users/jojo/Downloads/Epistemos/Epistemos/ACSAdmission/ACSAdmissionWiring.swift (in target 'Epistemos' from project 'Epistemos')
    cd /Users/jojo/Downloads/Epistemos


SwiftCompile normal arm64 /Users/jojo/Downloads/Epistemos/Epistemos/App/AppBootstrap.swift (in target 'Epistemos' from project 'Epistemos')
    cd /Users/jojo/Downloads/Epistemos


SwiftCompile normal arm64 /Users/jojo/Downloads/Epistemos/Epistemos/App/AppBootstrap+Prewarm.swift (in target 'Epistemos' from project 'Epistemos')
    cd /Users/jojo/Downloads/Epistemos


SwiftCompile normal arm64 /Users/jojo/Downloads/Epistemos/Epistemos/App/AppCoordinator.swift (in target 'Epistemos' from project 'Epistemos')
    cd /Users/jojo/Downloads/Epistemos


SwiftCompile normal arm64 /Users/jojo/Downloads/Epistemos/Epistemos/App/AppEnvironment.swift (in target 'Epistemos' from project 'Epistemos')
    cd /Users/jojo/Downloads/Epistemos


SwiftCompile normal arm64 /Users/jojo/Downloads/Epistemos/Epistemos/App/AppGroupContainer.swift (in target 'Epistemos' from project 'Epistemos')
    cd /Users/jojo/Downloads/Epistemos


SwiftCompile normal arm64 /Users/jojo/Downloads/Epistemos/Epistemos/App/ChatCoordinator.swift (in target 'Epistemos' from project 'Epistemos')
    cd /Users/jojo/Downloads/Epistemos


SwiftCompile normal arm64 /Users/jojo/Downloads/Epistemos/Epistemos/App/ChatCoordinator+EidosCitationGate.swift (in target 'Epistemos' from project 'Epistemos')
    cd /Users/jojo/Downloads/Epistemos


SwiftCompile normal arm64 /Users/jojo/Downloads/Epistemos/Epistemos/App/EpistemosApp.swift (in target 'Epistemos' from project 'Epistemos')
    cd /Users/jojo/Downloads/Epistemos


SwiftCompile normal arm64 /Users/jojo/Downloads/Epistemos/Epistemos/App/EpistemosDocumentController.swift (in target 'Epistemos' from project 'Epistemos')
    cd /Users/jojo/Downloads/Epistemos


SwiftCompile normal arm64 /Users/jojo/Downloads/Epistemos/Epistemos/App/HomeWindowInputDiagnostics.swift (in target 'Epistemos' from project 'Epistemos')
    cd /Users/jojo/Downloads/Epistemos


SwiftCompile normal arm64 /Users/jojo/Downloads/Epistemos/Epistemos/App/RootView.swift (in target 'Epistemos' from project 'Epistemos')
    cd /Users/jojo/Downloads/Epistemos


SwiftCompile normal arm64 /Users/jojo/Downloads/Epistemos/Epistemos/App/StatusBar.swift (in target 'Epistemos' from project 'Epistemos')
    cd /Users/jojo/Downloads/Epistemos


SwiftCompile normal arm64 /Users/jojo/Downloads/Epistemos/Epistemos/App/SystemAppearanceObserver.swift (in target 'Epistemos' from project 'Epistemos')
    cd /Users/jojo/Downloads/Epistemos


SwiftCompile normal arm64 /Users/jojo/Downloads/Epistemos/Epistemos/App/UtilityWindowManager.swift (in target 'Epistemos' from project 'Epistemos')
    cd /Users/jojo/Downloads/Epistemos


SwiftCompile normal arm64 /Users/jojo/Downloads/Epistemos/Epistemos/AppStore/AppStoreComputerUseStubs.swift (in target 'Epistemos' from project 'Epistemos')
    cd /Users/jojo/Downloads/Epistemos


SwiftCompile normal arm64 /Users/jojo/Downloads/Epistemos/Epistemos/Bridge/ChunkedMCPFraming.swift (in target 'Epistemos' from project 'Epistemos')
    cd /Users/jojo/Downloads/Epistemos


SwiftCompile normal arm64 /Users/jojo/Downloads/Epistemos/Epistemos/Bridge/ClarifyPromptBridge.swift (in target 'Epistemos' from project 'Epistemos')
    cd /Users/jojo/Downloads/Epistemos


SwiftCompile normal arm64 /Users/jojo/Downloads/Epistemos/Epistemos/Bridge/ComputerUseBridge.swift (in target 'Epistemos' from project 'Epistemos')
    cd /Users/jojo/Downloads/Epistemos


SwiftCompile normal arm64 /Users/jojo/Downloads/Epistemos/Epistemos/Bridge/CoTStreamInterceptor.swift (in target 'Epistemos' from project 'Epistemos')
    cd /Users/jojo/Downloads/Epistemos


SwiftCompile normal arm64 /Users/jojo/Downloads/Epistemos/Epistemos/Bridge/GenUICardPresenter.swift (in target 'Epistemos' from project 'Epistemos')
    cd /Users/jojo/Downloads/Epistemos


SwiftDriverJobDiscovery normal arm64 Compiling MappedNoteBody.swift, NoteEntitySpotlightIndexer.swift, NoteFileStorage.swift, ReadableBlocksIndex.swift, ReadableBlocksProjector.swift, RRFFusionQuery.swift, SearchIndexService.swift, VaultImportFileCopier.swift, VaultIndexActor.swift, VaultSyncService.swift, RealSystemGRunSeam.swift, SystemGRunSeam.swift, SystemGWiring.swift, Sig.swift, AssistantComposerStatusViews.swift, EpistemosFont.swift, EpistemosTheme.swift, GlassModifiers.swift, NativeButtonStyles.swift, PhysicsModifiers.swift, PlatinumTheme.swift, SystemAppearanceState.swift, ToolbarGlass.swift, AgentApprovalPolicyStore.swift (in target 'Epistemos' from project 'Epistemos')

SwiftCompile normal arm64 Compiling\ NoteWindowManager.swift,\ OutlineNavigatorView.swift,\ PageEditorCache.swift,\ ProseEditorRepresentable2.swift,\ ProseEditorView.swift,\ ProseTextView2.swift,\ SegmentedIndentationGuideView.swift,\ TransclusionOverlayManager2.swift,\ VaultChangesPanel.swift,\ VaultOrganizerView.swift,\ VersionTimeline.swift,\ WebKitCodeEditorView.swift,\ WeightedContextEngine.swift,\ WritingToolsBridge.swift,\ AgentModeUnavailableView.swift,\ ConfirmationSheet.swift,\ ExecutionProgressView.swift,\ OmegaPanel.swift,\ ResearchRequestView.swift,\ TaskInputBar.swift,\ SetupAssistantView.swift,\ VaultReprompSheet.swift,\ RawThoughtsInspectorView.swift,\ RawThoughtsSection.swift /Users/jojo/Downloads/Epistemos/Epistemos/Views/Notes/NoteWindowManager.swift /Users/jojo/Downloads/Epistemos/Epistemos/Views/Notes/OutlineNavigatorView.swift /Users/jojo/Downloads/Epistemos/Epistemos/Views/Notes/PageEditorCache.swift /Users/jojo/Downloads/Epistemos/Epistemos/Views/Notes/ProseEditorRepresentable2.swift /Users/jojo/Downloads/Epistemos/Epistemos/Views/Notes/ProseEditorView.swift /Users/jojo/Downloads/Epistemos/Epistemos/Views/Notes/ProseTextView2.swift /Users/jojo/Downloads/Epistemos/Epistemos/Views/Notes/SegmentedIndentationGuideView.swift /Users/jojo/Downloads/Epistemos/Epistemos/Views/Notes/TransclusionOverlayManager2.swift /Users/jojo/Downloads/Epistemos/Epistemos/Views/Notes/VaultChangesPanel.swift /Users/jojo/Downloads/Epistemos/Epistemos/Views/Notes/VaultOrganizerView.swift /Users/jojo/Downloads/Epistemos/Epistemos/Views/Notes/VersionTimeline.swift /Users/jojo/Downloads/Epistemos/Epistemos/Views/Notes/WebKitCodeEditorView.swift /Users/jojo/Downloads/Epistemos/Epistemos/Views/Notes/WeightedContextEngine.swift /Users/jojo/Downloads/Epistemos/Epistemos/Views/Notes/WritingToolsBridge.swift /Users/jojo/Downloads/Epistemos/Epistemos/Views/Omega/AgentModeUnavailableView.swift /Users/jojo/Downloads/Epistemos/Epistemos/Views/Omega/ConfirmationSheet.swift /Users/jojo/Downloads/Epistemos/Epistemos/Views/Omega/ExecutionProgressView.swift /Users/jojo/Downloads/Epistemos/Epistemos/Views/Omega/OmegaPanel.swift /Users/jojo/Downloads/Epistemos/Epistemos/Views/Omega/ResearchRequestView.swift /Users/jojo/Downloads/Epistemos/Epistemos/Views/Omega/TaskInputBar.swift /Users/jojo/Downloads/Epistemos/Epistemos/Views/Onboarding/SetupAssistantView.swift /Users/jojo/Downloads/Epistemos/Epistemos/Views/Onboarding/VaultReprompSheet.swift /Users/jojo/Downloads/Epistemos/Epistemos/Views/RawThoughts/RawThoughtsInspectorView.swift /Users/jojo/Downloads/Epistemos/Epistemos/Views/RawThoughts/RawThoughtsSection.swift (in target 'Epistemos' from project 'Epistemos')

SwiftCompile normal arm64 /Users/jojo/Downloads/Epistemos/Epistemos/Views/Notes/NoteWindowManager.swift (in target 'Epistemos' from project 'Epistemos')
    cd /Users/jojo/Downloads/Epistemos


SwiftCompile normal arm64 /Users/jojo/Downloads/Epistemos/Epistemos/Views/Notes/OutlineNavigatorView.swift (in target 'Epistemos' from project 'Epistemos')
    cd /Users/jojo/Downloads/Epistemos


SwiftCompile normal arm64 /Users/jojo/Downloads/Epistemos/Epistemos/Views/Notes/PageEditorCache.swift (in target 'Epistemos' from project 'Epistemos')
    cd /Users/jojo/Downloads/Epistemos


SwiftCompile normal arm64 /Users/jojo/Downloads/Epistemos/Epistemos/Views/Notes/ProseEditorRepresentable2.swift (in target 'Epistemos' from project 'Epistemos')
    cd /Users/jojo/Downloads/Epistemos


SwiftCompile normal arm64 /Users/jojo/Downloads/Epistemos/Epistemos/Views/Notes/ProseEditorView.swift (in target 'Epistemos' from project 'Epistemos')
    cd /Users/jojo/Downloads/Epistemos


SwiftCompile normal arm64 /Users/jojo/Downloads/Epistemos/Epistemos/Views/Notes/ProseTextView2.swift (in target 'Epistemos' from project 'Epistemos')
    cd /Users/jojo/Downloads/Epistemos


SwiftCompile normal arm64 /Users/jojo/Downloads/Epistemos/Epistemos/Views/Notes/SegmentedIndentationGuideView.swift (in target 'Epistemos' from project 'Epistemos')
    cd /Users/jojo/Downloads/Epistemos


SwiftCompile normal arm64 /Users/jojo/Downloads/Epistemos/Epistemos/Views/Notes/TransclusionOverlayManager2.swift (in target 'Epistemos' from project 'Epistemos')
    cd /Users/jojo/Downloads/Epistemos


SwiftCompile normal arm64 /Users/jojo/Downloads/Epistemos/Epistemos/Views/Notes/VaultChangesPanel.swift (in target 'Epistemos' from project 'Epistemos')
    cd /Users/jojo/Downloads/Epistemos


SwiftCompile normal arm64 /Users/jojo/Downloads/Epistemos/Epistemos/Views/Notes/VaultOrganizerView.swift (in target 'Epistemos' from project 'Epistemos')
    cd /Users/jojo/Downloads/Epistemos


SwiftCompile normal arm64 /Users/jojo/Downloads/Epistemos/Epistemos/Views/Notes/VersionTimeline.swift (in target 'Epistemos' from project 'Epistemos')
    cd /Users/jojo/Downloads/Epistemos


SwiftCompile normal arm64 /Users/jojo/Downloads/Epistemos/Epistemos/Views/Notes/WebKitCodeEditorView.swift (in target 'Epistemos' from project 'Epistemos')
    cd /Users/jojo/Downloads/Epistemos


SwiftCompile normal arm64 /Users/jojo/Downloads/Epistemos/Epistemos/Views/Notes/WeightedContextEngine.swift (in target 'Epistemos' from project 'Epistemos')
    cd /Users/jojo/Downloads/Epistemos


SwiftCompile normal arm64 /Users/jojo/Downloads/Epistemos/Epistemos/Views/Notes/WritingToolsBridge.swift (in target 'Epistemos' from project 'Epistemos')
    cd /Users/jojo/Downloads/Epistemos


SwiftCompile normal arm64 /Users/jojo/Downloads/Epistemos/Epistemos/Views/Omega/AgentModeUnavailableView.swift (in target 'Epistemos' from project 'Epistemos')
    cd /Users/jojo/Downloads/Epistemos


SwiftCompile normal arm64 /Users/jojo/Downloads/Epistemos/Epistemos/Views/Omega/ConfirmationSheet.swift (in target 'Epistemos' from project 'Epistemos')
    cd /Users/jojo/Downloads/Epistemos


SwiftCompile normal arm64 /Users/jojo/Downloads/Epistemos/Epistemos/Views/Omega/ExecutionProgressView.swift (in target 'Epistemos' from project 'Epistemos')
    cd /Users/jojo/Downloads/Epistemos


SwiftCompile normal arm64 /Users/jojo/Downloads/Epistemos/Epistemos/Views/Omega/OmegaPanel.swift (in target 'Epistemos' from project 'Epistemos')
    cd /Users/jojo/Downloads/Epistemos


SwiftCompile normal arm64 /Users/jojo/Downloads/Epistemos/Epistemos/Views/Omega/ResearchRequestView.swift (in target 'Epistemos' from project 'Epistemos')
    cd /Users/jojo/Downloads/Epistemos


SwiftCompile normal arm64 /Users/jojo/Downloads/Epistemos/Epistemos/Views/Omega/TaskInputBar.swift (in target 'Epistemos' from project 'Epistemos')
    cd /Users/jojo/Downloads/Epistemos


SwiftCompile normal arm64 /Users/jojo/Downloads/Epistemos/Epistemos/Views/Onboarding/SetupAssistantView.swift (in target 'Epistemos' from project 'Epistemos')
    cd /Users/jojo/Downloads/Epistemos


SwiftCompile normal arm64 /Users/jojo/Downloads/Epistemos/Epistemos/Views/Onboarding/VaultReprompSheet.swift (in target 'Epistemos' from project 'Epistemos')
    cd /Users/jojo/Downloads/Epistemos


SwiftCompile normal arm64 /Users/jojo/Downloads/Epistemos/Epistemos/Views/RawThoughts/RawThoughtsInspectorView.swift (in target 'Epistemos' from project 'Epistemos')
    cd /Users/jojo/Downloads/Epistemos


SwiftCompile normal arm64 /Users/jojo/Downloads/Epistemos/Epistemos/Views/RawThoughts/RawThoughtsSection.swift (in target 'Epistemos' from project 'Epistemos')
    cd /Users/jojo/Downloads/Epistemos


SwiftDriverJobDiscovery normal arm64 Compiling LocalAgentTodoCommand.swift, LocalAgentTokensCommand.swift, LocalAgentUIDisplayCommands.swift, LocalAgentVaultFileCommands.swift, LocalToolGrammar.swift, RuntimeRouter.swift, CompanionAnimationState.swift, CompanionModel.swift, GenUIPayload.swift, AgentProvenanceEvent.swift, AnswerPacket.swift, Artifact.swift, ArtifactKind.swift, ArtifactRoute.swift, BrandedTypes.swift, ChatTypes.swift, CodeArtifactKind.swift, CodeArtifactSidecar.swift, CognitiveWeight.swift, CommandTokenizer.swift, DocumentSurface.swift, EngineTypes.swift, EpdocManifest.swift, EpdocPackage.swift (in target 'Epistemos' from project 'Epistemos')

SwiftCompile normal arm64 Compiling\ SystemSearchIntent.swift,\ UndoableNoteIntents.swift,\ VisualIntelligenceIntents.swift,\ WordProcessorIntents.swift,\ EpistemosShortcutsProvider.swift,\ AdapterExporter.swift,\ AdapterLoader.swift,\ AdapterRegistry.swift,\ AdapterRouter.swift,\ MoLoRARouter.swift,\ CSISafeguard.swift,\ FeedbackLogger.swift,\ KTOTrainer.swift,\ TrainingScheduler.swift,\ AutoresearchLoop.swift,\ ExperimentTracker.swift,\ MetricEvaluator.swift,\ AudioRecorder.swift,\ AudioTranscriber.swift,\ DocumentChunker.swift,\ VaultParser.swift,\ MoLoRAInferenceService.swift,\ RepoAnalyzer.swift,\ SkillGenerator.swift /Users/jojo/Downloads/Epistemos/Epistemos/Intents/Schemas/SystemSearchIntent.swift /Users/jojo/Downloads/Epistemos/Epistemos/Intents/Schemas/UndoableNoteIntents.swift /Users/jojo/Downloads/Epistemos/Epistemos/Intents/Schemas/VisualIntelligenceIntents.swift /Users/jojo/Downloads/Epistemos/Epistemos/Intents/Schemas/WordProcessorIntents.swift /Users/jojo/Downloads/Epistemos/Epistemos/Intents/EpistemosShortcutsProvider.swift /Users/jojo/Downloads/Epistemos/Epistemos/KnowledgeFusion/Adapters/AdapterExporter.swift /Users/jojo/Downloads/Epistemos/Epistemos/KnowledgeFusion/Adapters/AdapterLoader.swift /Users/jojo/Downloads/Epistemos/Epistemos/KnowledgeFusion/Adapters/AdapterRegistry.swift /Users/jojo/Downloads/Epistemos/Epistemos/KnowledgeFusion/Adapters/AdapterRouter.swift /Users/jojo/Downloads/Epistemos/Epistemos/KnowledgeFusion/Adapters/MoLoRARouter.swift /Users/jojo/Downloads/Epistemos/Epistemos/KnowledgeFusion/Alignment/CSISafeguard.swift /Users/jojo/Downloads/Epistemos/Epistemos/KnowledgeFusion/Alignment/FeedbackLogger.swift /Users/jojo/Downloads/Epistemos/Epistemos/KnowledgeFusion/Alignment/KTOTrainer.swift /Users/jojo/Downloads/Epistemos/Epistemos/KnowledgeFusion/Alignment/TrainingScheduler.swift /Users/jojo/Downloads/Epistemos/Epistemos/KnowledgeFusion/Autoresearch/AutoresearchLoop.swift /Users/jojo/Downloads/Epistemos/Epistemos/KnowledgeFusion/Autoresearch/ExperimentTracker.swift /Users/jojo/Downloads/Epistemos/Epistemos/KnowledgeFusion/Autoresearch/MetricEvaluator.swift /Users/jojo/Downloads/Epistemos/Epistemos/KnowledgeFusion/DataIngestion/AudioRecorder.swift /Users/jojo/Downloads/Epistemos/Epistemos/KnowledgeFusion/DataIngestion/AudioTranscriber.swift /Users/jojo/Downloads/Epistemos/Epistemos/KnowledgeFusion/DataIngestion/DocumentChunker.swift /Users/jojo/Downloads/Epistemos/Epistemos/KnowledgeFusion/DataIngestion/VaultParser.swift /Users/jojo/Downloads/Epistemos/Epistemos/KnowledgeFusion/MoLoRA/MoLoRAInferenceService.swift /Users/jojo/Downloads/Epistemos/Epistemos/KnowledgeFusion/SkillGeneration/RepoAnalyzer.swift /Users/jojo/Downloads/Epistemos/Epistemos/KnowledgeFusion/SkillGeneration/SkillGenerator.swift (in target 'Epistemos' from project 'Epistemos')

SwiftCompile normal arm64 /Users/jojo/Downloads/Epistemos/Epistemos/Intents/Schemas/SystemSearchIntent.swift (in target 'Epistemos' from project 'Epistemos')
    cd /Users/jojo/Downloads/Epistemos


SwiftCompile normal arm64 /Users/jojo/Downloads/Epistemos/Epistemos/Intents/Schemas/UndoableNoteIntents.swift (in target 'Epistemos' from project 'Epistemos')
    cd /Users/jojo/Downloads/Epistemos


SwiftCompile normal arm64 /Users/jojo/Downloads/Epistemos/Epistemos/Intents/Schemas/VisualIntelligenceIntents.swift (in target 'Epistemos' from project 'Epistemos')
    cd /Users/jojo/Downloads/Epistemos


SwiftCompile normal arm64 /Users/jojo/Downloads/Epistemos/Epistemos/Intents/Schemas/WordProcessorIntents.swift (in target 'Epistemos' from project 'Epistemos')
    cd /Users/jojo/Downloads/Epistemos


SwiftCompile normal arm64 /Users/jojo/Downloads/Epistemos/Epistemos/Intents/EpistemosShortcutsProvider.swift (in target 'Epistemos' from project 'Epistemos')
    cd /Users/jojo/Downloads/Epistemos


SwiftCompile normal arm64 /Users/jojo/Downloads/Epistemos/Epistemos/KnowledgeFusion/Adapters/AdapterExporter.swift (in target 'Epistemos' from project 'Epistemos')
    cd /Users/jojo/Downloads/Epistemos


SwiftCompile normal arm64 /Users/jojo/Downloads/Epistemos/Epistemos/KnowledgeFusion/Adapters/AdapterLoader.swift (in target 'Epistemos' from project 'Epistemos')
    cd /Users/jojo/Downloads/Epistemos


SwiftCompile normal arm64 /Users/jojo/Downloads/Epistemos/Epistemos/KnowledgeFusion/Adapters/AdapterRegistry.swift (in target 'Epistemos' from project 'Epistemos')
    cd /Users/jojo/Downloads/Epistemos


SwiftCompile normal arm64 /Users/jojo/Downloads/Epistemos/Epistemos/KnowledgeFusion/Adapters/AdapterRouter.swift (in target 'Epistemos' from project 'Epistemos')
    cd /Users/jojo/Downloads/Epistemos


SwiftCompile normal arm64 /Users/jojo/Downloads/Epistemos/Epistemos/KnowledgeFusion/Adapters/MoLoRARouter.swift (in target 'Epistemos' from project 'Epistemos')
    cd /Users/jojo/Downloads/Epistemos


SwiftCompile normal arm64 /Users/jojo/Downloads/Epistemos/Epistemos/KnowledgeFusion/Alignment/CSISafeguard.swift (in target 'Epistemos' from project 'Epistemos')
    cd /Users/jojo/Downloads/Epistemos


SwiftCompile normal arm64 /Users/jojo/Downloads/Epistemos/Epistemos/KnowledgeFusion/Alignment/FeedbackLogger.swift (in target 'Epistemos' from project 'Epistemos')
    cd /Users/jojo/Downloads/Epistemos


SwiftCompile normal arm64 /Users/jojo/Downloads/Epistemos/Epistemos/KnowledgeFusion/Alignment/KTOTrainer.swift (in target 'Epistemos' from project 'Epistemos')
    cd /Users/jojo/Downloads/Epistemos


SwiftCompile normal arm64 /Users/jojo/Downloads/Epistemos/Epistemos/KnowledgeFusion/Alignment/TrainingScheduler.swift (in target 'Epistemos' from project 'Epistemos')
    cd /Users/jojo/Downloads/Epistemos


SwiftCompile normal arm64 /Users/jojo/Downloads/Epistemos/Epistemos/KnowledgeFusion/Autoresearch/AutoresearchLoop.swift (in target 'Epistemos' from project 'Epistemos')
    cd /Users/jojo/Downloads/Epistemos


SwiftCompile normal arm64 /Users/jojo/Downloads/Epistemos/Epistemos/KnowledgeFusion/Autoresearch/ExperimentTracker.swift (in target 'Epistemos' from project 'Epistemos')
    cd /Users/jojo/Downloads/Epistemos


SwiftCompile normal arm64 /Users/jojo/Downloads/Epistemos/Epistemos/KnowledgeFusion/Autoresearch/MetricEvaluator.swift (in target 'Epistemos' from project 'Epistemos')
    cd /Users/jojo/Downloads/Epistemos


SwiftCompile normal arm64 /Users/jojo/Downloads/Epistemos/Epistemos/KnowledgeFusion/DataIngestion/AudioRecorder.swift (in target 'Epistemos' from project 'Epistemos')
    cd /Users/jojo/Downloads/Epistemos


SwiftCompile normal arm64 /Users/jojo/Downloads/Epistemos/Epistemos/KnowledgeFusion/DataIngestion/AudioTranscriber.swift (in target 'Epistemos' from project 'Epistemos')
    cd /Users/jojo/Downloads/Epistemos


SwiftCompile normal arm64 /Users/jojo/Downloads/Epistemos/Epistemos/KnowledgeFusion/DataIngestion/DocumentChunker.swift (in target 'Epistemos' from project 'Epistemos')
    cd /Users/jojo/Downloads/Epistemos


SwiftCompile normal arm64 /Users/jojo/Downloads/Epistemos/Epistemos/KnowledgeFusion/DataIngestion/VaultParser.swift (in target 'Epistemos' from project 'Epistemos')
    cd /Users/jojo/Downloads/Epistemos


SwiftCompile normal arm64 /Users/jojo/Downloads/Epistemos/Epistemos/KnowledgeFusion/MoLoRA/MoLoRAInferenceService.swift (in target 'Epistemos' from project 'Epistemos')
    cd /Users/jojo/Downloads/Epistemos


SwiftCompile normal arm64 /Users/jojo/Downloads/Epistemos/Epistemos/KnowledgeFusion/SkillGeneration/RepoAnalyzer.swift (in target 'Epistemos' from project 'Epistemos')
    cd /Users/jojo/Downloads/Epistemos


SwiftCompile normal arm64 /Users/jojo/Downloads/Epistemos/Epistemos/KnowledgeFusion/SkillGeneration/SkillGenerator.swift (in target 'Epistemos' from project 'Epistemos')
    cd /Users/jojo/Downloads/Epistemos


SwiftDriverJobDiscovery normal arm64 Compiling MLXInferenceService.swift, MockANEBackend.swift, ModelAuthoredNoteMutation.swift, ModelDownloadManager.swift, MutationOpLogProjectionWorker.swift, MutationOpLogProjector.swift, MutationOpLogReplay.swift, NLAnalysisService.swift, NoteInsightService.swift, OpenAICompatibleChatSupport.swift, OutlineParserCache.swift, OverseerProtocol.swift, PipelineService.swift, PromptCache.swift, PromptRenderer.swift, PromptTree.swift, PromptTreePersister.swift, ProvenanceConsoleProjectionService.swift, QuarantineArchive.swift, QueryAnalyzer.swift, QueryAST.swift, QueryCompiler.swift, QueryEngine.swift, QueryParser.swift, QueryRuntime.swift (in target 'Epistemos' from project 'Epistemos')

SwiftCompile normal arm64 Compiling\ CodeEditorView.swift,\ CodeLineGutter.swift,\ DiffSheetView.swift,\ EditableTransclusionView.swift,\ EditorBreadcrumbBar.swift,\ FocusedResponsePanel.swift,\ HexViewerView.swift,\ InlineResponseHighlighter.swift,\ LineBreakdownPanel.swift,\ LineDiff.swift,\ MarkdownContentStorage.swift,\ MarkdownEditorCommands.swift,\ MarkdownEditorStyle.swift,\ MarkdownLayoutFragment.swift,\ ModelInvolvementSheet.swift,\ ModelVaultBrowserSheet.swift,\ ModelVaultsSidebarSection.swift,\ NoteBacklinksPanel.swift,\ NoteChatSidebar.swift,\ NoteDetailWorkspaceView.swift,\ NoteImageProcessor.swift,\ NotesBrowserView.swift,\ NotesSidebar.swift,\ NoteTableOfContents.swift /Users/jojo/Downloads/Epistemos/Epistemos/Views/Notes/CodeEditorView.swift /Users/jojo/Downloads/Epistemos/Epistemos/Views/Notes/CodeLineGutter.swift /Users/jojo/Downloads/Epistemos/Epistemos/Views/Notes/DiffSheetView.swift /Users/jojo/Downloads/Epistemos/Epistemos/Views/Notes/EditableTransclusionView.swift /Users/jojo/Downloads/Epistemos/Epistemos/Views/Notes/EditorBreadcrumbBar.swift /Users/jojo/Downloads/Epistemos/Epistemos/Views/Notes/FocusedResponsePanel.swift /Users/jojo/Downloads/Epistemos/Epistemos/Views/Notes/HexViewerView.swift /Users/jojo/Downloads/Epistemos/Epistemos/Views/Notes/InlineResponseHighlighter.swift /Users/jojo/Downloads/Epistemos/Epistemos/Views/Notes/LineBreakdownPanel.swift /Users/jojo/Downloads/Epistemos/Epistemos/Views/Notes/LineDiff.swift /Users/jojo/Downloads/Epistemos/Epistemos/Views/Notes/MarkdownContentStorage.swift /Users/jojo/Downloads/Epistemos/Epistemos/Views/Notes/MarkdownEditorCommands.swift /Users/jojo/Downloads/Epistemos/Epistemos/Views/Notes/MarkdownEditorStyle.swift /Users/jojo/Downloads/Epistemos/Epistemos/Views/Notes/MarkdownLayoutFragment.swift /Users/jojo/Downloads/Epistemos/Epistemos/Views/Notes/ModelInvolvementSheet.swift /Users/jojo/Downloads/Epistemos/Epistemos/Views/Notes/ModelVaultBrowserSheet.swift /Users/jojo/Downloads/Epistemos/Epistemos/Views/Notes/ModelVaultsSidebarSection.swift /Users/jojo/Downloads/Epistemos/Epistemos/Views/Notes/NoteBacklinksPanel.swift /Users/jojo/Downloads/Epistemos/Epistemos/Views/Notes/NoteChatSidebar.swift /Users/jojo/Downloads/Epistemos/Epistemos/Views/Notes/NoteDetailWorkspaceView.swift /Users/jojo/Downloads/Epistemos/Epistemos/Views/Notes/NoteImageProcessor.swift /Users/jojo/Downloads/Epistemos/Epistemos/Views/Notes/NotesBrowserView.swift /Users/jojo/Downloads/Epistemos/Epistemos/Views/Notes/NotesSidebar.swift /Users/jojo/Downloads/Epistemos/Epistemos/Views/Notes/NoteTableOfContents.swift (in target 'Epistemos' from project 'Epistemos')
SwiftCompile normal arm64 /Users/jojo/Downloads/Epistemos/Epistemos/Views/Notes/CodeEditorView.swift (in target 'Epistemos' from project 'Epistemos')
    cd /Users/jojo/Downloads/Epistemos


SwiftCompile normal arm64 /Users/jojo/Downloads/Epistemos/Epistemos/Views/Notes/CodeLineGutter.swift (in target 'Epistemos' from project 'Epistemos')
    cd /Users/jojo/Downloads/Epistemos


SwiftCompile normal arm64 /Users/jojo/Downloads/Epistemos/Epistemos/Views/Notes/DiffSheetView.swift (in target 'Epistemos' from project 'Epistemos')
    cd /Users/jojo/Downloads/Epistemos


SwiftCompile normal arm64 /Users/jojo/Downloads/Epistemos/Epistemos/Views/Notes/EditableTransclusionView.swift (in target 'Epistemos' from project 'Epistemos')
    cd /Users/jojo/Downloads/Epistemos


SwiftCompile normal arm64 /Users/jojo/Downloads/Epistemos/Epistemos/Views/Notes/EditorBreadcrumbBar.swift (in target 'Epistemos' from project 'Epistemos')
    cd /Users/jojo/Downloads/Epistemos


SwiftCompile normal arm64 /Users/jojo/Downloads/Epistemos/Epistemos/Views/Notes/FocusedResponsePanel.swift (in target 'Epistemos' from project 'Epistemos')
    cd /Users/jojo/Downloads/Epistemos


SwiftCompile normal arm64 /Users/jojo/Downloads/Epistemos/Epistemos/Views/Notes/HexViewerView.swift (in target 'Epistemos' from project 'Epistemos')
    cd /Users/jojo/Downloads/Epistemos


SwiftCompile normal arm64 /Users/jojo/Downloads/Epistemos/Epistemos/Views/Notes/InlineResponseHighlighter.swift (in target 'Epistemos' from project 'Epistemos')
    cd /Users/jojo/Downloads/Epistemos


SwiftCompile normal arm64 /Users/jojo/Downloads/Epistemos/Epistemos/Views/Notes/LineBreakdownPanel.swift (in target 'Epistemos' from project 'Epistemos')
    cd /Users/jojo/Downloads/Epistemos


SwiftCompile normal arm64 /Users/jojo/Downloads/Epistemos/Epistemos/Views/Notes/LineDiff.swift (in target 'Epistemos' from project 'Epistemos')
    cd /Users/jojo/Downloads/Epistemos


SwiftCompile normal arm64 /Users/jojo/Downloads/Epistemos/Epistemos/Views/Notes/MarkdownContentStorage.swift (in target 'Epistemos' from project 'Epistemos')
    cd /Users/jojo/Downloads/Epistemos


SwiftCompile normal arm64 /Users/jojo/Downloads/Epistemos/Epistemos/Views/Notes/MarkdownEditorCommands.swift (in target 'Epistemos' from project 'Epistemos')
    cd /Users/jojo/Downloads/Epistemos


SwiftCompile normal arm64 /Users/jojo/Downloads/Epistemos/Epistemos/Views/Notes/MarkdownEditorStyle.swift (in target 'Epistemos' from project 'Epistemos')
    cd /Users/jojo/Downloads/Epistemos


SwiftCompile normal arm64 /Users/jojo/Downloads/Epistemos/Epistemos/Views/Notes/MarkdownLayoutFragment.swift (in target 'Epistemos' from project 'Epistemos')
    cd /Users/jojo/Downloads/Epistemos


SwiftCompile normal arm64 /Users/jojo/Downloads/Epistemos/Epistemos/Views/Notes/ModelInvolvementSheet.swift (in target 'Epistemos' from project 'Epistemos')
    cd /Users/jojo/Downloads/Epistemos


SwiftCompile normal arm64 /Users/jojo/Downloads/Epistemos/Epistemos/Views/Notes/ModelVaultBrowserSheet.swift (in target 'Epistemos' from project 'Epistemos')
    cd /Users/jojo/Downloads/Epistemos


SwiftCompile normal arm64 /Users/jojo/Downloads/Epistemos/Epistemos/Views/Notes/ModelVaultsSidebarSection.swift (in target 'Epistemos' from project 'Epistemos')
    cd /Users/jojo/Downloads/Epistemos


SwiftCompile normal arm64 /Users/jojo/Downloads/Epistemos/Epistemos/Views/Notes/NoteBacklinksPanel.swift (in target 'Epistemos' from project 'Epistemos')
    cd /Users/jojo/Downloads/Epistemos


SwiftCompile normal arm64 /Users/jojo/Downloads/Epistemos/Epistemos/Views/Notes/NoteChatSidebar.swift (in target 'Epistemos' from project 'Epistemos')
    cd /Users/jojo/Downloads/Epistemos


SwiftCompile normal arm64 /Users/jojo/Downloads/Epistemos/Epistemos/Views/Notes/NoteDetailWorkspaceView.swift (in target 'Epistemos' from project 'Epistemos')
    cd /Users/jojo/Downloads/Epistemos


SwiftCompile normal arm64 /Users/jojo/Downloads/Epistemos/Epistemos/Views/Notes/NoteImageProcessor.swift (in target 'Epistemos' from project 'Epistemos')
    cd /Users/jojo/Downloads/Epistemos


SwiftCompile normal arm64 /Users/jojo/Downloads/Epistemos/Epistemos/Views/Notes/NotesBrowserView.swift (in target 'Epistemos' from project 'Epistemos')
    cd /Users/jojo/Downloads/Epistemos


SwiftCompile normal arm64 /Users/jojo/Downloads/Epistemos/Epistemos/Views/Notes/NotesSidebar.swift (in target 'Epistemos' from project 'Epistemos')
    cd /Users/jojo/Downloads/Epistemos


SwiftCompile normal arm64 /Users/jojo/Downloads/Epistemos/Epistemos/Views/Notes/NoteTableOfContents.swift (in target 'Epistemos' from project 'Epistemos')
    cd /Users/jojo/Downloads/Epistemos


SwiftDriverJobDiscovery normal arm64 Compiling Phase4Bridge.swift, Phase5Bridge.swift, Phase7Bridge.swift, StreamingDelegate.swift, ToolTierBridge.swift, Eidos.swift, EidosBridge.swift, EidosVaultBootstrapper.swift, EidosWiring.swift, AgentAuthority.swift, AgentBackend.swift, AgentHandoff.swift, AgentQueryEngine.swift, AgentUsageLedger.swift, ChatCapability.swift, AdaptationExecutor.swift, AdaptationStabilizer.swift, AFMSessionPool.swift, AFMSidecarGenerator.swift, AgentGrepService.swift, AgentHierarchyProtocol.swift, AgentRuntime.swift, AgentToolProvenanceRecorder.swift, AmbientFrequencyAudioGenerator.swift, AmbientFrequencyLivePlayer.swift (in target 'Epistemos' from project 'Epistemos')

SwiftCompile normal arm64 Compiling\ ANEBackend.swift,\ AnswerPacketEmitter.swift,\ AppleIntelligenceService.swift,\ ArenaBridge.swift,\ ArenaPathResolver.swift,\ ArtifactExtractor.swift,\ BackendRuntimeContract.swift,\ BlockEditTranslator.swift,\ CapabilityManifestBuilder.swift,\ ChatCodeExtractor.swift,\ ChatCompactor.swift,\ CloudProviderAuthService.swift,\ CodeEditorContentDebouncer.swift,\ CodeFileService.swift,\ CognitiveDepthOverlay.swift,\ CommandCenterRequestCompiler.swift,\ CommandInputParser.swift,\ ComposerVoiceInputService.swift,\ ConversationStateClassifier.swift,\ CredentialPool.swift,\ DataDetectionService.swift,\ DataviewService.swift,\ DeterministicPRNG.swift,\ EpdocBlockTemplateStore.swift,\ EpdocComplexityCalculator.swift /Users/jojo/Downloads/Epistemos/Epistemos/Engine/ANEBackend.swift /Users/jojo/Downloads/Epistemos/Epistemos/Engine/AnswerPacketEmitter.swift /Users/jojo/Downloads/Epistemos/Epistemos/Engine/AppleIntelligenceService.swift /Users/jojo/Downloads/Epistemos/Epistemos/Engine/ArenaBridge.swift /Users/jojo/Downloads/Epistemos/Epistemos/Engine/ArenaPathResolver.swift /Users/jojo/Downloads/Epistemos/Epistemos/Engine/ArtifactExtractor.swift /Users/jojo/Downloads/Epistemos/Epistemos/Engine/BackendRuntimeContract.swift /Users/jojo/Downloads/Epistemos/Epistemos/Engine/BlockEditTranslator.swift /Users/jojo/Downloads/Epistemos/Epistemos/Engine/CapabilityManifestBuilder.swift /Users/jojo/Downloads/Epistemos/Epistemos/Engine/ChatCodeExtractor.swift /Users/jojo/Downloads/Epistemos/Epistemos/Engine/ChatCompactor.swift /Users/jojo/Downloads/Epistemos/Epistemos/Engine/CloudProviderAuthService.swift /Users/jojo/Downloads/Epistemos/Epistemos/Engine/CodeEditorContentDebouncer.swift /Users/jojo/Downloads/Epistemos/Epistemos/Engine/CodeFileService.swift /Users/jojo/Downloads/Epistemos/Epistemos/Engine/CognitiveDepthOverlay.swift /Users/jojo/Downloads/Epistemos/Epistemos/Engine/CommandCenterRequestCompiler.swift /Users/jojo/Downloads/Epistemos/Epistemos/Engine/CommandInputParser.swift /Users/jojo/Downloads/Epistemos/Epistemos/Engine/ComposerVoiceInputService.swift /Users/jojo/Downloads/Epistemos/Epistemos/Engine/ConversationStateClassifier.swift /Users/jojo/Downloads/Epistemos/Epistemos/Engine/CredentialPool.swift /Users/jojo/Downloads/Epistemos/Epistemos/Engine/DataDetectionService.swift /Users/jojo/Downloads/Epistemos/Epistemos/Engine/DataviewService.swift /Users/jojo/Downloads/Epistemos/Epistemos/Engine/DeterministicPRNG.swift /Users/jojo/Downloads/Epistemos/Epistemos/Engine/EpdocBlockTemplateStore.swift /Users/jojo/Downloads/Epistemos/Epistemos/Engine/EpdocComplexityCalculator.swift (in target 'Epistemos' from project 'Epistemos')

SwiftCompile normal arm64 /Users/jojo/Downloads/Epistemos/Epistemos/Engine/ANEBackend.swift (in target 'Epistemos' from project 'Epistemos')
    cd /Users/jojo/Downloads/Epistemos


SwiftCompile normal arm64 /Users/jojo/Downloads/Epistemos/Epistemos/Engine/AnswerPacketEmitter.swift (in target 'Epistemos' from project 'Epistemos')
    cd /Users/jojo/Downloads/Epistemos


SwiftCompile normal arm64 /Users/jojo/Downloads/Epistemos/Epistemos/Engine/AppleIntelligenceService.swift (in target 'Epistemos' from project 'Epistemos')
    cd /Users/jojo/Downloads/Epistemos


SwiftCompile normal arm64 /Users/jojo/Downloads/Epistemos/Epistemos/Engine/ArenaBridge.swift (in target 'Epistemos' from project 'Epistemos')
    cd /Users/jojo/Downloads/Epistemos


SwiftCompile normal arm64 /Users/jojo/Downloads/Epistemos/Epistemos/Engine/ArenaPathResolver.swift (in target 'Epistemos' from project 'Epistemos')
    cd /Users/jojo/Downloads/Epistemos


SwiftCompile normal arm64 /Users/jojo/Downloads/Epistemos/Epistemos/Engine/ArtifactExtractor.swift (in target 'Epistemos' from project 'Epistemos')
    cd /Users/jojo/Downloads/Epistemos


SwiftCompile normal arm64 /Users/jojo/Downloads/Epistemos/Epistemos/Engine/BackendRuntimeContract.swift (in target 'Epistemos' from project 'Epistemos')
    cd /Users/jojo/Downloads/Epistemos


SwiftCompile normal arm64 /Users/jojo/Downloads/Epistemos/Epistemos/Engine/BlockEditTranslator.swift (in target 'Epistemos' from project 'Epistemos')
    cd /Users/jojo/Downloads/Epistemos


SwiftCompile normal arm64 /Users/jojo/Downloads/Epistemos/Epistemos/Engine/CapabilityManifestBuilder.swift (in target 'Epistemos' from project 'Epistemos')
    cd /Users/jojo/Downloads/Epistemos


SwiftCompile normal arm64 /Users/jojo/Downloads/Epistemos/Epistemos/Engine/ChatCodeExtractor.swift (in target 'Epistemos' from project 'Epistemos')
    cd /Users/jojo/Downloads/Epistemos


SwiftCompile normal arm64 /Users/jojo/Downloads/Epistemos/Epistemos/Engine/ChatCompactor.swift (in target 'Epistemos' from project 'Epistemos')
    cd /Users/jojo/Downloads/Epistemos


SwiftCompile normal arm64 /Users/jojo/Downloads/Epistemos/Epistemos/Engine/CloudProviderAuthService.swift (in target 'Epistemos' from project 'Epistemos')
    cd /Users/jojo/Downloads/Epistemos


SwiftCompile normal arm64 /Users/jojo/Downloads/Epistemos/Epistemos/Engine/CodeEditorContentDebouncer.swift (in target 'Epistemos' from project 'Epistemos')
    cd /Users/jojo/Downloads/Epistemos


SwiftCompile normal arm64 /Users/jojo/Downloads/Epistemos/Epistemos/Engine/CodeFileService.swift (in target 'Epistemos' from project 'Epistemos')
    cd /Users/jojo/Downloads/Epistemos


SwiftCompile normal arm64 /Users/jojo/Downloads/Epistemos/Epistemos/Engine/CognitiveDepthOverlay.swift (in target 'Epistemos' from project 'Epistemos')
    cd /Users/jojo/Downloads/Epistemos


SwiftCompile normal arm64 /Users/jojo/Downloads/Epistemos/Epistemos/Engine/CommandCenterRequestCompiler.swift (in target 'Epistemos' from project 'Epistemos')
    cd /Users/jojo/Downloads/Epistemos


SwiftCompile normal arm64 /Users/jojo/Downloads/Epistemos/Epistemos/Engine/CommandInputParser.swift (in target 'Epistemos' from project 'Epistemos')
    cd /Users/jojo/Downloads/Epistemos


SwiftCompile normal arm64 /Users/jojo/Downloads/Epistemos/Epistemos/Engine/ComposerVoiceInputService.swift (in target 'Epistemos' from project 'Epistemos')
    cd /Users/jojo/Downloads/Epistemos


SwiftCompile normal arm64 /Users/jojo/Downloads/Epistemos/Epistemos/Engine/ConversationStateClassifier.swift (in target 'Epistemos' from project 'Epistemos')
    cd /Users/jojo/Downloads/Epistemos


SwiftCompile normal arm64 /Users/jojo/Downloads/Epistemos/Epistemos/Engine/CredentialPool.swift (in target 'Epistemos' from project 'Epistemos')
    cd /Users/jojo/Downloads/Epistemos


SwiftCompile normal arm64 /Users/jojo/Downloads/Epistemos/Epistemos/Engine/DataDetectionService.swift (in target 'Epistemos' from project 'Epistemos')
    cd /Users/jojo/Downloads/Epistemos


SwiftCompile normal arm64 /Users/jojo/Downloads/Epistemos/Epistemos/Engine/DataviewService.swift (in target 'Epistemos' from project 'Epistemos')
    cd /Users/jojo/Downloads/Epistemos


SwiftCompile normal arm64 /Users/jojo/Downloads/Epistemos/Epistemos/Engine/DeterministicPRNG.swift (in target 'Epistemos' from project 'Epistemos')
    cd /Users/jojo/Downloads/Epistemos


SwiftCompile normal arm64 /Users/jojo/Downloads/Epistemos/Epistemos/Engine/EpdocBlockTemplateStore.swift (in target 'Epistemos' from project 'Epistemos')
    cd /Users/jojo/Downloads/Epistemos


SwiftCompile normal arm64 /Users/jojo/Downloads/Epistemos/Epistemos/Engine/EpdocComplexityCalculator.swift (in target 'Epistemos' from project 'Epistemos')
    cd /Users/jojo/Downloads/Epistemos


SwiftDriverJobDiscovery normal arm64 Compiling GraphWarmupView.swift, GraphWorkspaceContainer.swift, HologramController.swift, HologramNodeInspector.swift, HologramOverlay.swift, HologramSearchSidebar.swift, MetalGraphView.swift, NodeInspectorState.swift, PinnedInspector.swift, QueryResultsView.swift, RelationshipBrowser.swift, ShapedGraphBoundaryView.swift, HaloButton.swift, ShadowPanel.swift, ShadowPanelContent.swift, HomeGraphEmbeddedView.swift, HTMLWorkspaceCodeEditor.swift, HTMLWorkspaceEditorView.swift, HTMLWorkspacePreviewView.swift, DailyNoteView.swift, CompanionAdapterView.swift, CompanionAvatarGlyph.swift, CompanionCreationFlow.swift, CompanionDeleteSheet.swift (in target 'Epistemos' from project 'Epistemos')

SwiftCompile normal arm64 Compiling\ ReactiveQuery.swift,\ ResonanceService.swift,\ RopeFFIClient.swift,\ RuntimeExecutor.swift,\ RustAnswerPacketProducerClient.swift,\ RustCognitiveDagClient.swift,\ RustEventRingClient.swift,\ RustLSPTransport.swift,\ RustOpLogFFIClient.swift,\ RustProvenanceLedgerClient.swift,\ RustShadowFFIClient.swift,\ SessionTelemetryClassifier.swift,\ ShadowFFIClient.swift,\ ShadowIndexingService.swift,\ ShadowSearchService.swift,\ ShadowVaultBootstrapper.swift,\ SidecarCache.swift,\ SkillPromptLibrary.swift,\ SpotlightIndexer.swift,\ SSMMemorySidecar.swift,\ SSMRuntimeProfile.swift,\ StructuredOutput.swift,\ StructuredQueryParser.swift,\ StructureRegistry.swift,\ SwiftTreeSitterLiveHighlighter.swift /Users/jojo/Downloads/Epistemos/Epistemos/Engine/ReactiveQuery.swift /Users/jojo/Downloads/Epistemos/Epistemos/Engine/ResonanceService.swift /Users/jojo/Downloads/Epistemos/Epistemos/Engine/RopeFFIClient.swift /Users/jojo/Downloads/Epistemos/Epistemos/Engine/RuntimeExecutor.swift /Users/jojo/Downloads/Epistemos/Epistemos/Engine/RustAnswerPacketProducerClient.swift /Users/jojo/Downloads/Epistemos/Epistemos/Engine/RustCognitiveDagClient.swift /Users/jojo/Downloads/Epistemos/Epistemos/Engine/RustEventRingClient.swift /Users/jojo/Downloads/Epistemos/Epistemos/Engine/RustLSPTransport.swift /Users/jojo/Downloads/Epistemos/Epistemos/Engine/RustOpLogFFIClient.swift /Users/jojo/Downloads/Epistemos/Epistemos/Engine/RustProvenanceLedgerClient.swift /Users/jojo/Downloads/Epistemos/Epistemos/Engine/RustShadowFFIClient.swift /Users/jojo/Downloads/Epistemos/Epistemos/Engine/SessionTelemetryClassifier.swift /Users/jojo/Downloads/Epistemos/Epistemos/Engine/ShadowFFIClient.swift /Users/jojo/Downloads/Epistemos/Epistemos/Engine/ShadowIndexingService.swift /Users/jojo/Downloads/Epistemos/Epistemos/Engine/ShadowSearchService.swift /Users/jojo/Downloads/Epistemos/Epistemos/Engine/ShadowVaultBootstrapper.swift /Users/jojo/Downloads/Epistemos/Epistemos/Engine/SidecarCache.swift /Users/jojo/Downloads/Epistemos/Epistemos/Engine/SkillPromptLibrary.swift /Users/jojo/Downloads/Epistemos/Epistemos/Engine/SpotlightIndexer.swift /Users/jojo/Downloads/Epistemos/Epistemos/Engine/SSMMemorySidecar.swift /Users/jojo/Downloads/Epistemos/Epistemos/Engine/SSMRuntimeProfile.swift /Users/jojo/Downloads/Epistemos/Epistemos/Engine/StructuredOutput.swift /Users/jojo/Downloads/Epistemos/Epistemos/Engine/StructuredQueryParser.swift /Users/jojo/Downloads/Epistemos/Epistemos/Engine/StructureRegistry.swift /Users/jojo/Downloads/Epistemos/Epistemos/Engine/SwiftTreeSitterLiveHighlighter.swift (in target 'Epistemos' from project 'Epistemos')

SwiftCompile normal arm64 /Users/jojo/Downloads/Epistemos/Epistemos/Engine/ReactiveQuery.swift (in target 'Epistemos' from project 'Epistemos')
    cd /Users/jojo/Downloads/Epistemos


SwiftCompile normal arm64 /Users/jojo/Downloads/Epistemos/Epistemos/Engine/ResonanceService.swift (in target 'Epistemos' from project 'Epistemos')
    cd /Users/jojo/Downloads/Epistemos


SwiftCompile normal arm64 /Users/jojo/Downloads/Epistemos/Epistemos/Engine/RopeFFIClient.swift (in target 'Epistemos' from project 'Epistemos')
    cd /Users/jojo/Downloads/Epistemos


SwiftCompile normal arm64 /Users/jojo/Downloads/Epistemos/Epistemos/Engine/RuntimeExecutor.swift (in target 'Epistemos' from project 'Epistemos')
    cd /Users/jojo/Downloads/Epistemos


SwiftCompile normal arm64 /Users/jojo/Downloads/Epistemos/Epistemos/Engine/RustAnswerPacketProducerClient.swift (in target 'Epistemos' from project 'Epistemos')
    cd /Users/jojo/Downloads/Epistemos


SwiftCompile normal arm64 /Users/jojo/Downloads/Epistemos/Epistemos/Engine/RustCognitiveDagClient.swift (in target 'Epistemos' from project 'Epistemos')
    cd /Users/jojo/Downloads/Epistemos


SwiftCompile normal arm64 /Users/jojo/Downloads/Epistemos/Epistemos/Engine/RustEventRingClient.swift (in target 'Epistemos' from project 'Epistemos')
    cd /Users/jojo/Downloads/Epistemos


SwiftCompile normal arm64 /Users/jojo/Downloads/Epistemos/Epistemos/Engine/RustLSPTransport.swift (in target 'Epistemos' from project 'Epistemos')
    cd /Users/jojo/Downloads/Epistemos


SwiftCompile normal arm64 /Users/jojo/Downloads/Epistemos/Epistemos/Engine/RustOpLogFFIClient.swift (in target 'Epistemos' from project 'Epistemos')
    cd /Users/jojo/Downloads/Epistemos


SwiftCompile normal arm64 /Users/jojo/Downloads/Epistemos/Epistemos/Engine/RustProvenanceLedgerClient.swift (in target 'Epistemos' from project 'Epistemos')
    cd /Users/jojo/Downloads/Epistemos


SwiftCompile normal arm64 /Users/jojo/Downloads/Epistemos/Epistemos/Engine/RustShadowFFIClient.swift (in target 'Epistemos' from project 'Epistemos')
    cd /Users/jojo/Downloads/Epistemos


SwiftCompile normal arm64 /Users/jojo/Downloads/Epistemos/Epistemos/Engine/SessionTelemetryClassifier.swift (in target 'Epistemos' from project 'Epistemos')
    cd /Users/jojo/Downloads/Epistemos


SwiftCompile normal arm64 /Users/jojo/Downloads/Epistemos/Epistemos/Engine/ShadowFFIClient.swift (in target 'Epistemos' from project 'Epistemos')
    cd /Users/jojo/Downloads/Epistemos


SwiftCompile normal arm64 /Users/jojo/Downloads/Epistemos/Epistemos/Engine/ShadowIndexingService.swift (in target 'Epistemos' from project 'Epistemos')
    cd /Users/jojo/Downloads/Epistemos


SwiftCompile normal arm64 /Users/jojo/Downloads/Epistemos/Epistemos/Engine/ShadowSearchService.swift (in target 'Epistemos' from project 'Epistemos')
    cd /Users/jojo/Downloads/Epistemos


SwiftCompile normal arm64 /Users/jojo/Downloads/Epistemos/Epistemos/Engine/ShadowVaultBootstrapper.swift (in target 'Epistemos' from project 'Epistemos')
    cd /Users/jojo/Downloads/Epistemos


SwiftCompile normal arm64 /Users/jojo/Downloads/Epistemos/Epistemos/Engine/SidecarCache.swift (in target 'Epistemos' from project 'Epistemos')
    cd /Users/jojo/Downloads/Epistemos


SwiftCompile normal arm64 /Users/jojo/Downloads/Epistemos/Epistemos/Engine/SkillPromptLibrary.swift (in target 'Epistemos' from project 'Epistemos')
    cd /Users/jojo/Downloads/Epistemos


SwiftCompile normal arm64 /Users/jojo/Downloads/Epistemos/Epistemos/Engine/SpotlightIndexer.swift (in target 'Epistemos' from project 'Epistemos')
    cd /Users/jojo/Downloads/Epistemos


SwiftCompile normal arm64 /Users/jojo/Downloads/Epistemos/Epistemos/Engine/SSMMemorySidecar.swift (in target 'Epistemos' from project 'Epistemos')
    cd /Users/jojo/Downloads/Epistemos


SwiftCompile normal arm64 /Users/jojo/Downloads/Epistemos/Epistemos/Engine/SSMRuntimeProfile.swift (in target 'Epistemos' from project 'Epistemos')
    cd /Users/jojo/Downloads/Epistemos


SwiftCompile normal arm64 /Users/jojo/Downloads/Epistemos/Epistemos/Engine/StructuredOutput.swift (in target 'Epistemos' from project 'Epistemos')
    cd /Users/jojo/Downloads/Epistemos


SwiftCompile normal arm64 /Users/jojo/Downloads/Epistemos/Epistemos/Engine/StructuredQueryParser.swift (in target 'Epistemos' from project 'Epistemos')
    cd /Users/jojo/Downloads/Epistemos


SwiftCompile normal arm64 /Users/jojo/Downloads/Epistemos/Epistemos/Engine/StructureRegistry.swift (in target 'Epistemos' from project 'Epistemos')
    cd /Users/jojo/Downloads/Epistemos


SwiftCompile normal arm64 /Users/jojo/Downloads/Epistemos/Epistemos/Engine/SwiftTreeSitterLiveHighlighter.swift (in target 'Epistemos' from project 'Epistemos')
    cd /Users/jojo/Downloads/Epistemos


SwiftDriverJobDiscovery normal arm64 Compiling BootstrapPacketBuilder.swift, CompletionChecker.swift, EvalSandbox.swift, HarnessIntegration.swift, HarnessLab.swift, HarnessPromptBuilder.swift, HarnessRegistry.swift, ProgressStore.swift, TraceCollector.swift, AnalysisIntents.swift, DailyBriefingIntent.swift, NavigationIntents.swift, NoteActionIntents.swift, OmegaIntent.swift, BrainDumpEntity.swift, ChatEntity.swift, FolderEntity.swift, NoteEntity.swift, NoteEntity+IndexedEntity.swift, PanelEntity.swift, CognitiveIntents.swift, EpistemosControlWidget.swift, EpistemosFocusFilters.swift, JournalIntents.swift, NotePreviewSnippet.swift (in target 'Epistemos' from project 'Epistemos')

SwiftDriverJobDiscovery normal arm64 Compiling IntakeValve.swift, InterruptScoreCpu.swift, KANPilotScaffold.swift, KaTeXSnippets.swift, Keychain.swift, KIVIQuantization.swift, KnowledgeCoreBridge.swift, KnowledgeIndexBuilder.swift, LatestAnswerPacketSink.swift, LiveCodeEditorController.swift, LLMService.swift, LocalBackendLLMClient.swift, LocalGGUFClient.swift, LocalGuardrailScaffold.swift, LocalInferenceSerialController.swift, LocalModelInfrastructure.swift, Log.swift, LSPClient.swift, LSPMessage.swift, LSPTransport.swift, Mamba2ForwardPass.swift, MaskPredictorService.swift, MeaningAnchorService.swift, MetalRuntimeManager.swift, MLXImageGenerationService.swift (in target 'Epistemos' from project 'Epistemos')

SwiftDriverJobDiscovery normal arm64 Compiling SkillManifest.swift, EmbodiedCaptureService.swift, InstructionBacktranslator.swift, ODIATraceGenerator.swift, QualityCurator.swift, SyntheticDataGenerator.swift, TraceDataMixer.swift, CurriculumSorter.swift, ExperienceReplayBuffer.swift, QLoRATrainer.swift, TrainingProfileManager.swift, VaultAnalyzer.swift, AdapterSelectorView.swift, FeedbackIndicatorView.swift, KnowledgeFusionAdapterDeletionSovereignGate.swift, KnowledgeFusionViewModel.swift, TrainingHistoryView.swift, TrainOnVaultView.swift, CloudKnowledgeCompiler.swift, CloudKnowledgeDistillationService.swift, ConceptRanker.swift, InstantRecallService.swift, KnowledgeProfileStore.swift, MLXInferenceBridge.swift (in target 'Epistemos' from project 'Epistemos')

SwiftDriverJobDiscovery normal arm64 Compiling ReactiveQuery.swift, ResonanceService.swift, RopeFFIClient.swift, RuntimeExecutor.swift, RustAnswerPacketProducerClient.swift, RustCognitiveDagClient.swift, RustEventRingClient.swift, RustLSPTransport.swift, RustOpLogFFIClient.swift, RustProvenanceLedgerClient.swift, RustShadowFFIClient.swift, SessionTelemetryClassifier.swift, ShadowFFIClient.swift, ShadowIndexingService.swift, ShadowSearchService.swift, ShadowVaultBootstrapper.swift, SidecarCache.swift, SkillPromptLibrary.swift, SpotlightIndexer.swift, SSMMemorySidecar.swift, SSMRuntimeProfile.swift, StructuredOutput.swift, StructuredQueryParser.swift, StructureRegistry.swift, SwiftTreeSitterLiveHighlighter.swift (in target 'Epistemos' from project 'Epistemos')

SwiftDriverJobDiscovery normal arm64 Compiling DriverChannelControlPlane.swift, IMessageDriverService.swift, IMessageNativeSetupDoctor.swift, IMessageReplyDelegate.swift, ConstrainedDecodingService.swift, DeviceAgentService.swift, DualBrainRouter.swift, HardwareTierManager.swift, HybridRouter.swift, MLXConstrainedGenerator.swift, ReasoningLoopService.swift, ReasoningTraceLogger.swift, ToolCallParser.swift, ToolSchemaGrammar.swift, AgentGraphMemory.swift, GhostBrainCoauthor.swift, GraphDataModel.swift, RecipeGraphSkills.swift, FallbackChainResolver.swift, OrchestratorState.swift, AgentDepthLimiter.swift, ContextBudgetManager.swift, ContextCompiler.swift, CostTracker.swift (in target 'Epistemos' from project 'Epistemos')

SwiftDriverJobDiscovery normal arm64 Emitting module for Epistemos (in target 'Epistemos' from project 'Epistemos')

SwiftDriver\ Compilation\ Requirements Epistemos normal arm64 com.apple.xcode.tools.swift.compiler (in target 'Epistemos' from project 'Epistemos')
    cd /Users/jojo/Downloads/Epistemos
    builtin-Swift-Compilation-Requirements -- /Applications/Xcode.app/Contents/Developer/Toolchains/XcodeDefault.xctoolchain/usr/bin/swiftc -module-name Epistemos -Onone @/Users/jojo/Library/Developer/Xcode/DerivedData/Epistemos-ctkiyqxaarezsccbouumxcpfxvtl/Build/Intermediates.noindex/Epistemos.build/Debug/Epistemos.build/Objects-normal/arm64/Epistemos.SwiftFileList -DDEBUG -DEPISTEMOS_LINK_SUBSTRATE_RT -Xcc -fmodule-map-file\=/Users/jojo/Library/Developer/Xcode/DerivedData/Epistemos-ctkiyqxaarezsccbouumxcpfxvtl/SourcePackages/checkouts/GRDB.swift/Sources/GRDBSQLite/module.modulemap -Xcc -fmodule-map-file\=/Users/jojo/Library/Developer/Xcode/DerivedData/Epistemos-ctkiyqxaarezsccbouumxcpfxvtl/Build/Intermediates.noindex/GeneratedModuleMaps/CNIOWASI.modulemap -Xcc -fmodule-map-file\=/Users/jojo/Library/Developer/Xcode/DerivedData/Epistemos-ctkiyqxaarezsccbouumxcpfxvtl/Build/Intermediates.noindex/GeneratedModuleMaps/CNIOLinux.modulemap -Xcc -fmodule-map-file\=/Users/jojo/Library/Developer/Xcode/DerivedData/Epistemos-ctkiyqxaarezsccbouumxcpfxvtl/Build/Intermediates.noindex/GeneratedModuleMaps/CNIODarwin.modulemap -Xcc -fmodule-map-file\=/Users/jojo/Library/Developer/Xcode/DerivedData/Epistemos-ctkiyqxaarezsccbouumxcpfxvtl/Build/Intermediates.noindex/GeneratedModuleMaps/CNIOOpenBSD.modulemap -Xcc -fmodule-map-file\=/Users/jojo/Library/Developer/Xcode/DerivedData/Epistemos-ctkiyqxaarezsccbouumxcpfxvtl/Build/Intermediates.noindex/GeneratedModuleMaps/CNIOAtomics.modulemap -Xcc -fmodule-map-file\=/Users/jojo/Library/Developer/Xcode/DerivedData/Epistemos-ctkiyqxaarezsccbouumxcpfxvtl/Build/Intermediates.noindex/GeneratedModuleMaps/Internal.modulemap -Xcc -fmodule-map-file\=/Users/jojo/Library/Developer/Xcode/DerivedData/Epistemos-ctkiyqxaarezsccbouumxcpfxvtl/Build/Intermediates.noindex/GeneratedModuleMaps/TreeSitter.modulemap -Xcc -fmodule-map-file\=/Users/jojo/Library/Developer/Xcode/DerivedData/Epistemos-ctkiyqxaarezsccbouumxcpfxvtl/Build/Intermediates.noindex/GeneratedModuleMaps/yyjson.modulemap -default-isolation\=MainActor -enable-experimental-feature DebugDescriptionMacro -sdk /Applications/Xcode.app/Contents/Developer/Platforms/MacOSX.platform/Developer/SDKs/MacOSX26.4.sdk -target arm64-apple-macos26.0 -g -module-cache-path /Users/jojo/Library/Developer/Xcode/DerivedData/ModuleCache.noindex -Xfrontend -serialize-debugging-options -enable-testing -index-store-path /Users/jojo/Library/Developer/Xcode/DerivedData/Epistemos-ctkiyqxaarezsccbouumxcpfxvtl/Index.noindex/DataStore -Xcc -D_LIBCPP_HARDENING_MODE\=_LIBCPP_HARDENING_MODE_DEBUG -swift-version 6 -I /Users/jojo/Library/Developer/Xcode/DerivedData/Epistemos-ctkiyqxaarezsccbouumxcpfxvtl/Build/Products/Debug -I /Users/jojo/Downloads/Epistemos/build-rust/swift-bindings/omega_mcpFFI -I /Users/jojo/Downloads/Epistemos/build-rust/swift-bindings/omega_axFFI -I /Users/jojo/Downloads/Epistemos/build-rust/swift-bindings/epistemos_coreFFI -I /Users/jojo/Downloads/Epistemos/build-rust/swift-bindings/agent_coreFFI -F /Users/jojo/Library/Developer/Xcode/DerivedData/Epistemos-ctkiyqxaarezsccbouumxcpfxvtl/Build/Products/Debug/PackageFrameworks -F /Users/jojo/Library/Developer/Xcode/DerivedData/Epistemos-ctkiyqxaarezsccbouumxcpfxvtl/Build/Products/Debug/PackageFrameworks -F /Users/jojo/Library/Developer/Xcode/DerivedData/Epistemos-ctkiyqxaarezsccbouumxcpfxvtl/Build/Products/Debug/PackageFrameworks -F /Users/jojo/Library/Developer/Xcode/DerivedData/Epistemos-ctkiyqxaarezsccbouumxcpfxvtl/Build/Products/Debug/PackageFrameworks -F /Users/jojo/Library/Developer/Xcode/DerivedData/Epistemos-ctkiyqxaarezsccbouumxcpfxvtl/Build/Products/Debug/PackageFrameworks -F /Users/jojo/Library/Developer/Xcode/DerivedData/Epistemos-ctkiyqxaarezsccbouumxcpfxvtl/Build/Products/Debug/PackageFrameworks -F /Users/jojo/Library/Developer/Xcode/DerivedData/Epistemos-ctkiyqxaarezsccbouumxcpfxvtl/Build/Products/Debug/PackageFrameworks -F /Users/jojo/Library/Developer/Xcode/DerivedData/Epistemos-ctkiyqxaarezsccbouumxcpfxvtl/Build/Products/Debug/PackageFrameworks -F /Users/jojo/Library/Developer/Xcode/DerivedData/Epistemos-ctkiyqxaarezsccbouumxcpfxvtl/Build/Products/Debug/PackageFrameworks -F /Users/jojo/Library/Developer/Xcode/DerivedData/Epistemos-ctkiyqxaarezsccbouumxcpfxvtl/Build/Products/Debug/PackageFrameworks -F /Users/jojo/Library/Developer/Xcode/DerivedData/Epistemos-ctkiyqxaarezsccbouumxcpfxvtl/Build/Products/Debug/PackageFrameworks -F /Users/jojo/Library/Developer/Xcode/DerivedData/Epistemos-ctkiyqxaarezsccbouumxcpfxvtl/Build/Products/Debug/PackageFrameworks -F /Users/jojo/Library/Developer/Xcode/DerivedData/Epistemos-ctkiyqxaarezsccbouumxcpfxvtl/Build/Products/Debug/PackageFrameworks -F /Users/jojo/Library/Developer/Xcode/DerivedData/Epistemos-ctkiyqxaarezsccbouumxcpfxvtl/Build/Products/Debug/PackageFrameworks -F /Users/jojo/Library/Developer/Xcode/DerivedData/Epistemos-ctkiyqxaarezsccbouumxcpfxvtl/Build/Products/Debug/PackageFrameworks -F /Users/jojo/Library/Developer/Xcode/DerivedData/Epistemos-ctkiyqxaarezsccbouumxcpfxvtl/Build/Products/Debug/PackageFrameworks -F /Users/jojo/Library/Developer/Xcode/DerivedData/Epistemos-ctkiyqxaarezsccbouumxcpfxvtl/Build/Products/Debug/PackageFrameworks -F /Users/jojo/Library/Developer/Xcode/DerivedData/Epistemos-ctkiyqxaarezsccbouumxcpfxvtl/Build/Products/Debug/PackageFrameworks -F /Users/jojo/Library/Developer/Xcode/DerivedData/Epistemos-ctkiyqxaarezsccbouumxcpfxvtl/Build/Products/Debug/PackageFrameworks -F /Users/jojo/Library/Developer/Xcode/DerivedData/Epistemos-ctkiyqxaarezsccbouumxcpfxvtl/Build/Products/Debug/PackageFrameworks -F /Users/jojo/Library/Developer/Xcode/DerivedData/Epistemos-ctkiyqxaarezsccbouumxcpfxvtl/Build/Products/Debug/PackageFrameworks -F /Users/jojo/Library/Developer/Xcode/DerivedData/Epistemos-ctkiyqxaarezsccbouumxcpfxvtl/Build/Products/Debug/PackageFrameworks -F /Users/jojo/Library/Developer/Xcode/DerivedData/Epistemos-ctkiyqxaarezsccbouumxcpfxvtl/Build/Products/Debug/PackageFrameworks -F /Users/jojo/Library/Developer/Xcode/DerivedData/Epistemos-ctkiyqxaarezsccbouumxcpfxvtl/Build/Products/Debug/PackageFrameworks -F /Users/jojo/Library/Developer/Xcode/DerivedData/Epistemos-ctkiyqxaarezsccbouumxcpfxvtl/Build/Products/Debug/PackageFrameworks -F /Users/jojo/Library/Developer/Xcode/DerivedData/Epistemos-ctkiyqxaarezsccbouumxcpfxvtl/Build/Products/Debug/PackageFrameworks -F /Users/jojo/Library/Developer/Xcode/DerivedData/Epistemos-ctkiyqxaarezsccbouumxcpfxvtl/Build/Products/Debug/PackageFrameworks -F /Users/jojo/Library/Developer/Xcode/DerivedData/Epistemos-ctkiyqxaarezsccbouumxcpfxvtl/Build/Products/Debug/PackageFrameworks -F /Users/jojo/Library/Developer/Xcode/DerivedData/Epistemos-ctkiyqxaarezsccbouumxcpfxvtl/Build/Products/Debug/PackageFrameworks -F /Users/jojo/Library/Developer/Xcode/DerivedData/Epistemos-ctkiyqxaarezsccbouumxcpfxvtl/Build/Products/Debug/PackageFrameworks -F /Users/jojo/Library/Developer/Xcode/DerivedData/Epistemos-ctkiyqxaarezsccbouumxcpfxvtl/Build/Products/Debug/PackageFrameworks -F /Users/jojo/Library/Developer/Xcode/DerivedData/Epistemos-ctkiyqxaarezsccbouumxcpfxvtl/Build/Products/Debug/PackageFrameworks -F /Users/jojo/Library/Developer/Xcode/DerivedData/Epistemos-ctkiyqxaarezsccbouumxcpfxvtl/Build/Products/Debug/PackageFrameworks -F /Users/jojo/Library/Developer/Xcode/DerivedData/Epistemos-ctkiyqxaarezsccbouumxcpfxvtl/Build/Products/Debug/PackageFrameworks -F /Users/jojo/Library/Developer/Xcode/DerivedData/Epistemos-ctkiyqxaarezsccbouumxcpfxvtl/Build/Products/Debug/PackageFrameworks -F /Users/jojo/Library/Developer/Xcode/DerivedData/Epistemos-ctkiyqxaarezsccbouumxcpfxvtl/Build/Products/Debug/PackageFrameworks -F /Users/jojo/Library/Developer/Xcode/DerivedData/Epistemos-ctkiyqxaarezsccbouumxcpfxvtl/Build/Products/Debug/PackageFrameworks -F /Users/jojo/Library/Developer/Xcode/DerivedData/Epistemos-ctkiyqxaarezsccbouumxcpfxvtl/Build/Products/Debug/PackageFrameworks -F /Users/jojo/Library/Developer/Xcode/DerivedData/Epistemos-ctkiyqxaarezsccbouumxcpfxvtl/Build/Products/Debug/PackageFrameworks -F /Users/jojo/Library/Developer/Xcode/DerivedData/Epistemos-ctkiyqxaarezsccbouumxcpfxvtl/Build/Products/Debug/PackageFrameworks -F /Users/jojo/Library/Developer/Xcode/DerivedData/Epistemos-ctkiyqxaarezsccbouumxcpfxvtl/Build/Products/Debug/PackageFrameworks -F /Users/jojo/Library/Developer/Xcode/DerivedData/Epistemos-ctkiyqxaarezsccbouumxcpfxvtl/Build/Products/Debug/PackageFrameworks -F /Users/jojo/Library/Developer/Xcode/DerivedData/Epistemos-ctkiyqxaarezsccbouumxcpfxvtl/Build/Products/Debug/PackageFrameworks -F /Users/jojo/Library/Developer/Xcode/DerivedData/Epistemos-ctkiyqxaarezsccbouumxcpfxvtl/Build/Products/Debug/PackageFrameworks -F /Users/jojo/Library/Developer/Xcode/DerivedData/Epistemos-ctkiyqxaarezsccbouumxcpfxvtl/Build/Products/Debug/PackageFrameworks -F /Users/jojo/Library/Developer/Xcode/DerivedData/Epistemos-ctkiyqxaarezsccbouumxcpfxvtl/Build/Products/Debug/PackageFrameworks -F /Users/jojo/Library/Developer/Xcode/DerivedData/Epistemos-ctkiyqxaarezsccbouumxcpfxvtl/Build/Products/Debug/PackageFrameworks -F /Users/jojo/Library/Developer/Xcode/DerivedData/Epistemos-ctkiyqxaarezsccbouumxcpfxvtl/Build/Products/Debug/PackageFrameworks -F /Users/jojo/Library/Developer/Xcode/DerivedData/Epistemos-ctkiyqxaarezsccbouumxcpfxvtl/Build/Products/Debug/PackageFrameworks -F /Users/jojo/Library/Developer/Xcode/DerivedData/Epistemos-ctkiyqxaarezsccbouumxcpfxvtl/Build/Products/Debug/PackageFrameworks -F /Users/jojo/Library/Developer/Xcode/DerivedData/Epistemos-ctkiyqxaarezsccbouumxcpfxvtl/Build/Products/Debug/PackageFrameworks -F /Users/jojo/Library/Developer/Xcode/DerivedData/Epistemos-ctkiyqxaarezsccbouumxcpfxvtl/Build/Products/Debug/PackageFrameworks -F /Users/jojo/Library/Developer/Xcode/DerivedData/Epistemos-ctkiyqxaarezsccbouumxcpfxvtl/Build/Products/Debug/PackageFrameworks -F /Users/jojo/Library/Developer/Xcode/DerivedData/Epistemos-ctkiyqxaarezsccbouumxcpfxvtl/Build/Products/Debug/PackageFrameworks -F /Users/jojo/Library/Developer/Xcode/DerivedData/Epistemos-ctkiyqxaarezsccbouumxcpfxvtl/Build/Products/Debug/PackageFrameworks -F /Users/jojo/Library/Developer/Xcode/DerivedData/Epistemos-ctkiyqxaarezsccbouumxcpfxvtl/Build/Products/Debug/PackageFrameworks -F /Users/jojo/Library/Developer/Xcode/DerivedData/Epistemos-ctkiyqxaarezsccbouumxcpfxvtl/Build/Products/Debug/PackageFrameworks -F /Users/jojo/Library/Developer/Xcode/DerivedData/Epistemos-ctkiyqxaarezsccbouumxcpfxvtl/Build/Products/Debug/PackageFrameworks -F /Users/jojo/Library/Developer/Xcode/DerivedData/Epistemos-ctkiyqxaarezsccbouumxcpfxvtl/Build/Products/Debug/PackageFrameworks -F /Users/jojo/Library/Developer/Xcode/DerivedData/Epistemos-ctkiyqxaarezsccbouumxcpfxvtl/Build/Products/Debug/PackageFrameworks -F /Users/jojo/Library/Developer/Xcode/DerivedData/Epistemos-ctkiyqxaarezsccbouumxcpfxvtl/Build/Products/Debug/PackageFrameworks -F /Users/jojo/Library/Developer/Xcode/DerivedData/Epistemos-ctkiyqxaarezsccbouumxcpfxvtl/Build/Products/Debug/PackageFrameworks -F /Users/jojo/Library/Developer/Xcode/DerivedData/Epistemos-ctkiyqxaarezsccbouumxcpfxvtl/Build/Products/Debug -emit-localized-strings -emit-localized-strings-path /Users/jojo/Library/Developer/Xcode/DerivedData/Epistemos-ctkiyqxaarezsccbouumxcpfxvtl/Build/Intermediates.noindex/Epistemos.build/Debug/Epistemos.build/Objects-normal/arm64 -c -j12 -enable-batch-mode -incremental -Xcc -ivfsstatcache -Xcc /Users/jojo/Library/Developer/Xcode/DerivedData/SDKStatCaches.noindex/macosx26.4-25E251-688ef53f1462e2c8f657fdc38a81448f30f9ca8789b706f8bd3fc906a70d770f.sdkstatcache -output-file-map /Users/jojo/Library/Developer/Xcode/DerivedData/Epistemos-ctkiyqxaarezsccbouumxcpfxvtl/Build/Intermediates.noindex/Epistemos.build/Debug/Epistemos.build/Objects-normal/arm64/Epistemos-OutputFileMap.json -use-frontend-parseable-output -save-temps -no-color-diagnostics -explicit-module-build -module-cache-path /Users/jojo/Library/Developer/Xcode/DerivedData/Epistemos-ctkiyqxaarezsccbouumxcpfxvtl/Build/Intermediates.noindex/SwiftExplicitPrecompiledModules -clang-scanner-module-cache-path /Users/jojo/Library/Developer/Xcode/DerivedData/ModuleCache.noindex -sdk-module-cache-path /Users/jojo/Library/Developer/Xcode/DerivedData/ModuleCache.noindex -serialize-diagnostics -emit-dependencies -emit-module -emit-module-path /Users/jojo/Library/Developer/Xcode/DerivedData/Epistemos-ctkiyqxaarezsccbouumxcpfxvtl/Build/Intermediates.noindex/Epistemos.build/Debug/Epistemos.build/Objects-normal/arm64/Epistemos.swiftmodule -validate-clang-modules-once -clang-build-session-file /Users/jojo/Library/Developer/Xcode/DerivedData/ModuleCache.noindex/Session.modulevalidation -Xcc -I/Users/jojo/Library/Developer/Xcode/DerivedData/Epistemos-ctkiyqxaarezsccbouumxcpfxvtl/Build/Intermediates.noindex/Epistemos.build/Debug/Epistemos.build/swift-overrides.hmap -emit-const-values -Xfrontend -const-gather-protocols-file -Xfrontend /Users/jojo/Library/Developer/Xcode/DerivedData/Epistemos-ctkiyqxaarezsccbouumxcpfxvtl/Build/Intermediates.noindex/Epistemos.build/Debug/Epistemos.build/Objects-normal/arm64/Epistemos_const_extract_protocols.json -Xcc -iquote -Xcc /Users/jojo/Library/Developer/Xcode/DerivedData/Epistemos-ctkiyqxaarezsccbouumxcpfxvtl/Build/Intermediates.noindex/Epistemos.build/Debug/Epistemos.build/Epistemos-generated-files.hmap -Xcc -I/Users/jojo/Library/Developer/Xcode/DerivedData/Epistemos-ctkiyqxaarezsccbouumxcpfxvtl/Build/Intermediates.noindex/Epistemos.build/Debug/Epistemos.build/Epistemos-own-target-headers.hmap -Xcc -I/Users/jojo/Library/Developer/Xcode/DerivedData/Epistemos-ctkiyqxaarezsccbouumxcpfxvtl/Build/Intermediates.noindex/Epistemos.build/Debug/Epistemos.build/Epistemos-all-non-framework-target-headers.hmap -Xcc -ivfsoverlay -Xcc /Users/jojo/Library/Developer/Xcode/DerivedData/Epistemos-ctkiyqxaarezsccbouumxcpfxvtl/Build/Intermediates.noindex/Epistemos.build/Debug/Epistemos-98f5f0daaeb3c27bd64a622cabaed3f2-VFS/all-product-headers.yaml -Xcc -iquote -Xcc /Users/jojo/Library/Developer/Xcode/DerivedData/Epistemos-ctkiyqxaarezsccbouumxcpfxvtl/Build/Intermediates.noindex/Epistemos.build/Debug/Epistemos.build/Epistemos-project-headers.hmap -Xcc -I/Users/jojo/Library/Developer/Xcode/DerivedData/Epistemos-ctkiyqxaarezsccbouumxcpfxvtl/SourcePackages/checkouts/swift-atomics/Sources/_AtomicsShims/include -Xcc -I/Users/jojo/Library/Developer/Xcode/DerivedData/Epistemos-ctkiyqxaarezsccbouumxcpfxvtl/SourcePackages/checkouts/swift-nio/Sources/CNIOWASI/include -Xcc -I/Users/jojo/Library/Developer/Xcode/DerivedData/Epistemos-ctkiyqxaarezsccbouumxcpfxvtl/SourcePackages/checkouts/swift-nio/Sources/CNIOWindows/include -Xcc -I/Users/jojo/Library/Developer/Xcode/DerivedData/Epistemos-ctkiyqxaarezsccbouumxcpfxvtl/SourcePackages/checkouts/swift-nio/Sources/CNIOLinux/include -Xcc -I/Users/jojo/Library/Developer/Xcode/DerivedData/Epistemos-ctkiyqxaarezsccbouumxcpfxvtl/SourcePackages/checkouts/swift-nio/Sources/CNIODarwin/include -Xcc -I/Users/jojo/Library/Developer/Xcode/DerivedData/Epistemos-ctkiyqxaarezsccbouumxcpfxvtl/SourcePackages/checkouts/swift-nio/Sources/CNIOOpenBSD/include -Xcc -I/Users/jojo/Library/Developer/Xcode/DerivedData/Epistemos-ctkiyqxaarezsccbouumxcpfxvtl/SourcePackages/checkouts/swift-nio/Sources/CNIOAtomics/include -Xcc -I/Users/jojo/Library/Developer/Xcode/DerivedData/Epistemos-ctkiyqxaarezsccbouumxcpfxvtl/SourcePackages/checkouts/swift-numerics/Sources/_NumericsShims/include -Xcc -I/Users/jojo/Library/Developer/Xcode/DerivedData/Epistemos-ctkiyqxaarezsccbouumxcpfxvtl/SourcePackages/checkouts/mlx-swift/Source/Cmlx/include -Xcc -I/Users/jojo/Library/Developer/Xcode/DerivedData/Epistemos-ctkiyqxaarezsccbouumxcpfxvtl/SourcePackages/checkouts/CodeEditTextView/Sources/CodeEditTextViewObjC/include -Xcc -I/Users/jojo/Library/Developer/Xcode/DerivedData/Epistemos-ctkiyqxaarezsccbouumxcpfxvtl/SourcePackages/checkouts/TextStory/Sources/Internal -Xcc -I/Users/jojo/Library/Developer/Xcode/DerivedData/Epistemos-ctkiyqxaarezsccbouumxcpfxvtl/SourcePackages/checkouts/tree-sitter/lib/include -Xcc -I/Users/jojo/Library/Developer/Xcode/DerivedData/Epistemos-ctkiyqxaarezsccbouumxcpfxvtl/SourcePackages/checkouts/yyjson/src -Xcc -I/Users/jojo/Library/Developer/Xcode/DerivedData/Epistemos-ctkiyqxaarezsccbouumxcpfxvtl/SourcePackages/checkouts/mlx-swift-structured/Sources/CMLXStructured/include -Xcc -I/Users/jojo/Library/Developer/Xcode/DerivedData/Epistemos-ctkiyqxaarezsccbouumxcpfxvtl/Build/Products/Debug/include -Xcc -I/Users/jojo/Library/Developer/Xcode/DerivedData/Epistemos-ctkiyqxaarezsccbouumxcpfxvtl/Build/Intermediates.noindex/Epistemos.build/Debug/Epistemos.build/DerivedSources-normal/arm64 -Xcc -I/Users/jojo/Library/Developer/Xcode/DerivedData/Epistemos-ctkiyqxaarezsccbouumxcpfxvtl/Build/Intermediates.noindex/Epistemos.build/Debug/Epistemos.build/DerivedSources/arm64 -Xcc -I/Users/jojo/Library/Developer/Xcode/DerivedData/Epistemos-ctkiyqxaarezsccbouumxcpfxvtl/Build/Intermediates.noindex/Epistemos.build/Debug/Epistemos.build/DerivedSources -Xcc -DDEBUG\=1 -emit-objc-header -emit-objc-header-path /Users/jojo/Library/Developer/Xcode/DerivedData/Epistemos-ctkiyqxaarezsccbouumxcpfxvtl/Build/Intermediates.noindex/Epistemos.build/Debug/Epistemos.build/Objects-normal/arm64/Epistemos-Swift.h -import-objc-header /Users/jojo/Downloads/Epistemos/Epistemos-Bridging-Header.h -working-directory /Users/jojo/Downloads/Epistemos -experimental-emit-module-separately -disable-cmo

Copy /Users/jojo/Library/Developer/Xcode/DerivedData/Epistemos-ctkiyqxaarezsccbouumxcpfxvtl/Build/Products/Debug/Epistemos.swiftmodule/Project/arm64-apple-macos.swiftsourceinfo /Users/jojo/Library/Developer/Xcode/DerivedData/Epistemos-ctkiyqxaarezsccbouumxcpfxvtl/Build/Intermediates.noindex/Epistemos.build/Debug/Epistemos.build/Objects-normal/arm64/Epistemos.swiftsourceinfo (in target 'Epistemos' from project 'Epistemos')
    cd /Users/jojo/Downloads/Epistemos
    builtin-copy -exclude .DS_Store -exclude CVS -exclude .svn -exclude .git -exclude .hg -resolve-src-symlinks -rename /Users/jojo/Library/Developer/Xcode/DerivedData/Epistemos-ctkiyqxaarezsccbouumxcpfxvtl/Build/Intermediates.noindex/Epistemos.build/Debug/Epistemos.build/Objects-normal/arm64/Epistemos.swiftsourceinfo /Users/jojo/Library/Developer/Xcode/DerivedData/Epistemos-ctkiyqxaarezsccbouumxcpfxvtl/Build/Products/Debug/Epistemos.swiftmodule/Project/arm64-apple-macos.swiftsourceinfo

Copy /Users/jojo/Library/Developer/Xcode/DerivedData/Epistemos-ctkiyqxaarezsccbouumxcpfxvtl/Build/Products/Debug/Epistemos.swiftmodule/arm64-apple-macos.abi.json /Users/jojo/Library/Developer/Xcode/DerivedData/Epistemos-ctkiyqxaarezsccbouumxcpfxvtl/Build/Intermediates.noindex/Epistemos.build/Debug/Epistemos.build/Objects-normal/arm64/Epistemos.abi.json (in target 'Epistemos' from project 'Epistemos')
    cd /Users/jojo/Downloads/Epistemos
    builtin-copy -exclude .DS_Store -exclude CVS -exclude .svn -exclude .git -exclude .hg -resolve-src-symlinks -rename /Users/jojo/Library/Developer/Xcode/DerivedData/Epistemos-ctkiyqxaarezsccbouumxcpfxvtl/Build/Intermediates.noindex/Epistemos.build/Debug/Epistemos.build/Objects-normal/arm64/Epistemos.abi.json /Users/jojo/Library/Developer/Xcode/DerivedData/Epistemos-ctkiyqxaarezsccbouumxcpfxvtl/Build/Products/Debug/Epistemos.swiftmodule/arm64-apple-macos.abi.json

SwiftDriverJobDiscovery normal arm64 Compiling SystemSearchIntent.swift, UndoableNoteIntents.swift, VisualIntelligenceIntents.swift, WordProcessorIntents.swift, EpistemosShortcutsProvider.swift, AdapterExporter.swift, AdapterLoader.swift, AdapterRegistry.swift, AdapterRouter.swift, MoLoRARouter.swift, CSISafeguard.swift, FeedbackLogger.swift, KTOTrainer.swift, TrainingScheduler.swift, AutoresearchLoop.swift, ExperimentTracker.swift, MetricEvaluator.swift, AudioRecorder.swift, AudioTranscriber.swift, DocumentChunker.swift, VaultParser.swift, MoLoRAInferenceService.swift, RepoAnalyzer.swift, SkillGenerator.swift (in target 'Epistemos' from project 'Epistemos')

SwiftDriverJobDiscovery normal arm64 Compiling AgentSessionLineageStore.swift, ChatTranscriptVaultWriter.swift, ContradictionDetectionService.swift, ConversationPersistence.swift, FirstRunBootstrap.swift, KnowledgeGraphPayload.swift, LiveNoteExecutor.swift, LiveNoteScanner.swift, SessionBrowser.swift, SkillAuthoringDraft.swift, SkillDiscoveryCatalog.swift, SkillEvolutionService.swift, SSMStateService.swift, VaultChatMutator.swift, VaultLifecycleService.swift, VaultRegistry.swift, VaultRecallContract.swift, VaultRecallWiring.swift, ApprovalModalView.swift, QuickCaptureView.swift, TraceInspectorView.swift, AgentRunTimelineView.swift, AnswerPacketBadge.swift, ArtifactBlockView.swift (in target 'Epistemos' from project 'Epistemos')

SwiftDriverJobDiscovery normal arm64 Compiling ANEBackend.swift, AnswerPacketEmitter.swift, AppleIntelligenceService.swift, ArenaBridge.swift, ArenaPathResolver.swift, ArtifactExtractor.swift, BackendRuntimeContract.swift, BlockEditTranslator.swift, CapabilityManifestBuilder.swift, ChatCodeExtractor.swift, ChatCompactor.swift, CloudProviderAuthService.swift, CodeEditorContentDebouncer.swift, CodeFileService.swift, CognitiveDepthOverlay.swift, CommandCenterRequestCompiler.swift, CommandInputParser.swift, ComposerVoiceInputService.swift, ConversationStateClassifier.swift, CredentialPool.swift, DataDetectionService.swift, DataviewService.swift, DeterministicPRNG.swift, EpdocBlockTemplateStore.swift, EpdocComplexityCalculator.swift (in target 'Epistemos' from project 'Epistemos')

SwiftDriverJobDiscovery normal arm64 Compiling NoteWindowManager.swift, OutlineNavigatorView.swift, PageEditorCache.swift, ProseEditorRepresentable2.swift, ProseEditorView.swift, ProseTextView2.swift, SegmentedIndentationGuideView.swift, TransclusionOverlayManager2.swift, VaultChangesPanel.swift, VaultOrganizerView.swift, VersionTimeline.swift, WebKitCodeEditorView.swift, WeightedContextEngine.swift, WritingToolsBridge.swift, AgentModeUnavailableView.swift, ConfirmationSheet.swift, ExecutionProgressView.swift, OmegaPanel.swift, ResearchRequestView.swift, TaskInputBar.swift, SetupAssistantView.swift, VaultReprompSheet.swift, RawThoughtsInspectorView.swift, RawThoughtsSection.swift (in target 'Epistemos' from project 'Epistemos')

SwiftDriverJobDiscovery normal arm64 Compiling CompanionRestoreSheet.swift, CompanionRoamingField.swift, CompanionView.swift, LandingFarmView.swift, NotesSidebarSkin.swift, LandingView.swift, LiquidGreeting.swift, PixelSurfaceComponents.swift, QuitSavePanelController.swift, SessionIntelligenceOverlay.swift, TimeMachineView.swift, WorkspaceSwitcherOverlay.swift, MiniChatView.swift, MiniChatWindowController.swift, ModelGraphFilterView.swift, ModelProfileCreationSheet.swift, ModelProfileDetailView.swift, ModelProfileSidebar.swift, AIPartnerControlPanel.swift, AIPartnerInlineView.swift, AIPartnerService.swift, BlockPropertySheet.swift, BlockRefAutocomplete2.swift, CodeAskBar.swift (in target 'Epistemos' from project 'Epistemos')

SwiftDriverJobDiscovery normal arm64 Compiling agent_core.swift, NoteCard.swift, Catalog.swift, Validator.swift, ACSAdmissionWiring.swift, AppBootstrap.swift, AppBootstrap+Prewarm.swift, AppCoordinator.swift, AppEnvironment.swift, AppGroupContainer.swift, ChatCoordinator.swift, ChatCoordinator+EidosCitationGate.swift, EpistemosApp.swift, EpistemosDocumentController.swift, HomeWindowInputDiagnostics.swift, RootView.swift, StatusBar.swift, SystemAppearanceObserver.swift, UtilityWindowManager.swift, AppStoreComputerUseStubs.swift, ChunkedMCPFraming.swift, ClarifyPromptBridge.swift, ComputerUseBridge.swift, CoTStreamInterceptor.swift, GenUICardPresenter.swift (in target 'Epistemos' from project 'Epistemos')

SwiftDriverJobDiscovery normal arm64 Compiling CodeEditorView.swift, CodeLineGutter.swift, DiffSheetView.swift, EditableTransclusionView.swift, EditorBreadcrumbBar.swift, FocusedResponsePanel.swift, HexViewerView.swift, InlineResponseHighlighter.swift, LineBreakdownPanel.swift, LineDiff.swift, MarkdownContentStorage.swift, MarkdownEditorCommands.swift, MarkdownEditorStyle.swift, MarkdownLayoutFragment.swift, ModelInvolvementSheet.swift, ModelVaultBrowserSheet.swift, ModelVaultsSidebarSection.swift, NoteBacklinksPanel.swift, NoteChatSidebar.swift, NoteDetailWorkspaceView.swift, NoteImageProcessor.swift, NotesBrowserView.swift, NotesSidebar.swift, NoteTableOfContents.swift (in target 'Epistemos' from project 'Epistemos')

SwiftDriver\ Compilation Epistemos normal arm64 com.apple.xcode.tools.swift.compiler (in target 'Epistemos' from project 'Epistemos')
    cd /Users/jojo/Downloads/Epistemos
    builtin-Swift-Compilation -- /Applications/Xcode.app/Contents/Developer/Toolchains/XcodeDefault.xctoolchain/usr/bin/swiftc -module-name Epistemos -Onone @/Users/jojo/Library/Developer/Xcode/DerivedData/Epistemos-ctkiyqxaarezsccbouumxcpfxvtl/Build/Intermediates.noindex/Epistemos.build/Debug/Epistemos.build/Objects-normal/arm64/Epistemos.SwiftFileList -DDEBUG -DEPISTEMOS_LINK_SUBSTRATE_RT -Xcc -fmodule-map-file\=/Users/jojo/Library/Developer/Xcode/DerivedData/Epistemos-ctkiyqxaarezsccbouumxcpfxvtl/SourcePackages/checkouts/GRDB.swift/Sources/GRDBSQLite/module.modulemap -Xcc -fmodule-map-file\=/Users/jojo/Library/Developer/Xcode/DerivedData/Epistemos-ctkiyqxaarezsccbouumxcpfxvtl/Build/Intermediates.noindex/GeneratedModuleMaps/CNIOWASI.modulemap -Xcc -fmodule-map-file\=/Users/jojo/Library/Developer/Xcode/DerivedData/Epistemos-ctkiyqxaarezsccbouumxcpfxvtl/Build/Intermediates.noindex/GeneratedModuleMaps/CNIOLinux.modulemap -Xcc -fmodule-map-file\=/Users/jojo/Library/Developer/Xcode/DerivedData/Epistemos-ctkiyqxaarezsccbouumxcpfxvtl/Build/Intermediates.noindex/GeneratedModuleMaps/CNIODarwin.modulemap -Xcc -fmodule-map-file\=/Users/jojo/Library/Developer/Xcode/DerivedData/Epistemos-ctkiyqxaarezsccbouumxcpfxvtl/Build/Intermediates.noindex/GeneratedModuleMaps/CNIOOpenBSD.modulemap -Xcc -fmodule-map-file\=/Users/jojo/Library/Developer/Xcode/DerivedData/Epistemos-ctkiyqxaarezsccbouumxcpfxvtl/Build/Intermediates.noindex/GeneratedModuleMaps/CNIOAtomics.modulemap -Xcc -fmodule-map-file\=/Users/jojo/Library/Developer/Xcode/DerivedData/Epistemos-ctkiyqxaarezsccbouumxcpfxvtl/Build/Intermediates.noindex/GeneratedModuleMaps/Internal.modulemap -Xcc -fmodule-map-file\=/Users/jojo/Library/Developer/Xcode/DerivedData/Epistemos-ctkiyqxaarezsccbouumxcpfxvtl/Build/Intermediates.noindex/GeneratedModuleMaps/TreeSitter.modulemap -Xcc -fmodule-map-file\=/Users/jojo/Library/Developer/Xcode/DerivedData/Epistemos-ctkiyqxaarezsccbouumxcpfxvtl/Build/Intermediates.noindex/GeneratedModuleMaps/yyjson.modulemap -default-isolation\=MainActor -enable-experimental-feature DebugDescriptionMacro -sdk /Applications/Xcode.app/Contents/Developer/Platforms/MacOSX.platform/Developer/SDKs/MacOSX26.4.sdk -target arm64-apple-macos26.0 -g -module-cache-path /Users/jojo/Library/Developer/Xcode/DerivedData/ModuleCache.noindex -Xfrontend -serialize-debugging-options -enable-testing -index-store-path /Users/jojo/Library/Developer/Xcode/DerivedData/Epistemos-ctkiyqxaarezsccbouumxcpfxvtl/Index.noindex/DataStore -Xcc -D_LIBCPP_HARDENING_MODE\=_LIBCPP_HARDENING_MODE_DEBUG -swift-version 6 -I /Users/jojo/Library/Developer/Xcode/DerivedData/Epistemos-ctkiyqxaarezsccbouumxcpfxvtl/Build/Products/Debug -I /Users/jojo/Downloads/Epistemos/build-rust/swift-bindings/omega_mcpFFI -I /Users/jojo/Downloads/Epistemos/build-rust/swift-bindings/omega_axFFI -I /Users/jojo/Downloads/Epistemos/build-rust/swift-bindings/epistemos_coreFFI -I /Users/jojo/Downloads/Epistemos/build-rust/swift-bindings/agent_coreFFI -F /Users/jojo/Library/Developer/Xcode/DerivedData/Epistemos-ctkiyqxaarezsccbouumxcpfxvtl/Build/Products/Debug/PackageFrameworks -F /Users/jojo/Library/Developer/Xcode/DerivedData/Epistemos-ctkiyqxaarezsccbouumxcpfxvtl/Build/Products/Debug/PackageFrameworks -F /Users/jojo/Library/Developer/Xcode/DerivedData/Epistemos-ctkiyqxaarezsccbouumxcpfxvtl/Build/Products/Debug/PackageFrameworks -F /Users/jojo/Library/Developer/Xcode/DerivedData/Epistemos-ctkiyqxaarezsccbouumxcpfxvtl/Build/Products/Debug/PackageFrameworks -F /Users/jojo/Library/Developer/Xcode/DerivedData/Epistemos-ctkiyqxaarezsccbouumxcpfxvtl/Build/Products/Debug/PackageFrameworks -F /Users/jojo/Library/Developer/Xcode/DerivedData/Epistemos-ctkiyqxaarezsccbouumxcpfxvtl/Build/Products/Debug/PackageFrameworks -F /Users/jojo/Library/Developer/Xcode/DerivedData/Epistemos-ctkiyqxaarezsccbouumxcpfxvtl/Build/Products/Debug/PackageFrameworks -F /Users/jojo/Library/Developer/Xcode/DerivedData/Epistemos-ctkiyqxaarezsccbouumxcpfxvtl/Build/Products/Debug/PackageFrameworks -F /Users/jojo/Library/Developer/Xcode/DerivedData/Epistemos-ctkiyqxaarezsccbouumxcpfxvtl/Build/Products/Debug/PackageFrameworks -F /Users/jojo/Library/Developer/Xcode/DerivedData/Epistemos-ctkiyqxaarezsccbouumxcpfxvtl/Build/Products/Debug/PackageFrameworks -F /Users/jojo/Library/Developer/Xcode/DerivedData/Epistemos-ctkiyqxaarezsccbouumxcpfxvtl/Build/Products/Debug/PackageFrameworks -F /Users/jojo/Library/Developer/Xcode/DerivedData/Epistemos-ctkiyqxaarezsccbouumxcpfxvtl/Build/Products/Debug/PackageFrameworks -F /Users/jojo/Library/Developer/Xcode/DerivedData/Epistemos-ctkiyqxaarezsccbouumxcpfxvtl/Build/Products/Debug/PackageFrameworks -F /Users/jojo/Library/Developer/Xcode/DerivedData/Epistemos-ctkiyqxaarezsccbouumxcpfxvtl/Build/Products/Debug/PackageFrameworks -F /Users/jojo/Library/Developer/Xcode/DerivedData/Epistemos-ctkiyqxaarezsccbouumxcpfxvtl/Build/Products/Debug/PackageFrameworks -F /Users/jojo/Library/Developer/Xcode/DerivedData/Epistemos-ctkiyqxaarezsccbouumxcpfxvtl/Build/Products/Debug/PackageFrameworks -F /Users/jojo/Library/Developer/Xcode/DerivedData/Epistemos-ctkiyqxaarezsccbouumxcpfxvtl/Build/Products/Debug/PackageFrameworks -F /Users/jojo/Library/Developer/Xcode/DerivedData/Epistemos-ctkiyqxaarezsccbouumxcpfxvtl/Build/Products/Debug/PackageFrameworks -F /Users/jojo/Library/Developer/Xcode/DerivedData/Epistemos-ctkiyqxaarezsccbouumxcpfxvtl/Build/Products/Debug/PackageFrameworks -F /Users/jojo/Library/Developer/Xcode/DerivedData/Epistemos-ctkiyqxaarezsccbouumxcpfxvtl/Build/Products/Debug/PackageFrameworks -F /Users/jojo/Library/Developer/Xcode/DerivedData/Epistemos-ctkiyqxaarezsccbouumxcpfxvtl/Build/Products/Debug/PackageFrameworks -F /Users/jojo/Library/Developer/Xcode/DerivedData/Epistemos-ctkiyqxaarezsccbouumxcpfxvtl/Build/Products/Debug/PackageFrameworks -F /Users/jojo/Library/Developer/Xcode/DerivedData/Epistemos-ctkiyqxaarezsccbouumxcpfxvtl/Build/Products/Debug/PackageFrameworks -F /Users/jojo/Library/Developer/Xcode/DerivedData/Epistemos-ctkiyqxaarezsccbouumxcpfxvtl/Build/Products/Debug/PackageFrameworks -F /Users/jojo/Library/Developer/Xcode/DerivedData/Epistemos-ctkiyqxaarezsccbouumxcpfxvtl/Build/Products/Debug/PackageFrameworks -F /Users/jojo/Library/Developer/Xcode/DerivedData/Epistemos-ctkiyqxaarezsccbouumxcpfxvtl/Build/Products/Debug/PackageFrameworks -F /Users/jojo/Library/Developer/Xcode/DerivedData/Epistemos-ctkiyqxaarezsccbouumxcpfxvtl/Build/Products/Debug/PackageFrameworks -F /Users/jojo/Library/Developer/Xcode/DerivedData/Epistemos-ctkiyqxaarezsccbouumxcpfxvtl/Build/Products/Debug/PackageFrameworks -F /Users/jojo/Library/Developer/Xcode/DerivedData/Epistemos-ctkiyqxaarezsccbouumxcpfxvtl/Build/Products/Debug/PackageFrameworks -F /Users/jojo/Library/Developer/Xcode/DerivedData/Epistemos-ctkiyqxaarezsccbouumxcpfxvtl/Build/Products/Debug/PackageFrameworks -F /Users/jojo/Library/Developer/Xcode/DerivedData/Epistemos-ctkiyqxaarezsccbouumxcpfxvtl/Build/Products/Debug/PackageFrameworks -F /Users/jojo/Library/Developer/Xcode/DerivedData/Epistemos-ctkiyqxaarezsccbouumxcpfxvtl/Build/Products/Debug/PackageFrameworks -F /Users/jojo/Library/Developer/Xcode/DerivedData/Epistemos-ctkiyqxaarezsccbouumxcpfxvtl/Build/Products/Debug/PackageFrameworks -F /Users/jojo/Library/Developer/Xcode/DerivedData/Epistemos-ctkiyqxaarezsccbouumxcpfxvtl/Build/Products/Debug/PackageFrameworks -F /Users/jojo/Library/Developer/Xcode/DerivedData/Epistemos-ctkiyqxaarezsccbouumxcpfxvtl/Build/Products/Debug/PackageFrameworks -F /Users/jojo/Library/Developer/Xcode/DerivedData/Epistemos-ctkiyqxaarezsccbouumxcpfxvtl/Build/Products/Debug/PackageFrameworks -F /Users/jojo/Library/Developer/Xcode/DerivedData/Epistemos-ctkiyqxaarezsccbouumxcpfxvtl/Build/Products/Debug/PackageFrameworks -F /Users/jojo/Library/Developer/Xcode/DerivedData/Epistemos-ctkiyqxaarezsccbouumxcpfxvtl/Build/Products/Debug/PackageFrameworks -F /Users/jojo/Library/Developer/Xcode/DerivedData/Epistemos-ctkiyqxaarezsccbouumxcpfxvtl/Build/Products/Debug/PackageFrameworks -F /Users/jojo/Library/Developer/Xcode/DerivedData/Epistemos-ctkiyqxaarezsccbouumxcpfxvtl/Build/Products/Debug/PackageFrameworks -F /Users/jojo/Library/Developer/Xcode/DerivedData/Epistemos-ctkiyqxaarezsccbouumxcpfxvtl/Build/Products/Debug/PackageFrameworks -F /Users/jojo/Library/Developer/Xcode/DerivedData/Epistemos-ctkiyqxaarezsccbouumxcpfxvtl/Build/Products/Debug/PackageFrameworks -F /Users/jojo/Library/Developer/Xcode/DerivedData/Epistemos-ctkiyqxaarezsccbouumxcpfxvtl/Build/Products/Debug/PackageFrameworks -F /Users/jojo/Library/Developer/Xcode/DerivedData/Epistemos-ctkiyqxaarezsccbouumxcpfxvtl/Build/Products/Debug/PackageFrameworks -F /Users/jojo/Library/Developer/Xcode/DerivedData/Epistemos-ctkiyqxaarezsccbouumxcpfxvtl/Build/Products/Debug/PackageFrameworks -F /Users/jojo/Library/Developer/Xcode/DerivedData/Epistemos-ctkiyqxaarezsccbouumxcpfxvtl/Build/Products/Debug/PackageFrameworks -F /Users/jojo/Library/Developer/Xcode/DerivedData/Epistemos-ctkiyqxaarezsccbouumxcpfxvtl/Build/Products/Debug/PackageFrameworks -F /Users/jojo/Library/Developer/Xcode/DerivedData/Epistemos-ctkiyqxaarezsccbouumxcpfxvtl/Build/Products/Debug/PackageFrameworks -F /Users/jojo/Library/Developer/Xcode/DerivedData/Epistemos-ctkiyqxaarezsccbouumxcpfxvtl/Build/Products/Debug/PackageFrameworks -F /Users/jojo/Library/Developer/Xcode/DerivedData/Epistemos-ctkiyqxaarezsccbouumxcpfxvtl/Build/Products/Debug/PackageFrameworks -F /Users/jojo/Library/Developer/Xcode/DerivedData/Epistemos-ctkiyqxaarezsccbouumxcpfxvtl/Build/Products/Debug/PackageFrameworks -F /Users/jojo/Library/Developer/Xcode/DerivedData/Epistemos-ctkiyqxaarezsccbouumxcpfxvtl/Build/Products/Debug/PackageFrameworks -F /Users/jojo/Library/Developer/Xcode/DerivedData/Epistemos-ctkiyqxaarezsccbouumxcpfxvtl/Build/Products/Debug/PackageFrameworks -F /Users/jojo/Library/Developer/Xcode/DerivedData/Epistemos-ctkiyqxaarezsccbouumxcpfxvtl/Build/Products/Debug/PackageFrameworks -F /Users/jojo/Library/Developer/Xcode/DerivedData/Epistemos-ctkiyqxaarezsccbouumxcpfxvtl/Build/Products/Debug/PackageFrameworks -F /Users/jojo/Library/Developer/Xcode/DerivedData/Epistemos-ctkiyqxaarezsccbouumxcpfxvtl/Build/Products/Debug/PackageFrameworks -F /Users/jojo/Library/Developer/Xcode/DerivedData/Epistemos-ctkiyqxaarezsccbouumxcpfxvtl/Build/Products/Debug/PackageFrameworks -F /Users/jojo/Library/Developer/Xcode/DerivedData/Epistemos-ctkiyqxaarezsccbouumxcpfxvtl/Build/Products/Debug/PackageFrameworks -F /Users/jojo/Library/Developer/Xcode/DerivedData/Epistemos-ctkiyqxaarezsccbouumxcpfxvtl/Build/Products/Debug/PackageFrameworks -F /Users/jojo/Library/Developer/Xcode/DerivedData/Epistemos-ctkiyqxaarezsccbouumxcpfxvtl/Build/Products/Debug/PackageFrameworks -F /Users/jojo/Library/Developer/Xcode/DerivedData/Epistemos-ctkiyqxaarezsccbouumxcpfxvtl/Build/Products/Debug/PackageFrameworks -F /Users/jojo/Library/Developer/Xcode/DerivedData/Epistemos-ctkiyqxaarezsccbouumxcpfxvtl/Build/Products/Debug/PackageFrameworks -F /Users/jojo/Library/Developer/Xcode/DerivedData/Epistemos-ctkiyqxaarezsccbouumxcpfxvtl/Build/Products/Debug -emit-localized-strings -emit-localized-strings-path /Users/jojo/Library/Developer/Xcode/DerivedData/Epistemos-ctkiyqxaarezsccbouumxcpfxvtl/Build/Intermediates.noindex/Epistemos.build/Debug/Epistemos.build/Objects-normal/arm64 -c -j12 -enable-batch-mode -incremental -Xcc -ivfsstatcache -Xcc /Users/jojo/Library/Developer/Xcode/DerivedData/SDKStatCaches.noindex/macosx26.4-25E251-688ef53f1462e2c8f657fdc38a81448f30f9ca8789b706f8bd3fc906a70d770f.sdkstatcache -output-file-map /Users/jojo/Library/Developer/Xcode/DerivedData/Epistemos-ctkiyqxaarezsccbouumxcpfxvtl/Build/Intermediates.noindex/Epistemos.build/Debug/Epistemos.build/Objects-normal/arm64/Epistemos-OutputFileMap.json -use-frontend-parseable-output -save-temps -no-color-diagnostics -explicit-module-build -module-cache-path /Users/jojo/Library/Developer/Xcode/DerivedData/Epistemos-ctkiyqxaarezsccbouumxcpfxvtl/Build/Intermediates.noindex/SwiftExplicitPrecompiledModules -clang-scanner-module-cache-path /Users/jojo/Library/Developer/Xcode/DerivedData/ModuleCache.noindex -sdk-module-cache-path /Users/jojo/Library/Developer/Xcode/DerivedData/ModuleCache.noindex -serialize-diagnostics -emit-dependencies -emit-module -emit-module-path /Users/jojo/Library/Developer/Xcode/DerivedData/Epistemos-ctkiyqxaarezsccbouumxcpfxvtl/Build/Intermediates.noindex/Epistemos.build/Debug/Epistemos.build/Objects-normal/arm64/Epistemos.swiftmodule -validate-clang-modules-once -clang-build-session-file /Users/jojo/Library/Developer/Xcode/DerivedData/ModuleCache.noindex/Session.modulevalidation -Xcc -I/Users/jojo/Library/Developer/Xcode/DerivedData/Epistemos-ctkiyqxaarezsccbouumxcpfxvtl/Build/Intermediates.noindex/Epistemos.build/Debug/Epistemos.build/swift-overrides.hmap -emit-const-values -Xfrontend -const-gather-protocols-file -Xfrontend /Users/jojo/Library/Developer/Xcode/DerivedData/Epistemos-ctkiyqxaarezsccbouumxcpfxvtl/Build/Intermediates.noindex/Epistemos.build/Debug/Epistemos.build/Objects-normal/arm64/Epistemos_const_extract_protocols.json -Xcc -iquote -Xcc /Users/jojo/Library/Developer/Xcode/DerivedData/Epistemos-ctkiyqxaarezsccbouumxcpfxvtl/Build/Intermediates.noindex/Epistemos.build/Debug/Epistemos.build/Epistemos-generated-files.hmap -Xcc -I/Users/jojo/Library/Developer/Xcode/DerivedData/Epistemos-ctkiyqxaarezsccbouumxcpfxvtl/Build/Intermediates.noindex/Epistemos.build/Debug/Epistemos.build/Epistemos-own-target-headers.hmap -Xcc -I/Users/jojo/Library/Developer/Xcode/DerivedData/Epistemos-ctkiyqxaarezsccbouumxcpfxvtl/Build/Intermediates.noindex/Epistemos.build/Debug/Epistemos.build/Epistemos-all-non-framework-target-headers.hmap -Xcc -ivfsoverlay -Xcc /Users/jojo/Library/Developer/Xcode/DerivedData/Epistemos-ctkiyqxaarezsccbouumxcpfxvtl/Build/Intermediates.noindex/Epistemos.build/Debug/Epistemos-98f5f0daaeb3c27bd64a622cabaed3f2-VFS/all-product-headers.yaml -Xcc -iquote -Xcc /Users/jojo/Library/Developer/Xcode/DerivedData/Epistemos-ctkiyqxaarezsccbouumxcpfxvtl/Build/Intermediates.noindex/Epistemos.build/Debug/Epistemos.build/Epistemos-project-headers.hmap -Xcc -I/Users/jojo/Library/Developer/Xcode/DerivedData/Epistemos-ctkiyqxaarezsccbouumxcpfxvtl/SourcePackages/checkouts/swift-atomics/Sources/_AtomicsShims/include -Xcc -I/Users/jojo/Library/Developer/Xcode/DerivedData/Epistemos-ctkiyqxaarezsccbouumxcpfxvtl/SourcePackages/checkouts/swift-nio/Sources/CNIOWASI/include -Xcc -I/Users/jojo/Library/Developer/Xcode/DerivedData/Epistemos-ctkiyqxaarezsccbouumxcpfxvtl/SourcePackages/checkouts/swift-nio/Sources/CNIOWindows/include -Xcc -I/Users/jojo/Library/Developer/Xcode/DerivedData/Epistemos-ctkiyqxaarezsccbouumxcpfxvtl/SourcePackages/checkouts/swift-nio/Sources/CNIOLinux/include -Xcc -I/Users/jojo/Library/Developer/Xcode/DerivedData/Epistemos-ctkiyqxaarezsccbouumxcpfxvtl/SourcePackages/checkouts/swift-nio/Sources/CNIODarwin/include -Xcc -I/Users/jojo/Library/Developer/Xcode/DerivedData/Epistemos-ctkiyqxaarezsccbouumxcpfxvtl/SourcePackages/checkouts/swift-nio/Sources/CNIOOpenBSD/include -Xcc -I/Users/jojo/Library/Developer/Xcode/DerivedData/Epistemos-ctkiyqxaarezsccbouumxcpfxvtl/SourcePackages/checkouts/swift-nio/Sources/CNIOAtomics/include -Xcc -I/Users/jojo/Library/Developer/Xcode/DerivedData/Epistemos-ctkiyqxaarezsccbouumxcpfxvtl/SourcePackages/checkouts/swift-numerics/Sources/_NumericsShims/include -Xcc -I/Users/jojo/Library/Developer/Xcode/DerivedData/Epistemos-ctkiyqxaarezsccbouumxcpfxvtl/SourcePackages/checkouts/mlx-swift/Source/Cmlx/include -Xcc -I/Users/jojo/Library/Developer/Xcode/DerivedData/Epistemos-ctkiyqxaarezsccbouumxcpfxvtl/SourcePackages/checkouts/CodeEditTextView/Sources/CodeEditTextViewObjC/include -Xcc -I/Users/jojo/Library/Developer/Xcode/DerivedData/Epistemos-ctkiyqxaarezsccbouumxcpfxvtl/SourcePackages/checkouts/TextStory/Sources/Internal -Xcc -I/Users/jojo/Library/Developer/Xcode/DerivedData/Epistemos-ctkiyqxaarezsccbouumxcpfxvtl/SourcePackages/checkouts/tree-sitter/lib/include -Xcc -I/Users/jojo/Library/Developer/Xcode/DerivedData/Epistemos-ctkiyqxaarezsccbouumxcpfxvtl/SourcePackages/checkouts/yyjson/src -Xcc -I/Users/jojo/Library/Developer/Xcode/DerivedData/Epistemos-ctkiyqxaarezsccbouumxcpfxvtl/SourcePackages/checkouts/mlx-swift-structured/Sources/CMLXStructured/include -Xcc -I/Users/jojo/Library/Developer/Xcode/DerivedData/Epistemos-ctkiyqxaarezsccbouumxcpfxvtl/Build/Products/Debug/include -Xcc -I/Users/jojo/Library/Developer/Xcode/DerivedData/Epistemos-ctkiyqxaarezsccbouumxcpfxvtl/Build/Intermediates.noindex/Epistemos.build/Debug/Epistemos.build/DerivedSources-normal/arm64 -Xcc -I/Users/jojo/Library/Developer/Xcode/DerivedData/Epistemos-ctkiyqxaarezsccbouumxcpfxvtl/Build/Intermediates.noindex/Epistemos.build/Debug/Epistemos.build/DerivedSources/arm64 -Xcc -I/Users/jojo/Library/Developer/Xcode/DerivedData/Epistemos-ctkiyqxaarezsccbouumxcpfxvtl/Build/Intermediates.noindex/Epistemos.build/Debug/Epistemos.build/DerivedSources -Xcc -DDEBUG\=1 -emit-objc-header -emit-objc-header-path /Users/jojo/Library/Developer/Xcode/DerivedData/Epistemos-ctkiyqxaarezsccbouumxcpfxvtl/Build/Intermediates.noindex/Epistemos.build/Debug/Epistemos.build/Objects-normal/arm64/Epistemos-Swift.h -import-objc-header /Users/jojo/Downloads/Epistemos/Epistemos-Bridging-Header.h -working-directory /Users/jojo/Downloads/Epistemos -experimental-emit-module-separately -disable-cmo

Ld /Users/jojo/Library/Developer/Xcode/DerivedData/Epistemos-ctkiyqxaarezsccbouumxcpfxvtl/Build/Products/Debug/Epistemos.app/Contents/MacOS/Epistemos.debug.dylib normal (in target 'Epistemos' from project 'Epistemos')
    cd /Users/jojo/Downloads/Epistemos
    /Applications/Xcode.app/Contents/Developer/Toolchains/XcodeDefault.xctoolchain/usr/bin/clang -Xlinker -reproducible -target arm64-apple-macos26.0 -dynamiclib -isysroot /Applications/Xcode.app/Contents/Developer/Platforms/MacOSX.platform/Developer/SDKs/MacOSX26.4.sdk -O0 -L/Users/jojo/Library/Developer/Xcode/DerivedData/Epistemos-ctkiyqxaarezsccbouumxcpfxvtl/Build/Intermediates.noindex/EagerLinkingTBDs/Debug -L/Users/jojo/Library/Developer/Xcode/DerivedData/Epistemos-ctkiyqxaarezsccbouumxcpfxvtl/Build/Products/Debug -F/Users/jojo/Library/Developer/Xcode/DerivedData/Epistemos-ctkiyqxaarezsccbouumxcpfxvtl/Build/Intermediates.noindex/EagerLinkingTBDs/Debug -F/Users/jojo/Library/Developer/Xcode/DerivedData/Epistemos-ctkiyqxaarezsccbouumxcpfxvtl/Build/Products/Debug/PackageFrameworks -F/Users/jojo/Library/Developer/Xcode/DerivedData/Epistemos-ctkiyqxaarezsccbouumxcpfxvtl/Build/Products/Debug/PackageFrameworks -F/Users/jojo/Library/Developer/Xcode/DerivedData/Epistemos-ctkiyqxaarezsccbouumxcpfxvtl/Build/Products/Debug/PackageFrameworks -F/Users/jojo/Library/Developer/Xcode/DerivedData/Epistemos-ctkiyqxaarezsccbouumxcpfxvtl/Build/Products/Debug/PackageFrameworks -F/Users/jojo/Library/Developer/Xcode/DerivedData/Epistemos-ctkiyqxaarezsccbouumxcpfxvtl/Build/Products/Debug/PackageFrameworks -F/Users/jojo/Library/Developer/Xcode/DerivedData/Epistemos-ctkiyqxaarezsccbouumxcpfxvtl/Build/Products/Debug/PackageFrameworks -F/Users/jojo/Library/Developer/Xcode/DerivedData/Epistemos-ctkiyqxaarezsccbouumxcpfxvtl/Build/Products/Debug/PackageFrameworks -F/Users/jojo/Library/Developer/Xcode/DerivedData/Epistemos-ctkiyqxaarezsccbouumxcpfxvtl/Build/Products/Debug/PackageFrameworks -F/Users/jojo/Library/Developer/Xcode/DerivedData/Epistemos-ctkiyqxaarezsccbouumxcpfxvtl/Build/Products/Debug/PackageFrameworks -F/Users/jojo/Library/Developer/Xcode/DerivedData/Epistemos-ctkiyqxaarezsccbouumxcpfxvtl/Build/Products/Debug/PackageFrameworks -F/Users/jojo/Library/Developer/Xcode/DerivedData/Epistemos-ctkiyqxaarezsccbouumxcpfxvtl/Build/Products/Debug/PackageFrameworks -F/Users/jojo/Library/Developer/Xcode/DerivedData/Epistemos-ctkiyqxaarezsccbouumxcpfxvtl/Build/Products/Debug/PackageFrameworks -F/Users/jojo/Library/Developer/Xcode/DerivedData/Epistemos-ctkiyqxaarezsccbouumxcpfxvtl/Build/Products/Debug/PackageFrameworks -F/Users/jojo/Library/Developer/Xcode/DerivedData/Epistemos-ctkiyqxaarezsccbouumxcpfxvtl/Build/Products/Debug/PackageFrameworks -F/Users/jojo/Library/Developer/Xcode/DerivedData/Epistemos-ctkiyqxaarezsccbouumxcpfxvtl/Build/Products/Debug/PackageFrameworks -F/Users/jojo/Library/Developer/Xcode/DerivedData/Epistemos-ctkiyqxaarezsccbouumxcpfxvtl/Build/Products/Debug/PackageFrameworks -F/Users/jojo/Library/Developer/Xcode/DerivedData/Epistemos-ctkiyqxaarezsccbouumxcpfxvtl/Build/Products/Debug/PackageFrameworks -F/Users/jojo/Library/Developer/Xcode/DerivedData/Epistemos-ctkiyqxaarezsccbouumxcpfxvtl/Build/Products/Debug/PackageFrameworks -F/Users/jojo/Library/Developer/Xcode/DerivedData/Epistemos-ctkiyqxaarezsccbouumxcpfxvtl/Build/Products/Debug/PackageFrameworks -F/Users/jojo/Library/Developer/Xcode/DerivedData/Epistemos-ctkiyqxaarezsccbouumxcpfxvtl/Build/Products/Debug/PackageFrameworks -F/Users/jojo/Library/Developer/Xcode/DerivedData/Epistemos-ctkiyqxaarezsccbouumxcpfxvtl/Build/Products/Debug/PackageFrameworks -F/Users/jojo/Library/Developer/Xcode/DerivedData/Epistemos-ctkiyqxaarezsccbouumxcpfxvtl/Build/Products/Debug/PackageFrameworks -F/Users/jojo/Library/Developer/Xcode/DerivedData/Epistemos-ctkiyqxaarezsccbouumxcpfxvtl/Build/Products/Debug/PackageFrameworks -F/Users/jojo/Library/Developer/Xcode/DerivedData/Epistemos-ctkiyqxaarezsccbouumxcpfxvtl/Build/Products/Debug/PackageFrameworks -F/Users/jojo/Library/Developer/Xcode/DerivedData/Epistemos-ctkiyqxaarezsccbouumxcpfxvtl/Build/Products/Debug/PackageFrameworks -F/Users/jojo/Library/Developer/Xcode/DerivedData/Epistemos-ctkiyqxaarezsccbouumxcpfxvtl/Build/Products/Debug/PackageFrameworks -F/Users/jojo/Library/Developer/Xcode/DerivedData/Epistemos-ctkiyqxaarezsccbouumxcpfxvtl/Build/Products/Debug/PackageFrameworks -F/Users/jojo/Library/Developer/Xcode/DerivedData/Epistemos-ctkiyqxaarezsccbouumxcpfxvtl/Build/Products/Debug/PackageFrameworks -F/Users/jojo/Library/Developer/Xcode/DerivedData/Epistemos-ctkiyqxaarezsccbouumxcpfxvtl/Build/Products/Debug/PackageFrameworks -F/Users/jojo/Library/Developer/Xcode/DerivedData/Epistemos-ctkiyqxaarezsccbouumxcpfxvtl/Build/Products/Debug/PackageFrameworks -F/Users/jojo/Library/Developer/Xcode/DerivedData/Epistemos-ctkiyqxaarezsccbouumxcpfxvtl/Build/Products/Debug/PackageFrameworks -F/Users/jojo/Library/Developer/Xcode/DerivedData/Epistemos-ctkiyqxaarezsccbouumxcpfxvtl/Build/Products/Debug/PackageFrameworks -F/Users/jojo/Library/Developer/Xcode/DerivedData/Epistemos-ctkiyqxaarezsccbouumxcpfxvtl/Build/Products/Debug/PackageFrameworks -F/Users/jojo/Library/Developer/Xcode/DerivedData/Epistemos-ctkiyqxaarezsccbouumxcpfxvtl/Build/Products/Debug/PackageFrameworks -F/Users/jojo/Library/Developer/Xcode/DerivedData/Epistemos-ctkiyqxaarezsccbouumxcpfxvtl/Build/Products/Debug/PackageFrameworks -F/Users/jojo/Library/Developer/Xcode/DerivedData/Epistemos-ctkiyqxaarezsccbouumxcpfxvtl/Build/Products/Debug/PackageFrameworks -F/Users/jojo/Library/Developer/Xcode/DerivedData/Epistemos-ctkiyqxaarezsccbouumxcpfxvtl/Build/Products/Debug/PackageFrameworks -F/Users/jojo/Library/Developer/Xcode/DerivedData/Epistemos-ctkiyqxaarezsccbouumxcpfxvtl/Build/Products/Debug/PackageFrameworks -F/Users/jojo/Library/Developer/Xcode/DerivedData/Epistemos-ctkiyqxaarezsccbouumxcpfxvtl/Build/Products/Debug/PackageFrameworks -F/Users/jojo/Library/Developer/Xcode/DerivedData/Epistemos-ctkiyqxaarezsccbouumxcpfxvtl/Build/Products/Debug/PackageFrameworks -F/Users/jojo/Library/Developer/Xcode/DerivedData/Epistemos-ctkiyqxaarezsccbouumxcpfxvtl/Build/Products/Debug/PackageFrameworks -F/Users/jojo/Library/Developer/Xcode/DerivedData/Epistemos-ctkiyqxaarezsccbouumxcpfxvtl/Build/Products/Debug/PackageFrameworks -F/Users/jojo/Library/Developer/Xcode/DerivedData/Epistemos-ctkiyqxaarezsccbouumxcpfxvtl/Build/Products/Debug/PackageFrameworks -F/Users/jojo/Library/Developer/Xcode/DerivedData/Epistemos-ctkiyqxaarezsccbouumxcpfxvtl/Build/Products/Debug/PackageFrameworks -F/Users/jojo/Library/Developer/Xcode/DerivedData/Epistemos-ctkiyqxaarezsccbouumxcpfxvtl/Build/Products/Debug/PackageFrameworks -F/Users/jojo/Library/Developer/Xcode/DerivedData/Epistemos-ctkiyqxaarezsccbouumxcpfxvtl/Build/Products/Debug/PackageFrameworks -F/Users/jojo/Library/Developer/Xcode/DerivedData/Epistemos-ctkiyqxaarezsccbouumxcpfxvtl/Build/Products/Debug/PackageFrameworks -F/Users/jojo/Library/Developer/Xcode/DerivedData/Epistemos-ctkiyqxaarezsccbouumxcpfxvtl/Build/Products/Debug/PackageFrameworks -F/Users/jojo/Library/Developer/Xcode/DerivedData/Epistemos-ctkiyqxaarezsccbouumxcpfxvtl/Build/Products/Debug/PackageFrameworks -F/Users/jojo/Library/Developer/Xcode/DerivedData/Epistemos-ctkiyqxaarezsccbouumxcpfxvtl/Build/Products/Debug/PackageFrameworks -F/Users/jojo/Library/Developer/Xcode/DerivedData/Epistemos-ctkiyqxaarezsccbouumxcpfxvtl/Build/Products/Debug/PackageFrameworks -F/Users/jojo/Library/Developer/Xcode/DerivedData/Epistemos-ctkiyqxaarezsccbouumxcpfxvtl/Build/Products/Debug/PackageFrameworks -F/Users/jojo/Library/Developer/Xcode/DerivedData/Epistemos-ctkiyqxaarezsccbouumxcpfxvtl/Build/Products/Debug/PackageFrameworks -F/Users/jojo/Library/Developer/Xcode/DerivedData/Epistemos-ctkiyqxaarezsccbouumxcpfxvtl/Build/Products/Debug/PackageFrameworks -F/Users/jojo/Library/Developer/Xcode/DerivedData/Epistemos-ctkiyqxaarezsccbouumxcpfxvtl/Build/Products/Debug/PackageFrameworks -F/Users/jojo/Library/Developer/Xcode/DerivedData/Epistemos-ctkiyqxaarezsccbouumxcpfxvtl/Build/Products/Debug/PackageFrameworks -F/Users/jojo/Library/Developer/Xcode/DerivedData/Epistemos-ctkiyqxaarezsccbouumxcpfxvtl/Build/Products/Debug/PackageFrameworks -F/Users/jojo/Library/Developer/Xcode/DerivedData/Epistemos-ctkiyqxaarezsccbouumxcpfxvtl/Build/Products/Debug/PackageFrameworks -F/Users/jojo/Library/Developer/Xcode/DerivedData/Epistemos-ctkiyqxaarezsccbouumxcpfxvtl/Build/Products/Debug/PackageFrameworks -F/Users/jojo/Library/Developer/Xcode/DerivedData/Epistemos-ctkiyqxaarezsccbouumxcpfxvtl/Build/Products/Debug/PackageFrameworks -F/Users/jojo/Library/Developer/Xcode/DerivedData/Epistemos-ctkiyqxaarezsccbouumxcpfxvtl/Build/Products/Debug/PackageFrameworks -F/Users/jojo/Library/Developer/Xcode/DerivedData/Epistemos-ctkiyqxaarezsccbouumxcpfxvtl/Build/Products/Debug/PackageFrameworks -F/Users/jojo/Library/Developer/Xcode/DerivedData/Epistemos-ctkiyqxaarezsccbouumxcpfxvtl/Build/Products/Debug -filelist /Users/jojo/Library/Developer/Xcode/DerivedData/Epistemos-ctkiyqxaarezsccbouumxcpfxvtl/Build/Intermediates.noindex/Epistemos.build/Debug/Epistemos.build/Objects-normal/arm64/Epistemos.LinkFileList -install_name @rpath/Epistemos.debug.dylib -Xlinker -rpath -Xlinker /Users/jojo/Library/Developer/Xcode/DerivedData/Epistemos-ctkiyqxaarezsccbouumxcpfxvtl/Build/Products/Debug/PackageFrameworks -Xlinker -rpath -Xlinker @executable_path -Xlinker -rpath -Xlinker @executable_path/../Frameworks -Xlinker -rpath -Xlinker @loader_path/../Frameworks -Xlinker -object_path_lto -Xlinker /Users/jojo/Library/Developer/Xcode/DerivedData/Epistemos-ctkiyqxaarezsccbouumxcpfxvtl/Build/Intermediates.noindex/Epistemos.build/Debug/Epistemos.build/Objects-normal/arm64/Epistemos_lto.o -rdynamic -Xlinker -no_deduplicate -Xlinker -dependency_info -Xlinker /Users/jojo/Library/Developer/Xcode/DerivedData/Epistemos-ctkiyqxaarezsccbouumxcpfxvtl/Build/Intermediates.noindex/Epistemos.build/Debug/Epistemos.build/Objects-normal/arm64/Epistemos_dependency_info.dat -fobjc-arc -fobjc-link-runtime -L/Applications/Xcode.app/Contents/Developer/Toolchains/XcodeDefault.xctoolchain/usr/lib/swift/macosx -L/usr/lib/swift -Xlinker -add_ast_path -Xlinker /Users/jojo/Library/Developer/Xcode/DerivedData/Epistemos-ctkiyqxaarezsccbouumxcpfxvtl/Build/Intermediates.noindex/Epistemos.build/Debug/Epistemos.build/Objects-normal/arm64/Epistemos.swiftmodule @/Users/jojo/Library/Developer/Xcode/DerivedData/Epistemos-ctkiyqxaarezsccbouumxcpfxvtl/Build/Intermediates.noindex/Epistemos.build/Debug/Epistemos.build/Objects-normal/arm64/Epistemos-linker-args.resp -Wl,-no_warn_duplicate_libraries -Wl,-no_warn_duplicate_libraries -Wl,-no_warn_duplicate_libraries -Wl,-no_warn_duplicate_libraries -Wl,-no_warn_duplicate_libraries -Wl,-no_warn_duplicate_libraries -Wl,-no_warn_duplicate_libraries -Wl,-no_warn_duplicate_libraries -Wl,-no_warn_duplicate_libraries -Wl,-no_warn_duplicate_libraries -Wl,-no_warn_duplicate_libraries -Wl,-no_warn_duplicate_libraries -Wl,-no_warn_duplicate_libraries -Wl,-no_warn_duplicate_libraries -Wl,-no_warn_duplicate_libraries -Wl,-no_warn_duplicate_libraries -Wl,-no_warn_duplicate_libraries -Wl,-no_warn_duplicate_libraries -Wl,-no_warn_duplicate_libraries -Wl,-no_warn_duplicate_libraries -Wl,-no_warn_duplicate_libraries -Wl,-no_warn_duplicate_libraries -Wl,-no_warn_duplicate_libraries -Wl,-no_warn_duplicate_libraries -Wl,-no_warn_duplicate_libraries -Wl,-no_warn_duplicate_libraries -lc++ -Wl,-no_warn_duplicate_libraries -Wl,-no_warn_duplicate_libraries -Wl,-no_warn_duplicate_libraries -Wl,-no_warn_duplicate_libraries -Wl,-no_warn_duplicate_libraries -Wl,-no_warn_duplicate_libraries -Wl,-no_warn_duplicate_libraries -Wl,-no_warn_duplicate_libraries -Wl,-no_warn_duplicate_libraries -Wl,-no_warn_duplicate_libraries -Wl,-no_warn_duplicate_libraries -Wl,-no_warn_duplicate_libraries -Wl,-no_warn_duplicate_libraries -Wl,-no_warn_duplicate_libraries -Wl,-no_warn_duplicate_libraries -Wl,-no_warn_duplicate_libraries -Wl,-no_warn_duplicate_libraries -Wl,-no_warn_duplicate_libraries -Wl,-no_warn_duplicate_libraries -Wl,-no_warn_duplicate_libraries -Wl,-no_warn_duplicate_libraries -Wl,-no_warn_duplicate_libraries -Wl,-no_warn_duplicate_libraries -Wl,-no_warn_duplicate_libraries -Wl,-no_warn_duplicate_libraries -Wl,-no_warn_duplicate_libraries -Wl,-no_warn_duplicate_libraries -Wl,-no_warn_duplicate_libraries -Wl,-no_warn_duplicate_libraries -Wl,-no_warn_duplicate_libraries -Wl,-no_warn_duplicate_libraries -Wl,-no_warn_duplicate_libraries -Wl,-no_warn_duplicate_libraries -Wl,-no_warn_duplicate_libraries -lc++ -Wl,-no_warn_duplicate_libraries -Wl,-no_warn_duplicate_libraries -L/Users/jojo/Downloads/Epistemos/build-rust -lgraph_engine -lsyntax_core -lomega_mcp -lomega_ax -lepistemos_core -lagent_core -lepistemos_shadow -lepistemos_code_index -lsubstrate_rt -lc++ -framework Foundation -framework Metal -framework Accelerate -Xlinker -alias -Xlinker _main -Xlinker ___debug_main_executable_dylib_entry_point -framework llama -framework CodeLanguages_Container -framework AppKit -framework SwiftUI -framework SwiftData -framework Foundation -framework CryptoKit -framework Network -framework AppIntents -framework CoreSpotlight -Xlinker -no_adhoc_codesign -o /Users/jojo/Library/Developer/Xcode/DerivedData/Epistemos-ctkiyqxaarezsccbouumxcpfxvtl/Build/Products/Debug/Epistemos.app/Contents/MacOS/Epistemos.debug.dylib -Xlinker -add_ast_path -Xlinker /Users/jojo/Library/Developer/Xcode/DerivedData/Epistemos-ctkiyqxaarezsccbouumxcpfxvtl/Build/Intermediates.noindex/axPackage.build/Debug/AXorcist.build/Objects-normal/arm64/AXorcist.swiftmodule @/Users/jojo/Library/Developer/Xcode/DerivedData/Epistemos-ctkiyqxaarezsccbouumxcpfxvtl/Build/Intermediates.noindex/axPackage.build/Debug/AXorcist.build/Objects-normal/arm64/AXorcist-linker-args.resp -Xlinker -add_ast_path -Xlinker /Users/jojo/Library/Developer/Xcode/DerivedData/Epistemos-ctkiyqxaarezsccbouumxcpfxvtl/Build/Intermediates.noindex/swift-log.build/Debug/Logging.build/Objects-normal/arm64/Logging.swiftmodule @/Users/jojo/Library/Developer/Xcode/DerivedData/Epistemos-ctkiyqxaarezsccbouumxcpfxvtl/Build/Intermediates.noindex/swift-log.build/Debug/Logging.build/Objects-normal/arm64/Logging-linker-args.resp -Xlinker -add_ast_path -Xlinker /Users/jojo/Library/Developer/Xcode/DerivedData/Epistemos-ctkiyqxaarezsccbouumxcpfxvtl/Build/Intermediates.noindex/GRDB.build/Debug/GRDB.build/Objects-normal/arm64/GRDB.swiftmodule @/Users/jojo/Library/Developer/Xcode/DerivedData/Epistemos-ctkiyqxaarezsccbouumxcpfxvtl/Build/Intermediates.noindex/GRDB.build/Debug/GRDB.build/Objects-normal/arm64/GRDB-linker-args.resp -Xlinker -add_ast_path -Xlinker /Users/jojo/Library/Developer/Xcode/DerivedData/Epistemos-ctkiyqxaarezsccbouumxcpfxvtl/Build/Intermediates.noindex/Grape.build/Debug/Grape.build/Objects-normal/arm64/Grape.swiftmodule @/Users/jojo/Library/Developer/Xcode/DerivedData/Epistemos-ctkiyqxaarezsccbouumxcpfxvtl/Build/Intermediates.noindex/Grape.build/Debug/Grape.build/Objects-normal/arm64/Grape-linker-args.resp -Xlinker -add_ast_path -Xlinker /Users/jojo/Library/Developer/Xcode/DerivedData/Epistemos-ctkiyqxaarezsccbouumxcpfxvtl/Build/Intermediates.noindex/Grape.build/Debug/ForceSimulation.build/Objects-normal/arm64/ForceSimulation.swiftmodule @/Users/jojo/Library/Developer/Xcode/DerivedData/Epistemos-ctkiyqxaarezsccbouumxcpfxvtl/Build/Intermediates.noindex/Grape.build/Debug/ForceSimulation.build/Objects-normal/arm64/ForceSimulation-linker-args.resp -Xlinker -add_ast_path -Xlinker /Users/jojo/Library/Developer/Xcode/DerivedData/Epistemos-ctkiyqxaarezsccbouumxcpfxvtl/Build/Intermediates.noindex/swift-huggingface.build/Debug/HuggingFace.build/Objects-normal/arm64/HuggingFace.swiftmodule @/Users/jojo/Library/Developer/Xcode/DerivedData/Epistemos-ctkiyqxaarezsccbouumxcpfxvtl/Build/Intermediates.noindex/swift-huggingface.build/Debug/HuggingFace.build/Objects-normal/arm64/HuggingFace-linker-args.resp -Xlinker -add_ast_path -Xlinker /Users/jojo/Library/Developer/Xcode/DerivedData/Epistemos-ctkiyqxaarezsccbouumxcpfxvtl/Build/Intermediates.noindex/EventSource.build/Debug/EventSource.build/Objects-normal/arm64/EventSource.swiftmodule @/Users/jojo/Library/Developer/Xcode/DerivedData/Epistemos-ctkiyqxaarezsccbouumxcpfxvtl/Build/Intermediates.noindex/EventSource.build/Debug/EventSource.build/Objects-normal/arm64/EventSource-linker-args.resp -Xlinker -add_ast_path -Xlinker /Users/jojo/Library/Developer/Xcode/DerivedData/Epistemos-ctkiyqxaarezsccbouumxcpfxvtl/Build/Intermediates.noindex/swift-nio.build/Debug/NIOCore.build/Objects-normal/arm64/NIOCore.swiftmodule @/Users/jojo/Library/Developer/Xcode/DerivedData/Epistemos-ctkiyqxaarezsccbouumxcpfxvtl/Build/Intermediates.noindex/swift-nio.build/Debug/NIOCore.build/Objects-normal/arm64/NIOCore-linker-args.resp -Xlinker -add_ast_path -Xlinker /Users/jojo/Library/Developer/Xcode/DerivedData/Epistemos-ctkiyqxaarezsccbouumxcpfxvtl/Build/Intermediates.noindex/swift-nio.build/Debug/NIOConcurrencyHelpers.build/Objects-normal/arm64/NIOConcurrencyHelpers.swiftmodule @/Users/jojo/Library/Developer/Xcode/DerivedData/Epistemos-ctkiyqxaarezsccbouumxcpfxvtl/Build/Intermediates.noindex/swift-nio.build/Debug/NIOConcurrencyHelpers.build/Objects-normal/arm64/NIOConcurrencyHelpers-linker-args.resp -Xlinker -add_ast_path -Xlinker /Users/jojo/Library/Developer/Xcode/DerivedData/Epistemos-ctkiyqxaarezsccbouumxcpfxvtl/Build/Intermediates.noindex/swift-nio.build/Debug/_NIOBase64.build/Objects-normal/arm64/_NIOBase64.swiftmodule @/Users/jojo/Library/Developer/Xcode/DerivedData/Epistemos-ctkiyqxaarezsccbouumxcpfxvtl/Build/Intermediates.noindex/swift-nio.build/Debug/_NIOBase64.build/Objects-normal/arm64/_NIOBase64-linker-args.resp -Xlinker -add_ast_path -Xlinker /Users/jojo/Library/Developer/Xcode/DerivedData/Epistemos-ctkiyqxaarezsccbouumxcpfxvtl/Build/Intermediates.noindex/swift-nio.build/Debug/_NIODataStructures.build/Objects-normal/arm64/_NIODataStructures.swiftmodule @/Users/jojo/Library/Developer/Xcode/DerivedData/Epistemos-ctkiyqxaarezsccbouumxcpfxvtl/Build/Intermediates.noindex/swift-nio.build/Debug/_NIODataStructures.build/Objects-normal/arm64/_NIODataStructures-linker-args.resp -Xlinker -add_ast_path -Xlinker /Users/jojo/Library/Developer/Xcode/DerivedData/Epistemos-ctkiyqxaarezsccbouumxcpfxvtl/Build/Intermediates.noindex/swift-collections.build/Debug/DequeModule.build/Objects-normal/arm64/DequeModule.swiftmodule @/Users/jojo/Library/Developer/Xcode/DerivedData/Epistemos-ctkiyqxaarezsccbouumxcpfxvtl/Build/Intermediates.noindex/swift-collections.build/Debug/DequeModule.build/Objects-normal/arm64/DequeModule-linker-args.resp -Xlinker -add_ast_path -Xlinker /Users/jojo/Library/Developer/Xcode/DerivedData/Epistemos-ctkiyqxaarezsccbouumxcpfxvtl/Build/Intermediates.noindex/swift-collections.build/Debug/InternalCollectionsUtilities.build/Objects-normal/arm64/InternalCollectionsUtilities.swiftmodule @/Users/jojo/Library/Developer/Xcode/DerivedData/Epistemos-ctkiyqxaarezsccbouumxcpfxvtl/Build/Intermediates.noindex/swift-collections.build/Debug/InternalCollectionsUtilities.build/Objects-normal/arm64/InternalCollectionsUtilities-linker-args.resp -Xlinker -add_ast_path -Xlinker /Users/jojo/Library/Developer/Xcode/DerivedData/Epistemos-ctkiyqxaarezsccbouumxcpfxvtl/Build/Intermediates.noindex/swift-collections.build/Debug/ContainersPreview.build/Objects-normal/arm64/ContainersPreview.swiftmodule @/Users/jojo/Library/Developer/Xcode/DerivedData/Epistemos-ctkiyqxaarezsccbouumxcpfxvtl/Build/Intermediates.noindex/swift-collections.build/Debug/ContainersPreview.build/Objects-normal/arm64/ContainersPreview-linker-args.resp -Xlinker -add_ast_path -Xlinker /Users/jojo/Library/Developer/Xcode/DerivedData/Epistemos-ctkiyqxaarezsccbouumxcpfxvtl/Build/Intermediates.noindex/swift-atomics.build/Debug/Atomics.build/Objects-normal/arm64/Atomics.swiftmodule @/Users/jojo/Library/Developer/Xcode/DerivedData/Epistemos-ctkiyqxaarezsccbouumxcpfxvtl/Build/Intermediates.noindex/swift-atomics.build/Debug/Atomics.build/Objects-normal/arm64/Atomics-linker-args.resp -Xlinker -add_ast_path -Xlinker /Users/jojo/Library/Developer/Xcode/DerivedData/Epistemos-ctkiyqxaarezsccbouumxcpfxvtl/Build/Intermediates.noindex/swift-crypto.build/Debug/Crypto.build/Objects-normal/arm64/Crypto.swiftmodule @/Users/jojo/Library/Developer/Xcode/DerivedData/Epistemos-ctkiyqxaarezsccbouumxcpfxvtl/Build/Intermediates.noindex/swift-crypto.build/Debug/Crypto.build/Objects-normal/arm64/Crypto-linker-args.resp -Xlinker -add_ast_path -Xlinker /Users/jojo/Library/Developer/Xcode/DerivedData/Epistemos-ctkiyqxaarezsccbouumxcpfxvtl/Build/Intermediates.noindex/mlx-swift.build/Debug/MLX.build/Objects-normal/arm64/MLX.swiftmodule @/Users/jojo/Library/Developer/Xcode/DerivedData/Epistemos-ctkiyqxaarezsccbouumxcpfxvtl/Build/Intermediates.noindex/mlx-swift.build/Debug/MLX.build/Objects-normal/arm64/MLX-linker-args.resp -Xlinker -add_ast_path -Xlinker /Users/jojo/Library/Developer/Xcode/DerivedData/Epistemos-ctkiyqxaarezsccbouumxcpfxvtl/Build/Intermediates.noindex/swift-numerics.build/Debug/Numerics.build/Objects-normal/arm64/Numerics.swiftmodule @/Users/jojo/Library/Developer/Xcode/DerivedData/Epistemos-ctkiyqxaarezsccbouumxcpfxvtl/Build/Intermediates.noindex/swift-numerics.build/Debug/Numerics.build/Objects-normal/arm64/Numerics-linker-args.resp -Xlinker -add_ast_path -Xlinker /Users/jojo/Library/Developer/Xcode/DerivedData/Epistemos-ctkiyqxaarezsccbouumxcpfxvtl/Build/Intermediates.noindex/swift-numerics.build/Debug/RealModule.build/Objects-normal/arm64/RealModule.swiftmodule @/Users/jojo/Library/Developer/Xcode/DerivedData/Epistemos-ctkiyqxaarezsccbouumxcpfxvtl/Build/Intermediates.noindex/swift-numerics.build/Debug/RealModule.build/Objects-normal/arm64/RealModule-linker-args.resp -Xlinker -add_ast_path -Xlinker /Users/jojo/Library/Developer/Xcode/DerivedData/Epistemos-ctkiyqxaarezsccbouumxcpfxvtl/Build/Intermediates.noindex/swift-numerics.build/Debug/ComplexModule.build/Objects-normal/arm64/ComplexModule.swiftmodule @/Users/jojo/Library/Developer/Xcode/DerivedData/Epistemos-ctkiyqxaarezsccbouumxcpfxvtl/Build/Intermediates.noindex/swift-numerics.build/Debug/ComplexModule.build/Objects-normal/arm64/ComplexModule-linker-args.resp -Xlinker -add_ast_path -Xlinker /Users/jojo/Library/Developer/Xcode/DerivedData/Epistemos-ctkiyqxaarezsccbouumxcpfxvtl/Build/Intermediates.noindex/mlx-swift-lm.build/Debug/MLXLMCommon.build/Objects-normal/arm64/MLXLMCommon.swiftmodule @/Users/jojo/Library/Developer/Xcode/DerivedData/Epistemos-ctkiyqxaarezsccbouumxcpfxvtl/Build/Intermediates.noindex/mlx-swift-lm.build/Debug/MLXLMCommon.build/Objects-normal/arm64/MLXLMCommon-linker-args.resp -Xlinker -add_ast_path -Xlinker /Users/jojo/Library/Developer/Xcode/DerivedData/Epistemos-ctkiyqxaarezsccbouumxcpfxvtl/Build/Intermediates.noindex/mlx-swift.build/Debug/MLXNN.build/Objects-normal/arm64/MLXNN.swiftmodule @/Users/jojo/Library/Developer/Xcode/DerivedData/Epistemos-ctkiyqxaarezsccbouumxcpfxvtl/Build/Intermediates.noindex/mlx-swift.build/Debug/MLXNN.build/Objects-normal/arm64/MLXNN-linker-args.resp -Xlinker -add_ast_path -Xlinker /Users/jojo/Library/Developer/Xcode/DerivedData/Epistemos-ctkiyqxaarezsccbouumxcpfxvtl/Build/Intermediates.noindex/mlx-swift.build/Debug/MLXOptimizers.build/Objects-normal/arm64/MLXOptimizers.swiftmodule @/Users/jojo/Library/Developer/Xcode/DerivedData/Epistemos-ctkiyqxaarezsccbouumxcpfxvtl/Build/Intermediates.noindex/mlx-swift.build/Debug/MLXOptimizers.build/Objects-normal/arm64/MLXOptimizers-linker-args.resp -Xlinker -add_ast_path -Xlinker /Users/jojo/Library/Developer/Xcode/DerivedData/Epistemos-ctkiyqxaarezsccbouumxcpfxvtl/Build/Intermediates.noindex/swift-transformers.build/Debug/Tokenizers.build/Objects-normal/arm64/Tokenizers.swiftmodule @/Users/jojo/Library/Developer/Xcode/DerivedData/Epistemos-ctkiyqxaarezsccbouumxcpfxvtl/Build/Intermediates.noindex/swift-transformers.build/Debug/Tokenizers.build/Objects-normal/arm64/Tokenizers-linker-args.resp -Xlinker -add_ast_path -Xlinker /Users/jojo/Library/Developer/Xcode/DerivedData/Epistemos-ctkiyqxaarezsccbouumxcpfxvtl/Build/Intermediates.noindex/swift-transformers.build/Debug/Generation.build/Objects-normal/arm64/Generation.swiftmodule @/Users/jojo/Library/Developer/Xcode/DerivedData/Epistemos-ctkiyqxaarezsccbouumxcpfxvtl/Build/Intermediates.noindex/swift-transformers.build/Debug/Generation.build/Objects-normal/arm64/Generation-linker-args.resp -Xlinker -add_ast_path -Xlinker /Users/jojo/Library/Developer/Xcode/DerivedData/Epistemos-ctkiyqxaarezsccbouumxcpfxvtl/Build/Intermediates.noindex/swift-transformers.build/Debug/Models.build/Objects-normal/arm64/Models.swiftmodule @/Users/jojo/Library/Developer/Xcode/DerivedData/Epistemos-ctkiyqxaarezsccbouumxcpfxvtl/Build/Intermediates.noindex/swift-transformers.build/Debug/Models.build/Objects-normal/arm64/Models-linker-args.resp -Xlinker -add_ast_path -Xlinker /Users/jojo/Library/Developer/Xcode/DerivedData/Epistemos-ctkiyqxaarezsccbouumxcpfxvtl/Build/Intermediates.noindex/Jinja.build/Debug/Jinja.build/Objects-normal/arm64/Jinja.swiftmodule @/Users/jojo/Library/Developer/Xcode/DerivedData/Epistemos-ctkiyqxaarezsccbouumxcpfxvtl/Build/Intermediates.noindex/Jinja.build/Debug/Jinja.build/Objects-normal/arm64/Jinja-linker-args.resp -Xlinker -add_ast_path -Xlinker /Users/jojo/Library/Developer/Xcode/DerivedData/Epistemos-ctkiyqxaarezsccbouumxcpfxvtl/Build/Intermediates.noindex/swift-collections.build/Debug/OrderedCollections.build/Objects-normal/arm64/OrderedCollections.swiftmodule @/Users/jojo/Library/Developer/Xcode/DerivedData/Epistemos-ctkiyqxaarezsccbouumxcpfxvtl/Build/Intermediates.noindex/swift-collections.build/Debug/OrderedCollections.build/Objects-normal/arm64/OrderedCollections-linker-args.resp -Xlinker -add_ast_path -Xlinker /Users/jojo/Library/Developer/Xcode/DerivedData/Epistemos-ctkiyqxaarezsccbouumxcpfxvtl/Build/Intermediates.noindex/swift-transformers.build/Debug/Hub.build/Objects-normal/arm64/Hub.swiftmodule @/Users/jojo/Library/Developer/Xcode/DerivedData/Epistemos-ctkiyqxaarezsccbouumxcpfxvtl/Build/Intermediates.noindex/swift-transformers.build/Debug/Hub.build/Objects-normal/arm64/Hub-linker-args.resp -Xlinker -add_ast_path -Xlinker /Users/jojo/Library/Developer/Xcode/DerivedData/Epistemos-ctkiyqxaarezsccbouumxcpfxvtl/Build/Intermediates.noindex/mlx-swift-lm.build/Debug/MLXLLM.build/Objects-normal/arm64/MLXLLM.swiftmodule @/Users/jojo/Library/Developer/Xcode/DerivedData/Epistemos-ctkiyqxaarezsccbouumxcpfxvtl/Build/Intermediates.noindex/mlx-swift-lm.build/Debug/MLXLLM.build/Objects-normal/arm64/MLXLLM-linker-args.resp -Xlinker -add_ast_path -Xlinker /Users/jojo/Library/Developer/Xcode/DerivedData/Epistemos-ctkiyqxaarezsccbouumxcpfxvtl/Build/Intermediates.noindex/mlx-swift-lm.build/Debug/MLXVLM.build/Objects-normal/arm64/MLXVLM.swiftmodule @/Users/jojo/Library/Developer/Xcode/DerivedData/Epistemos-ctkiyqxaarezsccbouumxcpfxvtl/Build/Intermediates.noindex/mlx-swift-lm.build/Debug/MLXVLM.build/Objects-normal/arm64/MLXVLM-linker-args.resp -Xlinker -add_ast_path -Xlinker /Users/jojo/Library/Developer/Xcode/DerivedData/Epistemos-ctkiyqxaarezsccbouumxcpfxvtl/Build/Intermediates.noindex/GGUFRuntimeBridge.build/Debug/GGUFRuntimeBridge.build/Objects-normal/arm64/GGUFRuntimeBridge.swiftmodule @/Users/jojo/Library/Developer/Xcode/DerivedData/Epistemos-ctkiyqxaarezsccbouumxcpfxvtl/Build/Intermediates.noindex/GGUFRuntimeBridge.build/Debug/GGUFRuntimeBridge.build/Objects-normal/arm64/GGUFRuntimeBridge-linker-args.resp -Xlinker -add_ast_path -Xlinker /Users/jojo/Library/Developer/Xcode/DerivedData/Epistemos-ctkiyqxaarezsccbouumxcpfxvtl/Build/Intermediates.noindex/CodeEditSourceEditor.build/Debug/CodeEditSourceEditor.build/Objects-normal/arm64/CodeEditSourceEditor.swiftmodule @/Users/jojo/Library/Developer/Xcode/DerivedData/Epistemos-ctkiyqxaarezsccbouumxcpfxvtl/Build/Intermediates.noindex/CodeEditSourceEditor.build/Debug/CodeEditSourceEditor.build/Objects-normal/arm64/CodeEditSourceEditor-linker-args.resp -Xlinker -add_ast_path -Xlinker /Users/jojo/Library/Developer/Xcode/DerivedData/Epistemos-ctkiyqxaarezsccbouumxcpfxvtl/Build/Intermediates.noindex/CodeEditTextView.build/Debug/CodeEditTextView.build/Objects-normal/arm64/CodeEditTextView.swiftmodule @/Users/jojo/Library/Developer/Xcode/DerivedData/Epistemos-ctkiyqxaarezsccbouumxcpfxvtl/Build/Intermediates.noindex/CodeEditTextView.build/Debug/CodeEditTextView.build/Objects-normal/arm64/CodeEditTextView-linker-args.resp -Xlinker -add_ast_path -Xlinker /Users/jojo/Library/Developer/Xcode/DerivedData/Epistemos-ctkiyqxaarezsccbouumxcpfxvtl/Build/Intermediates.noindex/TextStory.build/Debug/TextStory.build/Objects-normal/arm64/TextStory.swiftmodule @/Users/jojo/Library/Developer/Xcode/DerivedData/Epistemos-ctkiyqxaarezsccbouumxcpfxvtl/Build/Intermediates.noindex/TextStory.build/Debug/TextStory.build/Objects-normal/arm64/TextStory-linker-args.resp -Xlinker -add_ast_path -Xlinker /Users/jojo/Library/Developer/Xcode/DerivedData/Epistemos-ctkiyqxaarezsccbouumxcpfxvtl/Build/Intermediates.noindex/Rearrange.build/Debug/Rearrange.build/Objects-normal/arm64/Rearrange.swiftmodule @/Users/jojo/Library/Developer/Xcode/DerivedData/Epistemos-ctkiyqxaarezsccbouumxcpfxvtl/Build/Intermediates.noindex/Rearrange.build/Debug/Rearrange.build/Objects-normal/arm64/Rearrange-linker-args.resp -Xlinker -add_ast_path -Xlinker /Users/jojo/Library/Developer/Xcode/DerivedData/Epistemos-ctkiyqxaarezsccbouumxcpfxvtl/Build/Intermediates.noindex/swift-collections.build/Debug/Collections.build/Objects-normal/arm64/Collections.swiftmodule @/Users/jojo/Library/Developer/Xcode/DerivedData/Epistemos-ctkiyqxaarezsccbouumxcpfxvtl/Build/Intermediates.noindex/swift-collections.build/Debug/Collections.build/Objects-normal/arm64/Collections-linker-args.resp -Xlinker -add_ast_path -Xlinker /Users/jojo/Library/Developer/Xcode/DerivedData/Epistemos-ctkiyqxaarezsccbouumxcpfxvtl/Build/Intermediates.noindex/swift-collections.build/Debug/BitCollections.build/Objects-normal/arm64/BitCollections.swiftmodule @/Users/jojo/Library/Developer/Xcode/DerivedData/Epistemos-ctkiyqxaarezsccbouumxcpfxvtl/Build/Intermediates.noindex/swift-collections.build/Debug/BitCollections.build/Objects-normal/arm64/BitCollections-linker-args.resp -Xlinker -add_ast_path -Xlinker /Users/jojo/Library/Developer/Xcode/DerivedData/Epistemos-ctkiyqxaarezsccbouumxcpfxvtl/Build/Intermediates.noindex/swift-collections.build/Debug/HashTreeCollections.build/Objects-normal/arm64/HashTreeCollections.swiftmodule @/Users/jojo/Library/Developer/Xcode/DerivedData/Epistemos-ctkiyqxaarezsccbouumxcpfxvtl/Build/Intermediates.noindex/swift-collections.build/Debug/HashTreeCollections.build/Objects-normal/arm64/HashTreeCollections-linker-args.resp -Xlinker -add_ast_path -Xlinker /Users/jojo/Library/Developer/Xcode/DerivedData/Epistemos-ctkiyqxaarezsccbouumxcpfxvtl/Build/Intermediates.noindex/swift-collections.build/Debug/HeapModule.build/Objects-normal/arm64/HeapModule.swiftmodule @/Users/jojo/Library/Developer/Xcode/DerivedData/Epistemos-ctkiyqxaarezsccbouumxcpfxvtl/Build/Intermediates.noindex/swift-collections.build/Debug/HeapModule.build/Objects-normal/arm64/HeapModule-linker-args.resp -Xlinker -add_ast_path -Xlinker /Users/jojo/Library/Developer/Xcode/DerivedData/Epistemos-ctkiyqxaarezsccbouumxcpfxvtl/Build/Intermediates.noindex/swift-collections.build/Debug/_RopeModule.build/Objects-normal/arm64/_RopeModule.swiftmodule @/Users/jojo/Library/Developer/Xcode/DerivedData/Epistemos-ctkiyqxaarezsccbouumxcpfxvtl/Build/Intermediates.noindex/swift-collections.build/Debug/_RopeModule.build/Objects-normal/arm64/_RopeModule-linker-args.resp -Xlinker -add_ast_path -Xlinker /Users/jojo/Library/Developer/Xcode/DerivedData/Epistemos-ctkiyqxaarezsccbouumxcpfxvtl/Build/Intermediates.noindex/CodeEditLanguages.build/Debug/CodeEditLanguages.build/Objects-normal/arm64/CodeEditLanguages.swiftmodule @/Users/jojo/Library/Developer/Xcode/DerivedData/Epistemos-ctkiyqxaarezsccbouumxcpfxvtl/Build/Intermediates.noindex/CodeEditLanguages.build/Debug/CodeEditLanguages.build/Objects-normal/arm64/CodeEditLanguages-linker-args.resp -Xlinker -add_ast_path -Xlinker /Users/jojo/Library/Developer/Xcode/DerivedData/Epistemos-ctkiyqxaarezsccbouumxcpfxvtl/Build/Intermediates.noindex/SwiftTreeSitter.build/Debug/SwiftTreeSitter.build/Objects-normal/arm64/SwiftTreeSitter.swiftmodule @/Users/jojo/Library/Developer/Xcode/DerivedData/Epistemos-ctkiyqxaarezsccbouumxcpfxvtl/Build/Intermediates.noindex/SwiftTreeSitter.build/Debug/SwiftTreeSitter.build/Objects-normal/arm64/SwiftTreeSitter-linker-args.resp -Xlinker -add_ast_path -Xlinker /Users/jojo/Library/Developer/Xcode/DerivedData/Epistemos-ctkiyqxaarezsccbouumxcpfxvtl/Build/Intermediates.noindex/TextFormation.build/Debug/TextFormation.build/Objects-normal/arm64/TextFormation.swiftmodule @/Users/jojo/Library/Developer/Xcode/DerivedData/Epistemos-ctkiyqxaarezsccbouumxcpfxvtl/Build/Intermediates.noindex/TextFormation.build/Debug/TextFormation.build/Objects-normal/arm64/TextFormation-linker-args.resp -Xlinker -add_ast_path -Xlinker /Users/jojo/Library/Developer/Xcode/DerivedData/Epistemos-ctkiyqxaarezsccbouumxcpfxvtl/Build/Intermediates.noindex/CodeEditSymbols.build/Debug/CodeEditSymbols.build/Objects-normal/arm64/CodeEditSymbols.swiftmodule @/Users/jojo/Library/Developer/Xcode/DerivedData/Epistemos-ctkiyqxaarezsccbouumxcpfxvtl/Build/Intermediates.noindex/CodeEditSymbols.build/Debug/CodeEditSymbols.build/Objects-normal/arm64/CodeEditSymbols-linker-args.resp -Xlinker -add_ast_path -Xlinker /Users/jojo/Library/Developer/Xcode/DerivedData/Epistemos-ctkiyqxaarezsccbouumxcpfxvtl/Build/Intermediates.noindex/mlx-swift-structured.build/Debug/MLXStructured.build/Objects-normal/arm64/MLXStructured.swiftmodule @/Users/jojo/Library/Developer/Xcode/DerivedData/Epistemos-ctkiyqxaarezsccbouumxcpfxvtl/Build/Intermediates.noindex/mlx-swift-structured.build/Debug/MLXStructured.build/Objects-normal/arm64/MLXStructured-linker-args.resp -Xlinker -add_ast_path -Xlinker /Users/jojo/Library/Developer/Xcode/DerivedData/Epistemos-ctkiyqxaarezsccbouumxcpfxvtl/Build/Intermediates.noindex/JSONSchema.build/Debug/JSONSchema.build/Objects-normal/arm64/JSONSchema.swiftmodule @/Users/jojo/Library/Developer/Xcode/DerivedData/Epistemos-ctkiyqxaarezsccbouumxcpfxvtl/Build/Intermediates.noindex/JSONSchema.build/Debug/JSONSchema.build/Objects-normal/arm64/JSONSchema-linker-args.resp -Xlinker -add_ast_path -Xlinker /Users/jojo/Library/Developer/Xcode/DerivedData/Epistemos-ctkiyqxaarezsccbouumxcpfxvtl/Build/Intermediates.noindex/swift-async-algorithms.build/Debug/AsyncAlgorithms.build/Objects-normal/arm64/AsyncAlgorithms.swiftmodule @/Users/jojo/Library/Developer/Xcode/DerivedData/Epistemos-ctkiyqxaarezsccbouumxcpfxvtl/Build/Intermediates.noindex/swift-async-algorithms.build/Debug/AsyncAlgorithms.build/Objects-normal/arm64/AsyncAlgorithms-linker-args.resp

ConstructStubExecutorLinkFileList /Users/jojo/Library/Developer/Xcode/DerivedData/Epistemos-ctkiyqxaarezsccbouumxcpfxvtl/Build/Intermediates.noindex/Epistemos.build/Debug/Epistemos.build/Epistemos-ExecutorLinkFileList-normal-arm64.txt (in target 'Epistemos' from project 'Epistemos')
    cd /Users/jojo/Downloads/Epistemos
    construct-stub-executor-link-file-list /Users/jojo/Library/Developer/Xcode/DerivedData/Epistemos-ctkiyqxaarezsccbouumxcpfxvtl/Build/Products/Debug/Epistemos.app/Contents/MacOS/Epistemos.debug.dylib /Applications/Xcode.app/Contents/Developer/Platforms/MacOSX.platform/Developer/usr/lib/libPreviewsJITStubExecutor_no_swift_entry_point.a /Applications/Xcode.app/Contents/Developer/Platforms/MacOSX.platform/Developer/usr/lib/libPreviewsJITStubExecutor.a --output /Users/jojo/Library/Developer/Xcode/DerivedData/Epistemos-ctkiyqxaarezsccbouumxcpfxvtl/Build/Intermediates.noindex/Epistemos.build/Debug/Epistemos.build/Epistemos-ExecutorLinkFileList-normal-arm64.txt
note: Using stub executor library with Swift entry point. (in target 'Epistemos' from project 'Epistemos')

Ld /Users/jojo/Library/Developer/Xcode/DerivedData/Epistemos-ctkiyqxaarezsccbouumxcpfxvtl/Build/Products/Debug/Epistemos.app/Contents/MacOS/Epistemos normal (in target 'Epistemos' from project 'Epistemos')
    cd /Users/jojo/Downloads/Epistemos
    /Applications/Xcode.app/Contents/Developer/Toolchains/XcodeDefault.xctoolchain/usr/bin/clang -Xlinker -reproducible -target arm64-apple-macos26.0 -isysroot /Applications/Xcode.app/Contents/Developer/Platforms/MacOSX.platform/Developer/SDKs/MacOSX26.4.sdk -O0 -L/Users/jojo/Library/Developer/Xcode/DerivedData/Epistemos-ctkiyqxaarezsccbouumxcpfxvtl/Build/Products/Debug -F/Users/jojo/Library/Developer/Xcode/DerivedData/Epistemos-ctkiyqxaarezsccbouumxcpfxvtl/Build/Products/Debug/PackageFrameworks -F/Users/jojo/Library/Developer/Xcode/DerivedData/Epistemos-ctkiyqxaarezsccbouumxcpfxvtl/Build/Products/Debug/PackageFrameworks -F/Users/jojo/Library/Developer/Xcode/DerivedData/Epistemos-ctkiyqxaarezsccbouumxcpfxvtl/Build/Products/Debug/PackageFrameworks -F/Users/jojo/Library/Developer/Xcode/DerivedData/Epistemos-ctkiyqxaarezsccbouumxcpfxvtl/Build/Products/Debug/PackageFrameworks -F/Users/jojo/Library/Developer/Xcode/DerivedData/Epistemos-ctkiyqxaarezsccbouumxcpfxvtl/Build/Products/Debug/PackageFrameworks -F/Users/jojo/Library/Developer/Xcode/DerivedData/Epistemos-ctkiyqxaarezsccbouumxcpfxvtl/Build/Products/Debug/PackageFrameworks -F/Users/jojo/Library/Developer/Xcode/DerivedData/Epistemos-ctkiyqxaarezsccbouumxcpfxvtl/Build/Products/Debug/PackageFrameworks -F/Users/jojo/Library/Developer/Xcode/DerivedData/Epistemos-ctkiyqxaarezsccbouumxcpfxvtl/Build/Products/Debug/PackageFrameworks -F/Users/jojo/Library/Developer/Xcode/DerivedData/Epistemos-ctkiyqxaarezsccbouumxcpfxvtl/Build/Products/Debug/PackageFrameworks -F/Users/jojo/Library/Developer/Xcode/DerivedData/Epistemos-ctkiyqxaarezsccbouumxcpfxvtl/Build/Products/Debug/PackageFrameworks -F/Users/jojo/Library/Developer/Xcode/DerivedData/Epistemos-ctkiyqxaarezsccbouumxcpfxvtl/Build/Products/Debug/PackageFrameworks -F/Users/jojo/Library/Developer/Xcode/DerivedData/Epistemos-ctkiyqxaarezsccbouumxcpfxvtl/Build/Products/Debug/PackageFrameworks -F/Users/jojo/Library/Developer/Xcode/DerivedData/Epistemos-ctkiyqxaarezsccbouumxcpfxvtl/Build/Products/Debug/PackageFrameworks -F/Users/jojo/Library/Developer/Xcode/DerivedData/Epistemos-ctkiyqxaarezsccbouumxcpfxvtl/Build/Products/Debug/PackageFrameworks -F/Users/jojo/Library/Developer/Xcode/DerivedData/Epistemos-ctkiyqxaarezsccbouumxcpfxvtl/Build/Products/Debug/PackageFrameworks -F/Users/jojo/Library/Developer/Xcode/DerivedData/Epistemos-ctkiyqxaarezsccbouumxcpfxvtl/Build/Products/Debug/PackageFrameworks -F/Users/jojo/Library/Developer/Xcode/DerivedData/Epistemos-ctkiyqxaarezsccbouumxcpfxvtl/Build/Products/Debug/PackageFrameworks -F/Users/jojo/Library/Developer/Xcode/DerivedData/Epistemos-ctkiyqxaarezsccbouumxcpfxvtl/Build/Products/Debug/PackageFrameworks -F/Users/jojo/Library/Developer/Xcode/DerivedData/Epistemos-ctkiyqxaarezsccbouumxcpfxvtl/Build/Products/Debug/PackageFrameworks -F/Users/jojo/Library/Developer/Xcode/DerivedData/Epistemos-ctkiyqxaarezsccbouumxcpfxvtl/Build/Products/Debug/PackageFrameworks -F/Users/jojo/Library/Developer/Xcode/DerivedData/Epistemos-ctkiyqxaarezsccbouumxcpfxvtl/Build/Products/Debug/PackageFrameworks -F/Users/jojo/Library/Developer/Xcode/DerivedData/Epistemos-ctkiyqxaarezsccbouumxcpfxvtl/Build/Products/Debug/PackageFrameworks -F/Users/jojo/Library/Developer/Xcode/DerivedData/Epistemos-ctkiyqxaarezsccbouumxcpfxvtl/Build/Products/Debug/PackageFrameworks -F/Users/jojo/Library/Developer/Xcode/DerivedData/Epistemos-ctkiyqxaarezsccbouumxcpfxvtl/Build/Products/Debug/PackageFrameworks -F/Users/jojo/Library/Developer/Xcode/DerivedData/Epistemos-ctkiyqxaarezsccbouumxcpfxvtl/Build/Products/Debug/PackageFrameworks -F/Users/jojo/Library/Developer/Xcode/DerivedData/Epistemos-ctkiyqxaarezsccbouumxcpfxvtl/Build/Products/Debug/PackageFrameworks -F/Users/jojo/Library/Developer/Xcode/DerivedData/Epistemos-ctkiyqxaarezsccbouumxcpfxvtl/Build/Products/Debug/PackageFrameworks -F/Users/jojo/Library/Developer/Xcode/DerivedData/Epistemos-ctkiyqxaarezsccbouumxcpfxvtl/Build/Products/Debug/PackageFrameworks -F/Users/jojo/Library/Developer/Xcode/DerivedData/Epistemos-ctkiyqxaarezsccbouumxcpfxvtl/Build/Products/Debug/PackageFrameworks -F/Users/jojo/Library/Developer/Xcode/DerivedData/Epistemos-ctkiyqxaarezsccbouumxcpfxvtl/Build/Products/Debug/PackageFrameworks -F/Users/jojo/Library/Developer/Xcode/DerivedData/Epistemos-ctkiyqxaarezsccbouumxcpfxvtl/Build/Products/Debug/PackageFrameworks -F/Users/jojo/Library/Developer/Xcode/DerivedData/Epistemos-ctkiyqxaarezsccbouumxcpfxvtl/Build/Products/Debug/PackageFrameworks -F/Users/jojo/Library/Developer/Xcode/DerivedData/Epistemos-ctkiyqxaarezsccbouumxcpfxvtl/Build/Products/Debug/PackageFrameworks -F/Users/jojo/Library/Developer/Xcode/DerivedData/Epistemos-ctkiyqxaarezsccbouumxcpfxvtl/Build/Products/Debug/PackageFrameworks -F/Users/jojo/Library/Developer/Xcode/DerivedData/Epistemos-ctkiyqxaarezsccbouumxcpfxvtl/Build/Products/Debug/PackageFrameworks -F/Users/jojo/Library/Developer/Xcode/DerivedData/Epistemos-ctkiyqxaarezsccbouumxcpfxvtl/Build/Products/Debug/PackageFrameworks -F/Users/jojo/Library/Developer/Xcode/DerivedData/Epistemos-ctkiyqxaarezsccbouumxcpfxvtl/Build/Products/Debug/PackageFrameworks -F/Users/jojo/Library/Developer/Xcode/DerivedData/Epistemos-ctkiyqxaarezsccbouumxcpfxvtl/Build/Products/Debug/PackageFrameworks -F/Users/jojo/Library/Developer/Xcode/DerivedData/Epistemos-ctkiyqxaarezsccbouumxcpfxvtl/Build/Products/Debug/PackageFrameworks -F/Users/jojo/Library/Developer/Xcode/DerivedData/Epistemos-ctkiyqxaarezsccbouumxcpfxvtl/Build/Products/Debug/PackageFrameworks -F/Users/jojo/Library/Developer/Xcode/DerivedData/Epistemos-ctkiyqxaarezsccbouumxcpfxvtl/Build/Products/Debug/PackageFrameworks -F/Users/jojo/Library/Developer/Xcode/DerivedData/Epistemos-ctkiyqxaarezsccbouumxcpfxvtl/Build/Products/Debug/PackageFrameworks -F/Users/jojo/Library/Developer/Xcode/DerivedData/Epistemos-ctkiyqxaarezsccbouumxcpfxvtl/Build/Products/Debug/PackageFrameworks -F/Users/jojo/Library/Developer/Xcode/DerivedData/Epistemos-ctkiyqxaarezsccbouumxcpfxvtl/Build/Products/Debug/PackageFrameworks -F/Users/jojo/Library/Developer/Xcode/DerivedData/Epistemos-ctkiyqxaarezsccbouumxcpfxvtl/Build/Products/Debug/PackageFrameworks -F/Users/jojo/Library/Developer/Xcode/DerivedData/Epistemos-ctkiyqxaarezsccbouumxcpfxvtl/Build/Products/Debug/PackageFrameworks -F/Users/jojo/Library/Developer/Xcode/DerivedData/Epistemos-ctkiyqxaarezsccbouumxcpfxvtl/Build/Products/Debug/PackageFrameworks -F/Users/jojo/Library/Developer/Xcode/DerivedData/Epistemos-ctkiyqxaarezsccbouumxcpfxvtl/Build/Products/Debug/PackageFrameworks -F/Users/jojo/Library/Developer/Xcode/DerivedData/Epistemos-ctkiyqxaarezsccbouumxcpfxvtl/Build/Products/Debug/PackageFrameworks -F/Users/jojo/Library/Developer/Xcode/DerivedData/Epistemos-ctkiyqxaarezsccbouumxcpfxvtl/Build/Products/Debug/PackageFrameworks -F/Users/jojo/Library/Developer/Xcode/DerivedData/Epistemos-ctkiyqxaarezsccbouumxcpfxvtl/Build/Products/Debug/PackageFrameworks -F/Users/jojo/Library/Developer/Xcode/DerivedData/Epistemos-ctkiyqxaarezsccbouumxcpfxvtl/Build/Products/Debug/PackageFrameworks -F/Users/jojo/Library/Developer/Xcode/DerivedData/Epistemos-ctkiyqxaarezsccbouumxcpfxvtl/Build/Products/Debug/PackageFrameworks -F/Users/jojo/Library/Developer/Xcode/DerivedData/Epistemos-ctkiyqxaarezsccbouumxcpfxvtl/Build/Products/Debug/PackageFrameworks -F/Users/jojo/Library/Developer/Xcode/DerivedData/Epistemos-ctkiyqxaarezsccbouumxcpfxvtl/Build/Products/Debug/PackageFrameworks -F/Users/jojo/Library/Developer/Xcode/DerivedData/Epistemos-ctkiyqxaarezsccbouumxcpfxvtl/Build/Products/Debug/PackageFrameworks -F/Users/jojo/Library/Developer/Xcode/DerivedData/Epistemos-ctkiyqxaarezsccbouumxcpfxvtl/Build/Products/Debug/PackageFrameworks -F/Users/jojo/Library/Developer/Xcode/DerivedData/Epistemos-ctkiyqxaarezsccbouumxcpfxvtl/Build/Products/Debug/PackageFrameworks -F/Users/jojo/Library/Developer/Xcode/DerivedData/Epistemos-ctkiyqxaarezsccbouumxcpfxvtl/Build/Products/Debug/PackageFrameworks -F/Users/jojo/Library/Developer/Xcode/DerivedData/Epistemos-ctkiyqxaarezsccbouumxcpfxvtl/Build/Products/Debug/PackageFrameworks -F/Users/jojo/Library/Developer/Xcode/DerivedData/Epistemos-ctkiyqxaarezsccbouumxcpfxvtl/Build/Products/Debug/PackageFrameworks -F/Users/jojo/Library/Developer/Xcode/DerivedData/Epistemos-ctkiyqxaarezsccbouumxcpfxvtl/Build/Products/Debug/PackageFrameworks -F/Users/jojo/Library/Developer/Xcode/DerivedData/Epistemos-ctkiyqxaarezsccbouumxcpfxvtl/Build/Products/Debug -Xlinker -rpath -Xlinker @executable_path -Xlinker -rpath -Xlinker /Users/jojo/Library/Developer/Xcode/DerivedData/Epistemos-ctkiyqxaarezsccbouumxcpfxvtl/Build/Products/Debug/PackageFrameworks -Xlinker -rpath -Xlinker @executable_path/../Frameworks -Xlinker -rpath -Xlinker @loader_path/../Frameworks -rdynamic -Xlinker -no_deduplicate -e ___debug_blank_executor_main -Xlinker -sectcreate -Xlinker __TEXT -Xlinker __debug_dylib -Xlinker /Users/jojo/Library/Developer/Xcode/DerivedData/Epistemos-ctkiyqxaarezsccbouumxcpfxvtl/Build/Intermediates.noindex/Epistemos.build/Debug/Epistemos.build/Epistemos-DebugDylibPath-normal-arm64.txt -Xlinker -sectcreate -Xlinker __TEXT -Xlinker __debug_instlnm -Xlinker /Users/jojo/Library/Developer/Xcode/DerivedData/Epistemos-ctkiyqxaarezsccbouumxcpfxvtl/Build/Intermediates.noindex/Epistemos.build/Debug/Epistemos.build/Epistemos-DebugDylibInstallName-normal-arm64.txt -Xlinker -filelist -Xlinker /Users/jojo/Library/Developer/Xcode/DerivedData/Epistemos-ctkiyqxaarezsccbouumxcpfxvtl/Build/Intermediates.noindex/Epistemos.build/Debug/Epistemos.build/Epistemos-ExecutorLinkFileList-normal-arm64.txt /Users/jojo/Library/Developer/Xcode/DerivedData/Epistemos-ctkiyqxaarezsccbouumxcpfxvtl/Build/Products/Debug/Epistemos.app/Contents/MacOS/Epistemos.debug.dylib -Xlinker -no_adhoc_codesign -o /Users/jojo/Library/Developer/Xcode/DerivedData/Epistemos-ctkiyqxaarezsccbouumxcpfxvtl/Build/Products/Debug/Epistemos.app/Contents/MacOS/Epistemos

PhaseScriptExecution Bundle\ Runtime\ Assets /Users/jojo/Library/Developer/Xcode/DerivedData/Epistemos-ctkiyqxaarezsccbouumxcpfxvtl/Build/Intermediates.noindex/Epistemos.build/Debug/Epistemos.build/Script-E7F099267B00E856637856A5.sh (in target 'Epistemos' from project 'Epistemos')
    cd /Users/jojo/Downloads/Epistemos
    export ACTION\=build
    export AD_HOC_CODE_SIGNING_ALLOWED\=YES
    export AGGREGATE_TRACKED_DOMAINS\=YES
    export ALLOW_BUILD_REQUEST_OVERRIDES\=NO
    export ALLOW_TARGET_PLATFORM_SPECIALIZATION\=NO
    export ALTERNATE_GROUP\=staff
    export ALTERNATE_MODE\=u+w,go-w,a+rX
    export ALTERNATE_OWNER\=jojo
    export ALTERNATIVE_DISTRIBUTION_WEB\=NO
    export ALWAYS_EMBED_SWIFT_STANDARD_LIBRARIES\=NO
    export ALWAYS_SEARCH_USER_PATHS\=NO
    export ALWAYS_USE_SEPARATE_HEADERMAPS\=NO
    export APPLICATION_EXTENSION_API_ONLY\=NO
    export APPLY_RULES_IN_COPY_FILES\=NO
    export APPLY_RULES_IN_COPY_HEADERS\=NO
    export APP_SHORTCUTS_ENABLE_FLEXIBLE_MATCHING\=YES
    export ARCHS\=arm64
    export ARCHS_BASE\=arm64
    export ARCHS_STANDARD\=arm64\ x86_64
    export ARCHS_STANDARD_32_64_BIT\=arm64\ x86_64\ i386
    export ARCHS_STANDARD_32_BIT\=i386
    export ARCHS_STANDARD_64_BIT\=arm64\ x86_64
    export ARCHS_STANDARD_INCLUDING_64_BIT\=arm64\ x86_64
    export ASSETCATALOG_COMPILER_APPICON_NAME\=AppIcon
    export AUTOMATICALLY_MERGE_DEPENDENCIES\=NO
    export AUTOMATION_APPLE_EVENTS\=NO
    export AVAILABLE_PLATFORMS\=android\ appletvos\ appletvsimulator\ driverkit\ freebsd\ iphoneos\ iphonesimulator\ linux\ macosx\ none\ openbsd\ qnx\ watchos\ watchsimulator\ webassembly\ xros\ xrsimulator
    export AppIdentifierPrefix\=3BNL2669SL.
    export BUILD_ACTIVE_RESOURCES_ONLY\=NO
    export BUILD_COMPONENTS\=headers\ build
    export BUILD_DIR\=/Users/jojo/Library/Developer/Xcode/DerivedData/Epistemos-ctkiyqxaarezsccbouumxcpfxvtl/Build/Products
    export BUILD_LIBRARY_FOR_DISTRIBUTION\=NO
    export BUILD_ONLY_KNOWN_LOCALIZATIONS\=NO
    export BUILD_ROOT\=/Users/jojo/Library/Developer/Xcode/DerivedData/Epistemos-ctkiyqxaarezsccbouumxcpfxvtl/Build/Products
    export BUILD_STYLE\=
    export BUILD_VARIANTS\=normal
    export BUILT_PRODUCTS_DIR\=/Users/jojo/Library/Developer/Xcode/DerivedData/Epistemos-ctkiyqxaarezsccbouumxcpfxvtl/Build/Products/Debug
    export BUNDLE_CONTENTS_FOLDER_PATH\=Contents/
    export BUNDLE_CONTENTS_FOLDER_PATH_deep\=Contents/
    export BUNDLE_EXECUTABLE_FOLDER_NAME_deep\=MacOS
    export BUNDLE_EXECUTABLE_FOLDER_PATH\=Contents/MacOS
    export BUNDLE_EXTENSIONS_FOLDER_PATH\=Contents/Extensions
    export BUNDLE_FORMAT\=deep
    export BUNDLE_FRAMEWORKS_FOLDER_PATH\=Contents/Frameworks
    export BUNDLE_PLUGINS_FOLDER_PATH\=Contents/PlugIns
    export BUNDLE_PRIVATE_HEADERS_FOLDER_PATH\=Contents/PrivateHeaders
    export BUNDLE_PUBLIC_HEADERS_FOLDER_PATH\=Contents/Headers
    export CACHE_ROOT\=/var/folders/3w/cpj519g555jbvmmbp42z7mvw0000gn/C/com.apple.DeveloperTools/26.4.1-17E202/Xcode
    export CCHROOT\=/var/folders/3w/cpj519g555jbvmmbp42z7mvw0000gn/C/com.apple.DeveloperTools/26.4.1-17E202/Xcode
    export CHMOD\=/bin/chmod
    export CHOWN\=chown
    export CLANG_ANALYZER_NONNULL\=YES
    export CLANG_ANALYZER_NUMBER_OBJECT_CONVERSION\=YES_AGGRESSIVE
    export CLANG_CACHE_FINE_GRAINED_OUTPUTS\=YES
    export CLANG_CXX_LANGUAGE_STANDARD\=gnu++14
    export CLANG_CXX_LIBRARY\=libc++
    export CLANG_ENABLE_EXPLICIT_MODULES\=YES
    export CLANG_ENABLE_MODULES\=YES
    export CLANG_ENABLE_OBJC_ARC\=YES
    export CLANG_ENABLE_OBJC_WEAK\=YES
    export CLANG_MODULES_BUILD_SESSION_FILE\=/Users/jojo/Library/Developer/Xcode/DerivedData/ModuleCache.noindex/Session.modulevalidation
    export CLANG_WARN_BLOCK_CAPTURE_AUTORELEASING\=YES
    export CLANG_WARN_BOOL_CONVERSION\=YES
    export CLANG_WARN_COMMA\=YES
    export CLANG_WARN_CONSTANT_CONVERSION\=YES
    export CLANG_WARN_DEPRECATED_OBJC_IMPLEMENTATIONS\=YES
    export CLANG_WARN_DIRECT_OBJC_ISA_USAGE\=YES_ERROR
    export CLANG_WARN_DOCUMENTATION_COMMENTS\=YES
    export CLANG_WARN_EMPTY_BODY\=YES
    export CLANG_WARN_ENUM_CONVERSION\=YES
    export CLANG_WARN_INFINITE_RECURSION\=YES
    export CLANG_WARN_INT_CONVERSION\=YES
    export CLANG_WARN_NON_LITERAL_NULL_CONVERSION\=YES
    export CLANG_WARN_OBJC_IMPLICIT_RETAIN_SELF\=YES
    export CLANG_WARN_OBJC_LITERAL_CONVERSION\=YES
    export CLANG_WARN_OBJC_ROOT_CLASS\=YES_ERROR
    export CLANG_WARN_QUOTED_INCLUDE_IN_FRAMEWORK_HEADER\=YES
    export CLANG_WARN_RANGE_LOOP_ANALYSIS\=YES
    export CLANG_WARN_STRICT_PROTOTYPES\=YES
    export CLANG_WARN_SUSPICIOUS_MOVE\=YES
    export CLANG_WARN_UNGUARDED_AVAILABILITY\=YES_AGGRESSIVE
    export CLANG_WARN_UNREACHABLE_CODE\=YES
    export CLANG_WARN__DUPLICATE_METHOD_MATCH\=YES
    export CLASS_FILE_DIR\=/Users/jojo/Library/Developer/Xcode/DerivedData/Epistemos-ctkiyqxaarezsccbouumxcpfxvtl/Build/Intermediates.noindex/Epistemos.build/Debug/Epistemos.build/JavaClasses
    export CLEAN_PRECOMPS\=YES
    export CLONE_HEADERS\=NO
    export CODESIGNING_FOLDER_PATH\=/Users/jojo/Library/Developer/Xcode/DerivedData/Epistemos-ctkiyqxaarezsccbouumxcpfxvtl/Build/Products/Debug/Epistemos.app
    export CODE_SIGNING_ALLOWED\=YES
    export CODE_SIGNING_REQUIRED\=YES
    export CODE_SIGN_ENTITLEMENTS\=Epistemos/Epistemos-Debug.entitlements
    export CODE_SIGN_IDENTITY\=Apple\ Development
    export CODE_SIGN_IDENTITY_NO\=Apple\ Development
    export CODE_SIGN_IDENTITY_YES\=-
    export CODE_SIGN_INJECT_BASE_ENTITLEMENTS\=YES
    export CODE_SIGN_STYLE\=Automatic
    export COLOR_DIAGNOSTICS\=NO
    export COMBINE_HIDPI_IMAGES\=YES
    export COMPILATION_CACHE_CAS_PATH\=/Users/jojo/Library/Developer/Xcode/DerivedData/CompilationCache.noindex
    export COMPILATION_CACHE_KEEP_CAS_DIRECTORY\=YES
    export COMPILER_INDEX_STORE_ENABLE\=Default
    export COMPOSITE_SDK_DIRS\=/Users/jojo/Library/Developer/Xcode/DerivedData/Epistemos-ctkiyqxaarezsccbouumxcpfxvtl/Build/Intermediates.noindex/CompositeSDKs
    export COMPRESS_PNG_FILES\=NO
    export CONFIGURATION\=Debug
    export CONFIGURATION_BUILD_DIR\=/Users/jojo/Library/Developer/Xcode/DerivedData/Epistemos-ctkiyqxaarezsccbouumxcpfxvtl/Build/Products/Debug
    export CONFIGURATION_TEMP_DIR\=/Users/jojo/Library/Developer/Xcode/DerivedData/Epistemos-ctkiyqxaarezsccbouumxcpfxvtl/Build/Intermediates.noindex/Epistemos.build/Debug
    export CONTENTS_FOLDER_PATH\=Epistemos.app/Contents
    export CONTENTS_FOLDER_PATH_SHALLOW_BUNDLE_NO\=Epistemos.app/Contents
    export CONTENTS_FOLDER_PATH_SHALLOW_BUNDLE_YES\=Epistemos.app
    export COPYING_PRESERVES_HFS_DATA\=NO
    export COPY_HEADERS_RUN_UNIFDEF\=NO
    export COPY_PHASE_STRIP\=NO
    export CP\=/bin/cp
    export CREATE_INFOPLIST_SECTION_IN_BINARY\=NO
    export CURRENT_ARCH\=undefined_arch
    export CURRENT_VARIANT\=normal
    export DEAD_CODE_STRIPPING\=NO
    export DEBUGGING_SYMBOLS\=YES
    export DEBUG_INFORMATION_FORMAT\=dwarf
    export DEBUG_INFORMATION_VERSION\=compiler-default
    export DEFAULT_COMPILER\=com.apple.compilers.llvm.clang.1_0
    export DEFAULT_DEXT_INSTALL_PATH\=/System/Library/DriverExtensions
    export DEFAULT_KEXT_INSTALL_PATH\=/System/Library/Extensions
    export DEFINES_MODULE\=NO
    export DEPLOYMENT_LOCATION\=NO
    export DEPLOYMENT_POSTPROCESSING\=NO
    export DEPLOYMENT_TARGET_SETTING_NAME\=MACOSX_DEPLOYMENT_TARGET
    export DEPLOYMENT_TARGET_SUGGESTED_VALUES\=10.13\ 10.14\ 10.15\ 11.0\ 11.1\ 11.2\ 11.3\ 11.4\ 11.5\ 12.0\ 12.2\ 12.3\ 12.4\ 13.0\ 13.1\ 13.2\ 13.3\ 13.4\ 13.5\ 14.0\ 14.1\ 14.2\ 14.3\ 14.4\ 14.5\ 14.6\ 15.0\ 15.1\ 15.2\ 15.3\ 15.4\ 15.5\ 15.6\ 26.0\ 26.1\ 26.2\ 26.3\ 26.4
    export DERIVED_FILES_DIR\=/Users/jojo/Library/Developer/Xcode/DerivedData/Epistemos-ctkiyqxaarezsccbouumxcpfxvtl/Build/Intermediates.noindex/Epistemos.build/Debug/Epistemos.build/DerivedSources
    export DERIVED_FILE_DIR\=/Users/jojo/Library/Developer/Xcode/DerivedData/Epistemos-ctkiyqxaarezsccbouumxcpfxvtl/Build/Intermediates.noindex/Epistemos.build/Debug/Epistemos.build/DerivedSources
    export DERIVED_SOURCES_DIR\=/Users/jojo/Library/Developer/Xcode/DerivedData/Epistemos-ctkiyqxaarezsccbouumxcpfxvtl/Build/Intermediates.noindex/Epistemos.build/Debug/Epistemos.build/DerivedSources
    export DEVELOPER_APPLICATIONS_DIR\=/Applications/Xcode.app/Contents/Developer/Applications
    export DEVELOPER_BIN_DIR\=/Applications/Xcode.app/Contents/Developer/usr/bin
    export DEVELOPER_DIR\=/Applications/Xcode.app/Contents/Developer
    export DEVELOPER_FRAMEWORKS_DIR\=/Applications/Xcode.app/Contents/Developer/Library/Frameworks
    export DEVELOPER_FRAMEWORKS_DIR_QUOTED\=/Applications/Xcode.app/Contents/Developer/Library/Frameworks
    export DEVELOPER_LIBRARY_DIR\=/Applications/Xcode.app/Contents/Developer/Library
    export DEVELOPER_SDK_DIR\=/Applications/Xcode.app/Contents/Developer/Platforms/MacOSX.platform/Developer/SDKs
    export DEVELOPER_TOOLS_DIR\=/Applications/Xcode.app/Contents/Developer/Tools
    export DEVELOPER_USR_DIR\=/Applications/Xcode.app/Contents/Developer/usr
    export DEVELOPMENT_LANGUAGE\=en
    export DEVELOPMENT_TEAM\=3BNL2669SL
    export DIAGNOSE_MISSING_TARGET_DEPENDENCIES\=YES
    export DIFF\=/usr/bin/diff
    export DOCUMENTATION_FOLDER_PATH\=Epistemos.app/Contents/Resources/en.lproj/Documentation
    export DONT_GENERATE_INFOPLIST_FILE\=NO
    export DSTROOT\=/tmp/Epistemos.dst
    export DT_TOOLCHAIN_DIR\=/Applications/Xcode.app/Contents/Developer/Toolchains/XcodeDefault.xctoolchain
    export DUMP_DEPENDENCIES\=NO
    export DUMP_DEPENDENCIES_OUTPUT_PATH\=/Users/jojo/Library/Developer/Xcode/DerivedData/Epistemos-ctkiyqxaarezsccbouumxcpfxvtl/Build/Intermediates.noindex/Epistemos.build/Debug/Epistemos.build/Epistemos-BuildDependencyInfo.json
    export DWARF_DSYM_FILE_NAME\=Epistemos.app.dSYM
    export DWARF_DSYM_FILE_SHOULD_ACCOMPANY_PRODUCT\=NO
    export DWARF_DSYM_FOLDER_PATH\=/Users/jojo/Library/Developer/Xcode/DerivedData/Epistemos-ctkiyqxaarezsccbouumxcpfxvtl/Build/Products/Debug
    export DYNAMIC_LIBRARY_EXTENSION\=dylib
    export EAGER_COMPILATION_ALLOW_SCRIPTS\=NO
    export EAGER_LINKING\=NO
    export EFFECTIVE_SWIFT_VERSION\=6
    export EMBEDDED_CONTENT_CONTAINS_SWIFT\=NO
    export EMBEDDED_PROFILE_NAME\=embedded.provisionprofile
    export EMBED_ASSET_PACKS_IN_PRODUCT_BUNDLE\=NO
    export EMBED_PACKAGE_RESOURCE_BUNDLE_NAMES\=\ swift-transformers_Hub\ swift-crypto_Crypto\ CodeEditLanguages_CodeEditLanguages\ CodeEditSymbols_CodeEditSymbols\ mlx-swift_Cmlx\ GRDB_GRDB
    export ENABLE_APP_SANDBOX\=NO
    export ENABLE_CODE_COVERAGE\=YES
    export ENABLE_COHORT_ARCHS\=NO
    export ENABLE_CPLUSPLUS_BOUNDS_SAFE_BUFFERS\=NO
    export ENABLE_C_BOUNDS_SAFETY\=NO
    export ENABLE_DEBUG_DYLIB\=YES
    export ENABLE_DEFAULT_HEADER_SEARCH_PATHS\=YES
    export ENABLE_DEFAULT_SEARCH_PATHS\=YES
    export ENABLE_ENHANCED_SECURITY\=NO
    export ENABLE_HARDENED_RUNTIME\=NO
    export ENABLE_HEADER_DEPENDENCIES\=YES
    export ENABLE_INCOMING_NETWORK_CONNECTIONS\=NO
    export ENABLE_ON_DEMAND_RESOURCES\=NO
    export ENABLE_OUTGOING_NETWORK_CONNECTIONS\=NO
    export ENABLE_POINTER_AUTHENTICATION\=NO
    export ENABLE_PREVIEWS\=NO
    export ENABLE_RESOURCE_ACCESS_AUDIO_INPUT\=NO
    export ENABLE_RESOURCE_ACCESS_BLUETOOTH\=NO
    export ENABLE_RESOURCE_ACCESS_CALENDARS\=NO
    export ENABLE_RESOURCE_ACCESS_CAMERA\=NO
    export ENABLE_RESOURCE_ACCESS_CONTACTS\=NO
    export ENABLE_RESOURCE_ACCESS_LOCATION\=NO
    export ENABLE_RESOURCE_ACCESS_PHOTO_LIBRARY\=NO
    export ENABLE_RESOURCE_ACCESS_PRINTING\=NO
    export ENABLE_RESOURCE_ACCESS_USB\=NO
    export ENABLE_SDK_IMPORTS\=NO
    export ENABLE_SECURITY_COMPILER_WARNINGS\=NO
    export ENABLE_STRICT_OBJC_MSGSEND\=YES
    export ENABLE_TESTABILITY\=YES
    export ENABLE_TESTING_SEARCH_PATHS\=NO
    export ENABLE_USER_SCRIPT_SANDBOXING\=NO
    export ENABLE_XOJIT_PREVIEWS\=YES
    export ENFORCE_VALID_ARCHS\=YES
    export ENTITLEMENTS_ALLOWED\=YES
    export ENTITLEMENTS_DESTINATION\=Signature
    export ENTITLEMENTS_REQUIRED\=NO
    export EXCLUDED_INSTALLSRC_SUBDIRECTORY_PATTERNS\=.DS_Store\ .svn\ .git\ .hg\ CVS
    export EXCLUDED_RECURSIVE_SEARCH_PATH_SUBDIRECTORIES\=\*.nib\ \*.lproj\ \*.framework\ \*.gch\ \*.xcode\*\ \*.xcassets\ \*.icon\ \(\*\)\ .DS_Store\ CVS\ .svn\ .git\ .hg\ \*.pbproj\ \*.pbxproj
    export EXECUTABLES_FOLDER_PATH\=Epistemos.app/Contents/Executables
    export EXECUTABLE_BLANK_INJECTION_DYLIB_PATH\=Epistemos.app/Contents/MacOS/__preview.dylib
    export EXECUTABLE_DEBUG_DYLIB_INSTALL_NAME\=@rpath/Epistemos.debug.dylib
    export EXECUTABLE_DEBUG_DYLIB_PATH\=Epistemos.app/Contents/MacOS/Epistemos.debug.dylib
    export EXECUTABLE_FOLDER_PATH\=Epistemos.app/Contents/MacOS
    export EXECUTABLE_FOLDER_PATH_SHALLOW_BUNDLE_NO\=Epistemos.app/Contents/MacOS
    export EXECUTABLE_FOLDER_PATH_SHALLOW_BUNDLE_YES\=Epistemos.app/Contents
    export EXECUTABLE_NAME\=Epistemos
    export EXECUTABLE_PATH\=Epistemos.app/Contents/MacOS/Epistemos
    export EXPANDED_CODE_SIGN_IDENTITY\=AF2DF77A5068B80690E18117FD187198AA7D10CE
    export EXPANDED_CODE_SIGN_IDENTITY_NAME\=Apple\ Development:\ jordantyrellconley@gmail.com\ \(AL562BVF23\)
    export EXPANDED_PROVISIONING_PROFILE\=567a964a-ddf9-4667-9638-edda205f9f19
    export EXTENSIONS_FOLDER_PATH\=Epistemos.app/Contents/Extensions
    export FILE_LIST\=/Users/jojo/Library/Developer/Xcode/DerivedData/Epistemos-ctkiyqxaarezsccbouumxcpfxvtl/Build/Intermediates.noindex/Epistemos.build/Debug/Epistemos.build/Objects/LinkFileList
    export FIXED_FILES_DIR\=/Users/jojo/Library/Developer/Xcode/DerivedData/Epistemos-ctkiyqxaarezsccbouumxcpfxvtl/Build/Intermediates.noindex/Epistemos.build/Debug/Epistemos.build/FixedFiles
    export FRAMEWORKS_FOLDER_PATH\=Epistemos.app/Contents/Frameworks
    export FRAMEWORK_FLAG_PREFIX\=-framework
    export FRAMEWORK_SEARCH_PATHS\=/Users/jojo/Library/Developer/Xcode/DerivedData/Epistemos-ctkiyqxaarezsccbouumxcpfxvtl/Build/Products/Debug/PackageFrameworks\ /Users/jojo/Library/Developer/Xcode/DerivedData/Epistemos-ctkiyqxaarezsccbouumxcpfxvtl/Build/Products/Debug/PackageFrameworks\ /Users/jojo/Library/Developer/Xcode/DerivedData/Epistemos-ctkiyqxaarezsccbouumxcpfxvtl/Build/Products/Debug/PackageFrameworks\ /Users/jojo/Library/Developer/Xcode/DerivedData/Epistemos-ctkiyqxaarezsccbouumxcpfxvtl/Build/Products/Debug/PackageFrameworks\ /Users/jojo/Library/Developer/Xcode/DerivedData/Epistemos-ctkiyqxaarezsccbouumxcpfxvtl/Build/Products/Debug/PackageFrameworks\ /Users/jojo/Library/Developer/Xcode/DerivedData/Epistemos-ctkiyqxaarezsccbouumxcpfxvtl/Build/Products/Debug/PackageFrameworks\ /Users/jojo/Library/Developer/Xcode/DerivedData/Epistemos-ctkiyqxaarezsccbouumxcpfxvtl/Build/Products/Debug/PackageFrameworks\ /Users/jojo/Library/Developer/Xcode/DerivedData/Epistemos-ctkiyqxaarezsccbouumxcpfxvtl/Build/Products/Debug/PackageFrameworks\ /Users/jojo/Library/Developer/Xcode/DerivedData/Epistemos-ctkiyqxaarezsccbouumxcpfxvtl/Build/Products/Debug/PackageFrameworks\ /Users/jojo/Library/Developer/Xcode/DerivedData/Epistemos-ctkiyqxaarezsccbouumxcpfxvtl/Build/Products/Debug/PackageFrameworks\ /Users/jojo/Library/Developer/Xcode/DerivedData/Epistemos-ctkiyqxaarezsccbouumxcpfxvtl/Build/Products/Debug/PackageFrameworks\ /Users/jojo/Library/Developer/Xcode/DerivedData/Epistemos-ctkiyqxaarezsccbouumxcpfxvtl/Build/Products/Debug/PackageFrameworks\ /Users/jojo/Library/Developer/Xcode/DerivedData/Epistemos-ctkiyqxaarezsccbouumxcpfxvtl/Build/Products/Debug/PackageFrameworks\ /Users/jojo/Library/Developer/Xcode/DerivedData/Epistemos-ctkiyqxaarezsccbouumxcpfxvtl/Build/Products/Debug/PackageFrameworks\ /Users/jojo/Library/Developer/Xcode/DerivedData/Epistemos-ctkiyqxaarezsccbouumxcpfxvtl/Build/Products/Debug/PackageFrameworks\ /Users/jojo/Library/Developer/Xcode/DerivedData/Epistemos-ctkiyqxaarezsccbouumxcpfxvtl/Build/Products/Debug/PackageFrameworks\ /Users/jojo/Library/Developer/Xcode/DerivedData/Epistemos-ctkiyqxaarezsccbouumxcpfxvtl/Build/Products/Debug/PackageFrameworks\ /Users/jojo/Library/Developer/Xcode/DerivedData/Epistemos-ctkiyqxaarezsccbouumxcpfxvtl/Build/Products/Debug/PackageFrameworks\ /Users/jojo/Library/Developer/Xcode/DerivedData/Epistemos-ctkiyqxaarezsccbouumxcpfxvtl/Build/Products/Debug/PackageFrameworks\ /Users/jojo/Library/Developer/Xcode/DerivedData/Epistemos-ctkiyqxaarezsccbouumxcpfxvtl/Build/Products/Debug/PackageFrameworks\ /Users/jojo/Library/Developer/Xcode/DerivedData/Epistemos-ctkiyqxaarezsccbouumxcpfxvtl/Build/Products/Debug/PackageFrameworks\ /Users/jojo/Library/Developer/Xcode/DerivedData/Epistemos-ctkiyqxaarezsccbouumxcpfxvtl/Build/Products/Debug/PackageFrameworks\ /Users/jojo/Library/Developer/Xcode/DerivedData/Epistemos-ctkiyqxaarezsccbouumxcpfxvtl/Build/Products/Debug/PackageFrameworks\ /Users/jojo/Library/Developer/Xcode/DerivedData/Epistemos-ctkiyqxaarezsccbouumxcpfxvtl/Build/Products/Debug/PackageFrameworks\ /Users/jojo/Library/Developer/Xcode/DerivedData/Epistemos-ctkiyqxaarezsccbouumxcpfxvtl/Build/Products/Debug/PackageFrameworks\ /Users/jojo/Library/Developer/Xcode/DerivedData/Epistemos-ctkiyqxaarezsccbouumxcpfxvtl/Build/Products/Debug/PackageFrameworks\ /Users/jojo/Library/Developer/Xcode/DerivedData/Epistemos-ctkiyqxaarezsccbouumxcpfxvtl/Build/Products/Debug/PackageFrameworks\ /Users/jojo/Library/Developer/Xcode/DerivedData/Epistemos-ctkiyqxaarezsccbouumxcpfxvtl/Build/Products/Debug/PackageFrameworks\ /Users/jojo/Library/Developer/Xcode/DerivedData/Epistemos-ctkiyqxaarezsccbouumxcpfxvtl/Build/Products/Debug/PackageFrameworks\ /Users/jojo/Library/Developer/Xcode/DerivedData/Epistemos-ctkiyqxaarezsccbouumxcpfxvtl/Build/Products/Debug/PackageFrameworks\ /Users/jojo/Library/Developer/Xcode/DerivedData/Epistemos-ctkiyqxaarezsccbouumxcpfxvtl/Build/Products/Debug/PackageFrameworks\ /Users/jojo/Library/Developer/Xcode/DerivedData/Epistemos-ctkiyqxaarezsccbouumxcpfxvtl/Build/Products/Debug/PackageFrameworks\ /Users/jojo/Library/Developer/Xcode/DerivedData/Epistemos-ctkiyqxaarezsccbouumxcpfxvtl/Build/Products/Debug/PackageFrameworks\ /Users/jojo/Library/Developer/Xcode/DerivedData/Epistemos-ctkiyqxaarezsccbouumxcpfxvtl/Build/Products/Debug/PackageFrameworks\ /Users/jojo/Library/Developer/Xcode/DerivedData/Epistemos-ctkiyqxaarezsccbouumxcpfxvtl/Build/Products/Debug/PackageFrameworks\ /Users/jojo/Library/Developer/Xcode/DerivedData/Epistemos-ctkiyqxaarezsccbouumxcpfxvtl/Build/Products/Debug/PackageFrameworks\ /Users/jojo/Library/Developer/Xcode/DerivedData/Epistemos-ctkiyqxaarezsccbouumxcpfxvtl/Build/Products/Debug/PackageFrameworks\ /Users/jojo/Library/Developer/Xcode/DerivedData/Epistemos-ctkiyqxaarezsccbouumxcpfxvtl/Build/Products/Debug/PackageFrameworks\ /Users/jojo/Library/Developer/Xcode/DerivedData/Epistemos-ctkiyqxaarezsccbouumxcpfxvtl/Build/Products/Debug/PackageFrameworks\ /Users/jojo/Library/Developer/Xcode/DerivedData/Epistemos-ctkiyqxaarezsccbouumxcpfxvtl/Build/Products/Debug/PackageFrameworks\ /Users/jojo/Library/Developer/Xcode/DerivedData/Epistemos-ctkiyqxaarezsccbouumxcpfxvtl/Build/Products/Debug/PackageFrameworks\ /Users/jojo/Library/Developer/Xcode/DerivedData/Epistemos-ctkiyqxaarezsccbouumxcpfxvtl/Build/Products/Debug/PackageFrameworks\ /Users/jojo/Library/Developer/Xcode/DerivedData/Epistemos-ctkiyqxaarezsccbouumxcpfxvtl/Build/Products/Debug/PackageFrameworks\ /Users/jojo/Library/Developer/Xcode/DerivedData/Epistemos-ctkiyqxaarezsccbouumxcpfxvtl/Build/Products/Debug/PackageFrameworks\ /Users/jojo/Library/Developer/Xcode/DerivedData/Epistemos-ctkiyqxaarezsccbouumxcpfxvtl/Build/Products/Debug/PackageFrameworks\ /Users/jojo/Library/Developer/Xcode/DerivedData/Epistemos-ctkiyqxaarezsccbouumxcpfxvtl/Build/Products/Debug/PackageFrameworks\ /Users/jojo/Library/Developer/Xcode/DerivedData/Epistemos-ctkiyqxaarezsccbouumxcpfxvtl/Build/Products/Debug/PackageFrameworks\ /Users/jojo/Library/Developer/Xcode/DerivedData/Epistemos-ctkiyqxaarezsccbouumxcpfxvtl/Build/Products/Debug/PackageFrameworks\ /Users/jojo/Library/Developer/Xcode/DerivedData/Epistemos-ctkiyqxaarezsccbouumxcpfxvtl/Build/Products/Debug/PackageFrameworks\ /Users/jojo/Library/Developer/Xcode/DerivedData/Epistemos-ctkiyqxaarezsccbouumxcpfxvtl/Build/Products/Debug/PackageFrameworks\ /Users/jojo/Library/Developer/Xcode/DerivedData/Epistemos-ctkiyqxaarezsccbouumxcpfxvtl/Build/Products/Debug/PackageFrameworks\ /Users/jojo/Library/Developer/Xcode/DerivedData/Epistemos-ctkiyqxaarezsccbouumxcpfxvtl/Build/Products/Debug/PackageFrameworks\ /Users/jojo/Library/Developer/Xcode/DerivedData/Epistemos-ctkiyqxaarezsccbouumxcpfxvtl/Build/Products/Debug/PackageFrameworks\ /Users/jojo/Library/Developer/Xcode/DerivedData/Epistemos-ctkiyqxaarezsccbouumxcpfxvtl/Build/Products/Debug/PackageFrameworks\ /Users/jojo/Library/Developer/Xcode/DerivedData/Epistemos-ctkiyqxaarezsccbouumxcpfxvtl/Build/Products/Debug/PackageFrameworks\ /Users/jojo/Library/Developer/Xcode/DerivedData/Epistemos-ctkiyqxaarezsccbouumxcpfxvtl/Build/Products/Debug/PackageFrameworks\ /Users/jojo/Library/Developer/Xcode/DerivedData/Epistemos-ctkiyqxaarezsccbouumxcpfxvtl/Build/Products/Debug/PackageFrameworks\ /Users/jojo/Library/Developer/Xcode/DerivedData/Epistemos-ctkiyqxaarezsccbouumxcpfxvtl/Build/Products/Debug/PackageFrameworks\ /Users/jojo/Library/Developer/Xcode/DerivedData/Epistemos-ctkiyqxaarezsccbouumxcpfxvtl/Build/Products/Debug/PackageFrameworks\ /Users/jojo/Library/Developer/Xcode/DerivedData/Epistemos-ctkiyqxaarezsccbouumxcpfxvtl/Build/Products/Debug/PackageFrameworks\ /Users/jojo/Library/Developer/Xcode/DerivedData/Epistemos-ctkiyqxaarezsccbouumxcpfxvtl/Build/Products/Debug/PackageFrameworks\ /Users/jojo/Library/Developer/Xcode/DerivedData/Epistemos-ctkiyqxaarezsccbouumxcpfxvtl/Build/Products/Debug/PackageFrameworks\ /Users/jojo/Library/Developer/Xcode/DerivedData/Epistemos-ctkiyqxaarezsccbouumxcpfxvtl/Build/Products/Debug\
    export FRAMEWORK_VERSION\=A
    export FULL_PRODUCT_NAME\=Epistemos.app
    export FUSE_BUILD_PHASES\=YES
    export FUSE_BUILD_SCRIPT_PHASES\=NO
    export GCC3_VERSION\=3.3
    export GCC_C_LANGUAGE_STANDARD\=gnu11
    export GCC_DYNAMIC_NO_PIC\=NO
    export GCC_GENERATE_DEBUGGING_SYMBOLS\=YES
    export GCC_INLINES_ARE_PRIVATE_EXTERN\=YES
    export GCC_NO_COMMON_BLOCKS\=YES
    export GCC_OPTIMIZATION_LEVEL\=0
    export GCC_PFE_FILE_C_DIALECTS\=c\ objective-c\ c++\ objective-c++
    export GCC_PREPROCESSOR_DEFINITIONS\=\ DEBUG\=1
    export GCC_SYMBOLS_PRIVATE_EXTERN\=NO
    export GCC_TREAT_WARNINGS_AS_ERRORS\=NO
    export GCC_VERSION\=com.apple.compilers.llvm.clang.1_0
    export GCC_VERSION_IDENTIFIER\=com_apple_compilers_llvm_clang_1_0
    export GCC_WARN_64_TO_32_BIT_CONVERSION\=YES
    export GCC_WARN_ABOUT_RETURN_TYPE\=YES_ERROR
    export GCC_WARN_UNDECLARED_SELECTOR\=YES
    export GCC_WARN_UNINITIALIZED_AUTOS\=YES_AGGRESSIVE
    export GCC_WARN_UNUSED_FUNCTION\=YES
    export GCC_WARN_UNUSED_VARIABLE\=YES
    export GENERATED_MODULEMAP_DIR\=/Users/jojo/Library/Developer/Xcode/DerivedData/Epistemos-ctkiyqxaarezsccbouumxcpfxvtl/Build/Intermediates.noindex/GeneratedModuleMaps
    export GENERATE_INFOPLIST_FILE\=NO
    export GENERATE_INTERMEDIATE_TEXT_BASED_STUBS\=YES
    export GENERATE_PKGINFO_FILE\=YES
    export GENERATE_PRELINK_OBJECT_FILE\=NO
    export GENERATE_PROFILING_CODE\=NO
    export GENERATE_TEXT_BASED_STUBS\=NO
    export GID\=20
    export GROUP\=staff
    export HEADERMAP_INCLUDES_FLAT_ENTRIES_FOR_TARGET_BEING_BUILT\=YES
    export HEADERMAP_INCLUDES_FRAMEWORK_ENTRIES_FOR_ALL_PRODUCT_TYPES\=YES
    export HEADERMAP_INCLUDES_FRAMEWORK_ENTRIES_FOR_TARGETS_NOT_BEING_BUILT\=YES
    export HEADERMAP_INCLUDES_NONPUBLIC_NONPRIVATE_HEADERS\=YES
    export HEADERMAP_INCLUDES_PROJECT_HEADERS\=YES
    export HEADERMAP_USES_FRAMEWORK_PREFIX_ENTRIES\=YES
    export HEADERMAP_USES_VFS\=NO
    export HEADER_SEARCH_PATHS\=/Users/jojo/Library/Developer/Xcode/DerivedData/Epistemos-ctkiyqxaarezsccbouumxcpfxvtl/SourcePackages/checkouts/swift-atomics/Sources/_AtomicsShims/include\ /Users/jojo/Library/Developer/Xcode/DerivedData/Epistemos-ctkiyqxaarezsccbouumxcpfxvtl/SourcePackages/checkouts/swift-nio/Sources/CNIOWASI/include\ /Users/jojo/Library/Developer/Xcode/DerivedData/Epistemos-ctkiyqxaarezsccbouumxcpfxvtl/SourcePackages/checkouts/swift-nio/Sources/CNIOWindows/include\ /Users/jojo/Library/Developer/Xcode/DerivedData/Epistemos-ctkiyqxaarezsccbouumxcpfxvtl/SourcePackages/checkouts/swift-nio/Sources/CNIOLinux/include\ /Users/jojo/Library/Developer/Xcode/DerivedData/Epistemos-ctkiyqxaarezsccbouumxcpfxvtl/SourcePackages/checkouts/swift-nio/Sources/CNIODarwin/include\ /Users/jojo/Library/Developer/Xcode/DerivedData/Epistemos-ctkiyqxaarezsccbouumxcpfxvtl/SourcePackages/checkouts/swift-nio/Sources/CNIOOpenBSD/include\ /Users/jojo/Library/Developer/Xcode/DerivedData/Epistemos-ctkiyqxaarezsccbouumxcpfxvtl/SourcePackages/checkouts/swift-nio/Sources/CNIOAtomics/include\ /Users/jojo/Library/Developer/Xcode/DerivedData/Epistemos-ctkiyqxaarezsccbouumxcpfxvtl/SourcePackages/checkouts/swift-numerics/Sources/_NumericsShims/include\ /Users/jojo/Library/Developer/Xcode/DerivedData/Epistemos-ctkiyqxaarezsccbouumxcpfxvtl/SourcePackages/checkouts/mlx-swift/Source/Cmlx/include\ /Users/jojo/Library/Developer/Xcode/DerivedData/Epistemos-ctkiyqxaarezsccbouumxcpfxvtl/SourcePackages/checkouts/CodeEditTextView/Sources/CodeEditTextViewObjC/include\ /Users/jojo/Library/Developer/Xcode/DerivedData/Epistemos-ctkiyqxaarezsccbouumxcpfxvtl/SourcePackages/checkouts/TextStory/Sources/Internal/.\ /Users/jojo/Library/Developer/Xcode/DerivedData/Epistemos-ctkiyqxaarezsccbouumxcpfxvtl/SourcePackages/checkouts/tree-sitter/lib/include\ /Users/jojo/Library/Developer/Xcode/DerivedData/Epistemos-ctkiyqxaarezsccbouumxcpfxvtl/SourcePackages/checkouts/yyjson/src\ /Users/jojo/Library/Developer/Xcode/DerivedData/Epistemos-ctkiyqxaarezsccbouumxcpfxvtl/SourcePackages/checkouts/mlx-swift-structured/Sources/CMLXStructured/include\ /Users/jojo/Library/Developer/Xcode/DerivedData/Epistemos-ctkiyqxaarezsccbouumxcpfxvtl/Build/Products/Debug/include\
    export HOME\=/Users/jojo
    export HOST_ARCH\=arm64
    export HOST_PLATFORM\=macosx
    export ICONV\=/usr/bin/iconv
    export IMPLICIT_DEPENDENCY_DOMAIN\=default
    export INDEX_STORE_COMPRESS\=NO
    export INDEX_STORE_ONLY_PROJECT_FILES\=NO
    export INFOPLIST_ENABLE_CFBUNDLEICONS_MERGE\=YES
    export INFOPLIST_EXPAND_BUILD_SETTINGS\=YES
    export INFOPLIST_FILE\=Epistemos-Info.plist
    export INFOPLIST_OUTPUT_FORMAT\=same-as-input
    export INFOPLIST_PATH\=Epistemos.app/Contents/Info.plist
    export INFOPLIST_PREPROCESS\=NO
    export INFOSTRINGS_PATH\=Epistemos.app/Contents/Resources/en.lproj/InfoPlist.strings
    export INLINE_PRIVATE_FRAMEWORKS\=NO
    export INSTALLAPI_IGNORE_SKIP_INSTALL\=YES
    export INSTALLHDRS_COPY_PHASE\=NO
    export INSTALLHDRS_SCRIPT_PHASE\=NO
    export INSTALL_DIR\=/tmp/Epistemos.dst/Applications
    export INSTALL_GROUP\=staff
    export INSTALL_MODE_FLAG\=u+w,go-w,a+rX
    export INSTALL_OWNER\=jojo
    export INSTALL_PATH\=/Applications
    export INSTALL_ROOT\=/tmp/Epistemos.dst
    export IOS_UNZIPPERED_TWIN_PREFIX_PATH\=/System/iOSSupport
    export IS_MACCATALYST\=NO
    export IS_UNOPTIMIZED_BUILD\=YES
    export JAVAC_DEFAULT_FLAGS\=-J-Xms64m\ -J-XX:NewSize\=4M\ -J-Dfile.encoding\=UTF8
    export JAVA_APP_STUB\=/System/Library/Frameworks/JavaVM.framework/Resources/MacOS/JavaApplicationStub
    export JAVA_ARCHIVE_CLASSES\=YES
    export JAVA_ARCHIVE_TYPE\=JAR
    export JAVA_COMPILER\=/usr/bin/javac
    export JAVA_FOLDER_PATH\=Epistemos.app/Contents/Resources/Java
    export JAVA_FRAMEWORK_RESOURCES_DIRS\=Resources
    export JAVA_JAR_FLAGS\=cv
    export JAVA_SOURCE_SUBDIR\=.
    export JAVA_USE_DEPENDENCIES\=YES
    export JAVA_ZIP_FLAGS\=-urg
    export JIKES_DEFAULT_FLAGS\=+E\ +OLDCSO
    export KASAN_CFLAGS_CLASSIC\=-DKASAN\=1\ -DKASAN_CLASSIC\=1\ -fsanitize\=address\ -mllvm\ -asan-globals-live-support\ -mllvm\ -asan-force-dynamic-shadow
    export KASAN_CFLAGS_TBI\=-DKASAN\=1\ -DKASAN_TBI\=1\ -fsanitize\=kernel-hwaddress\ -mllvm\ -hwasan-recover\=0\ -mllvm\ -hwasan-instrument-atomics\=0\ -mllvm\ -hwasan-instrument-stack\=1\ -mllvm\ -hwasan-generate-tags-with-calls\=1\ -mllvm\ -hwasan-instrument-with-calls\=1\ -mllvm\ -hwasan-use-short-granules\=0\ -mllvm\ -hwasan-memory-access-callback-prefix\=__asan_
    export KASAN_DEFAULT_CFLAGS\=-DKASAN\=1\ -DKASAN_CLASSIC\=1\ -fsanitize\=address\ -mllvm\ -asan-globals-live-support\ -mllvm\ -asan-force-dynamic-shadow
    export KEEP_PRIVATE_EXTERNS\=NO
    export LD_DEPENDENCY_INFO_FILE\=/Users/jojo/Library/Developer/Xcode/DerivedData/Epistemos-ctkiyqxaarezsccbouumxcpfxvtl/Build/Intermediates.noindex/Epistemos.build/Debug/Epistemos.build/Objects-normal/undefined_arch/Epistemos_dependency_info.dat
    export LD_EXPORT_SYMBOLS\=YES
    export LD_GENERATE_MAP_FILE\=NO
    export LD_MAP_FILE_PATH\=/Users/jojo/Library/Developer/Xcode/DerivedData/Epistemos-ctkiyqxaarezsccbouumxcpfxvtl/Build/Intermediates.noindex/Epistemos.build/Debug/Epistemos.build/Epistemos-LinkMap-normal-undefined_arch.txt
    export LD_NO_PIE\=NO
    export LD_QUOTE_LINKER_ARGUMENTS_FOR_COMPILER_DRIVER\=YES
    export LD_RUNPATH_SEARCH_PATHS\=/Users/jojo/Library/Developer/Xcode/DerivedData/Epistemos-ctkiyqxaarezsccbouumxcpfxvtl/Build/Products/Debug/PackageFrameworks\ /Users/jojo/Library/Developer/Xcode/DerivedData/Epistemos-ctkiyqxaarezsccbouumxcpfxvtl/Build/Products/Debug/PackageFrameworks\ /Users/jojo/Library/Developer/Xcode/DerivedData/Epistemos-ctkiyqxaarezsccbouumxcpfxvtl/Build/Products/Debug/PackageFrameworks\ /Users/jojo/Library/Developer/Xcode/DerivedData/Epistemos-ctkiyqxaarezsccbouumxcpfxvtl/Build/Products/Debug/PackageFrameworks\ /Users/jojo/Library/Developer/Xcode/DerivedData/Epistemos-ctkiyqxaarezsccbouumxcpfxvtl/Build/Products/Debug/PackageFrameworks\ /Users/jojo/Library/Developer/Xcode/DerivedData/Epistemos-ctkiyqxaarezsccbouumxcpfxvtl/Build/Products/Debug/PackageFrameworks\ /Users/jojo/Library/Developer/Xcode/DerivedData/Epistemos-ctkiyqxaarezsccbouumxcpfxvtl/Build/Products/Debug/PackageFrameworks\ /Users/jojo/Library/Developer/Xcode/DerivedData/Epistemos-ctkiyqxaarezsccbouumxcpfxvtl/Build/Products/Debug/PackageFrameworks\ /Users/jojo/Library/Developer/Xcode/DerivedData/Epistemos-ctkiyqxaarezsccbouumxcpfxvtl/Build/Products/Debug/PackageFrameworks\ /Users/jojo/Library/Developer/Xcode/DerivedData/Epistemos-ctkiyqxaarezsccbouumxcpfxvtl/Build/Products/Debug/PackageFrameworks\ /Users/jojo/Library/Developer/Xcode/DerivedData/Epistemos-ctkiyqxaarezsccbouumxcpfxvtl/Build/Products/Debug/PackageFrameworks\ /Users/jojo/Library/Developer/Xcode/DerivedData/Epistemos-ctkiyqxaarezsccbouumxcpfxvtl/Build/Products/Debug/PackageFrameworks\ /Users/jojo/Library/Developer/Xcode/DerivedData/Epistemos-ctkiyqxaarezsccbouumxcpfxvtl/Build/Products/Debug/PackageFrameworks\ /Users/jojo/Library/Developer/Xcode/DerivedData/Epistemos-ctkiyqxaarezsccbouumxcpfxvtl/Build/Products/Debug/PackageFrameworks\ /Users/jojo/Library/Developer/Xcode/DerivedData/Epistemos-ctkiyqxaarezsccbouumxcpfxvtl/Build/Products/Debug/PackageFrameworks\ /Users/jojo/Library/Developer/Xcode/DerivedData/Epistemos-ctkiyqxaarezsccbouumxcpfxvtl/Build/Products/Debug/PackageFrameworks\ /Users/jojo/Library/Developer/Xcode/DerivedData/Epistemos-ctkiyqxaarezsccbouumxcpfxvtl/Build/Products/Debug/PackageFrameworks\ /Users/jojo/Library/Developer/Xcode/DerivedData/Epistemos-ctkiyqxaarezsccbouumxcpfxvtl/Build/Products/Debug/PackageFrameworks\ /Users/jojo/Library/Developer/Xcode/DerivedData/Epistemos-ctkiyqxaarezsccbouumxcpfxvtl/Build/Products/Debug/PackageFrameworks\ /Users/jojo/Library/Developer/Xcode/DerivedData/Epistemos-ctkiyqxaarezsccbouumxcpfxvtl/Build/Products/Debug/PackageFrameworks\ /Users/jojo/Library/Developer/Xcode/DerivedData/Epistemos-ctkiyqxaarezsccbouumxcpfxvtl/Build/Products/Debug/PackageFrameworks\ /Users/jojo/Library/Developer/Xcode/DerivedData/Epistemos-ctkiyqxaarezsccbouumxcpfxvtl/Build/Products/Debug/PackageFrameworks\ /Users/jojo/Library/Developer/Xcode/DerivedData/Epistemos-ctkiyqxaarezsccbouumxcpfxvtl/Build/Products/Debug/PackageFrameworks\ /Users/jojo/Library/Developer/Xcode/DerivedData/Epistemos-ctkiyqxaarezsccbouumxcpfxvtl/Build/Products/Debug/PackageFrameworks\ /Users/jojo/Library/Developer/Xcode/DerivedData/Epistemos-ctkiyqxaarezsccbouumxcpfxvtl/Build/Products/Debug/PackageFrameworks\ /Users/jojo/Library/Developer/Xcode/DerivedData/Epistemos-ctkiyqxaarezsccbouumxcpfxvtl/Build/Products/Debug/PackageFrameworks\ /Users/jojo/Library/Developer/Xcode/DerivedData/Epistemos-ctkiyqxaarezsccbouumxcpfxvtl/Build/Products/Debug/PackageFrameworks\ /Users/jojo/Library/Developer/Xcode/DerivedData/Epistemos-ctkiyqxaarezsccbouumxcpfxvtl/Build/Products/Debug/PackageFrameworks\ /Users/jojo/Library/Developer/Xcode/DerivedData/Epistemos-ctkiyqxaarezsccbouumxcpfxvtl/Build/Products/Debug/PackageFrameworks\ /Users/jojo/Library/Developer/Xcode/DerivedData/Epistemos-ctkiyqxaarezsccbouumxcpfxvtl/Build/Products/Debug/PackageFrameworks\ /Users/jojo/Library/Developer/Xcode/DerivedData/Epistemos-ctkiyqxaarezsccbouumxcpfxvtl/Build/Products/Debug/PackageFrameworks\ /Users/jojo/Library/Developer/Xcode/DerivedData/Epistemos-ctkiyqxaarezsccbouumxcpfxvtl/Build/Products/Debug/PackageFrameworks\ /Users/jojo/Library/Developer/Xcode/DerivedData/Epistemos-ctkiyqxaarezsccbouumxcpfxvtl/Build/Products/Debug/PackageFrameworks\ /Users/jojo/Library/Developer/Xcode/DerivedData/Epistemos-ctkiyqxaarezsccbouumxcpfxvtl/Build/Products/Debug/PackageFrameworks\ /Users/jojo/Library/Developer/Xcode/DerivedData/Epistemos-ctkiyqxaarezsccbouumxcpfxvtl/Build/Products/Debug/PackageFrameworks\ /Users/jojo/Library/Developer/Xcode/DerivedData/Epistemos-ctkiyqxaarezsccbouumxcpfxvtl/Build/Products/Debug/PackageFrameworks\ /Users/jojo/Library/Developer/Xcode/DerivedData/Epistemos-ctkiyqxaarezsccbouumxcpfxvtl/Build/Products/Debug/PackageFrameworks\ /Users/jojo/Library/Developer/Xcode/DerivedData/Epistemos-ctkiyqxaarezsccbouumxcpfxvtl/Build/Products/Debug/PackageFrameworks\ /Users/jojo/Library/Developer/Xcode/DerivedData/Epistemos-ctkiyqxaarezsccbouumxcpfxvtl/Build/Products/Debug/PackageFrameworks\ /Users/jojo/Library/Developer/Xcode/DerivedData/Epistemos-ctkiyqxaarezsccbouumxcpfxvtl/Build/Products/Debug/PackageFrameworks\ /Users/jojo/Library/Developer/Xcode/DerivedData/Epistemos-ctkiyqxaarezsccbouumxcpfxvtl/Build/Products/Debug/PackageFrameworks\ /Users/jojo/Library/Developer/Xcode/DerivedData/Epistemos-ctkiyqxaarezsccbouumxcpfxvtl/Build/Products/Debug/PackageFrameworks\ /Users/jojo/Library/Developer/Xcode/DerivedData/Epistemos-ctkiyqxaarezsccbouumxcpfxvtl/Build/Products/Debug/PackageFrameworks\ /Users/jojo/Library/Developer/Xcode/DerivedData/Epistemos-ctkiyqxaarezsccbouumxcpfxvtl/Build/Products/Debug/PackageFrameworks\ /Users/jojo/Library/Developer/Xcode/DerivedData/Epistemos-ctkiyqxaarezsccbouumxcpfxvtl/Build/Products/Debug/PackageFrameworks\ /Users/jojo/Library/Developer/Xcode/DerivedData/Epistemos-ctkiyqxaarezsccbouumxcpfxvtl/Build/Products/Debug/PackageFrameworks\ /Users/jojo/Library/Developer/Xcode/DerivedData/Epistemos-ctkiyqxaarezsccbouumxcpfxvtl/Build/Products/Debug/PackageFrameworks\ /Users/jojo/Library/Developer/Xcode/DerivedData/Epistemos-ctkiyqxaarezsccbouumxcpfxvtl/Build/Products/Debug/PackageFrameworks\ /Users/jojo/Library/Developer/Xcode/DerivedData/Epistemos-ctkiyqxaarezsccbouumxcpfxvtl/Build/Products/Debug/PackageFrameworks\ /Users/jojo/Library/Developer/Xcode/DerivedData/Epistemos-ctkiyqxaarezsccbouumxcpfxvtl/Build/Products/Debug/PackageFrameworks\ /Users/jojo/Library/Developer/Xcode/DerivedData/Epistemos-ctkiyqxaarezsccbouumxcpfxvtl/Build/Products/Debug/PackageFrameworks\ /Users/jojo/Library/Developer/Xcode/DerivedData/Epistemos-ctkiyqxaarezsccbouumxcpfxvtl/Build/Products/Debug/PackageFrameworks\ /Users/jojo/Library/Developer/Xcode/DerivedData/Epistemos-ctkiyqxaarezsccbouumxcpfxvtl/Build/Products/Debug/PackageFrameworks\ /Users/jojo/Library/Developer/Xcode/DerivedData/Epistemos-ctkiyqxaarezsccbouumxcpfxvtl/Build/Products/Debug/PackageFrameworks\ /Users/jojo/Library/Developer/Xcode/DerivedData/Epistemos-ctkiyqxaarezsccbouumxcpfxvtl/Build/Products/Debug/PackageFrameworks\ /Users/jojo/Library/Developer/Xcode/DerivedData/Epistemos-ctkiyqxaarezsccbouumxcpfxvtl/Build/Products/Debug/PackageFrameworks\ /Users/jojo/Library/Developer/Xcode/DerivedData/Epistemos-ctkiyqxaarezsccbouumxcpfxvtl/Build/Products/Debug/PackageFrameworks\ /Users/jojo/Library/Developer/Xcode/DerivedData/Epistemos-ctkiyqxaarezsccbouumxcpfxvtl/Build/Products/Debug/PackageFrameworks\ /Users/jojo/Library/Developer/Xcode/DerivedData/Epistemos-ctkiyqxaarezsccbouumxcpfxvtl/Build/Products/Debug/PackageFrameworks\ /Users/jojo/Library/Developer/Xcode/DerivedData/Epistemos-ctkiyqxaarezsccbouumxcpfxvtl/Build/Products/Debug/PackageFrameworks\ /Users/jojo/Library/Developer/Xcode/DerivedData/Epistemos-ctkiyqxaarezsccbouumxcpfxvtl/Build/Products/Debug/PackageFrameworks\ /Users/jojo/Library/Developer/Xcode/DerivedData/Epistemos-ctkiyqxaarezsccbouumxcpfxvtl/Build/Products/Debug/PackageFrameworks\ @executable_path\ @executable_path/../Frameworks\ @loader_path/../Frameworks
    export LD_RUNPATH_SEARCH_PATHS_YES\=@loader_path/../Frameworks
    export LD_SHARED_CACHE_ELIGIBLE\=Automatic
    export LD_WARN_DUPLICATE_LIBRARIES\=NO
    export LD_WARN_UNUSED_DYLIBS\=NO
    export LEGACY_DEVELOPER_DIR\=/Applications/Xcode.app/Contents/PlugIns/Xcode3Core.ideplugin/Contents/SharedSupport/Developer
    export LEX\=lex
    export LIBRARY_DEXT_INSTALL_PATH\=/Library/DriverExtensions
    export LIBRARY_FLAG_NOSPACE\=YES
    export LIBRARY_FLAG_PREFIX\=-l
    export LIBRARY_KEXT_INSTALL_PATH\=/Library/Extensions
    export LIBRARY_SEARCH_PATHS\=/Users/jojo/Library/Developer/Xcode/DerivedData/Epistemos-ctkiyqxaarezsccbouumxcpfxvtl/Build/Products/Debug\
    export LINKER_DISPLAYS_MANGLED_NAMES\=NO
    export LINK_FILE_LIST_normal_arm64\=/Users/jojo/Library/Developer/Xcode/DerivedData/Epistemos-ctkiyqxaarezsccbouumxcpfxvtl/Build/Intermediates.noindex/Epistemos.build/Debug/Epistemos.build/Objects-normal/arm64/Epistemos.LinkFileList
    export LINK_OBJC_RUNTIME\=YES
    export LINK_WITH_STANDARD_LIBRARIES\=YES
    export LLVM_TARGET_TRIPLE_OS_VERSION\=macos26.0
    export LLVM_TARGET_TRIPLE_OS_VERSION_NO\=macos26.0
    export LLVM_TARGET_TRIPLE_OS_VERSION_YES\=macos26.4
    export LLVM_TARGET_TRIPLE_VENDOR\=apple
    export LM_AUX_CONST_METADATA_LIST_PATH_normal_arm64\=/Users/jojo/Library/Developer/Xcode/DerivedData/Epistemos-ctkiyqxaarezsccbouumxcpfxvtl/Build/Intermediates.noindex/Epistemos.build/Debug/Epistemos.build/Objects-normal/arm64/Epistemos.SwiftConstValuesFileList
    export LOCALIZATION_EXPORT_SUPPORTED\=YES
    export LOCALIZATION_PREFERS_STRING_CATALOGS\=NO
    export LOCALIZED_RESOURCES_FOLDER_PATH\=Epistemos.app/Contents/Resources/en.lproj
    export LOCALIZED_STRING_CODE_COMMENTS\=NO
    export LOCALIZED_STRING_MACRO_NAMES\=NSLocalizedString\ CFCopyLocalizedString
    export LOCALIZED_STRING_SWIFTUI_SUPPORT\=YES
    export LOCAL_ADMIN_APPS_DIR\=/Applications/Utilities
    export LOCAL_APPS_DIR\=/Applications
    export LOCAL_DEVELOPER_DIR\=/Library/Developer
    export LOCAL_LIBRARY_DIR\=/Library
    export LOCROOT\=/Users/jojo/Downloads/Epistemos
    export LOCSYMROOT\=/Users/jojo/Downloads/Epistemos
    export MACH_O_TYPE\=mh_execute
    export MACOSX_DEPLOYMENT_TARGET\=26.0
    export MAC_OS_X_PRODUCT_BUILD_VERSION\=25D2128
    export MAC_OS_X_VERSION_ACTUAL\=260301
    export MAC_OS_X_VERSION_MAJOR\=260000
    export MAC_OS_X_VERSION_MINOR\=260300
    export MAKE_MERGEABLE\=NO
    export MERGEABLE_LIBRARY\=NO
    export MERGED_BINARY_TYPE\=none
    export MERGE_LINKED_LIBRARIES\=NO
    export METAL_LIBRARY_FILE_BASE\=default
    export METAL_LIBRARY_OUTPUT_DIR\=/Users/jojo/Library/Developer/Xcode/DerivedData/Epistemos-ctkiyqxaarezsccbouumxcpfxvtl/Build/Products/Debug/Epistemos.app/Contents/Resources
    export MODULES_FOLDER_PATH\=Epistemos.app/Contents/Modules
    export MODULE_CACHE_DIR\=/Users/jojo/Library/Developer/Xcode/DerivedData/ModuleCache.noindex
    export MTL_ENABLE_DEBUG_INFO\=INCLUDE_SOURCE
    export MTL_FAST_MATH\=YES
    export NATIVE_ARCH\=arm64
    export NATIVE_ARCH_32_BIT\=arm
    export NATIVE_ARCH_64_BIT\=arm64
    export NATIVE_ARCH_ACTUAL\=arm64
    export NO_COMMON\=YES
    export OBJECT_FILE_DIR\=/Users/jojo/Library/Developer/Xcode/DerivedData/Epistemos-ctkiyqxaarezsccbouumxcpfxvtl/Build/Intermediates.noindex/Epistemos.build/Debug/Epistemos.build/Objects
    export OBJECT_FILE_DIR_normal\=/Users/jojo/Library/Developer/Xcode/DerivedData/Epistemos-ctkiyqxaarezsccbouumxcpfxvtl/Build/Intermediates.noindex/Epistemos.build/Debug/Epistemos.build/Objects-normal
    export OBJROOT\=/Users/jojo/Library/Developer/Xcode/DerivedData/Epistemos-ctkiyqxaarezsccbouumxcpfxvtl/Build/Intermediates.noindex
    export ONLY_ACTIVE_ARCH\=YES
    export OS\=MACOS
    export OSAC\=/usr/bin/osacompile
    export OTHER_CFLAGS\=-fmodule-map-file\=/Users/jojo/Library/Developer/Xcode/DerivedData/Epistemos-ctkiyqxaarezsccbouumxcpfxvtl/Build/Intermediates.noindex/GeneratedModuleMaps/Logging.modulemap\ -fmodule-map-file\=/Users/jojo/Library/Developer/Xcode/DerivedData/Epistemos-ctkiyqxaarezsccbouumxcpfxvtl/Build/Intermediates.noindex/GeneratedModuleMaps/AXorcist.modulemap\ -fmodule-map-file\=/Users/jojo/Library/Developer/Xcode/DerivedData/Epistemos-ctkiyqxaarezsccbouumxcpfxvtl/SourcePackages/checkouts/GRDB.swift/Sources/GRDBSQLite/module.modulemap\ -fmodule-map-file\=/Users/jojo/Library/Developer/Xcode/DerivedData/Epistemos-ctkiyqxaarezsccbouumxcpfxvtl/Build/Intermediates.noindex/GeneratedModuleMaps/GRDB.modulemap\ -fmodule-map-file\=/Users/jojo/Library/Developer/Xcode/DerivedData/Epistemos-ctkiyqxaarezsccbouumxcpfxvtl/Build/Intermediates.noindex/GeneratedModuleMaps/ForceSimulation.modulemap\ -fmodule-map-file\=/Users/jojo/Library/Developer/Xcode/DerivedData/Epistemos-ctkiyqxaarezsccbouumxcpfxvtl/Build/Intermediates.noindex/GeneratedModuleMaps/Grape.modulemap\ -fmodule-map-file\=/Users/jojo/Library/Developer/Xcode/DerivedData/Epistemos-ctkiyqxaarezsccbouumxcpfxvtl/Build/Intermediates.noindex/GeneratedModuleMaps/Atomics.modulemap\ -fmodule-map-file\=/Users/jojo/Library/Developer/Xcode/DerivedData/Epistemos-ctkiyqxaarezsccbouumxcpfxvtl/Build/Intermediates.noindex/GeneratedModuleMaps/_NIODataStructures.modulemap\ -fmodule-map-file\=/Users/jojo/Library/Developer/Xcode/DerivedData/Epistemos-ctkiyqxaarezsccbouumxcpfxvtl/Build/Intermediates.noindex/GeneratedModuleMaps/CNIOWASI.modulemap\ -fmodule-map-file\=/Users/jojo/Library/Developer/Xcode/DerivedData/Epistemos-ctkiyqxaarezsccbouumxcpfxvtl/Build/Intermediates.noindex/GeneratedModuleMaps/CNIOLinux.modulemap\ -fmodule-map-file\=/Users/jojo/Library/Developer/Xcode/DerivedData/Epistemos-ctkiyqxaarezsccbouumxcpfxvtl/Build/Intermediates.noindex/GeneratedModuleMaps/CNIODarwin.modulemap\ -fmodule-map-file\=/Users/jojo/Library/Developer/Xcode/DerivedData/Epistemos-ctkiyqxaarezsccbouumxcpfxvtl/Build/Intermediates.noindex/GeneratedModuleMaps/CNIOOpenBSD.modulemap\ -fmodule-map-file\=/Users/jojo/Library/Developer/Xcode/DerivedData/Epistemos-ctkiyqxaarezsccbouumxcpfxvtl/Build/Intermediates.noindex/GeneratedModuleMaps/_NIOBase64.modulemap\ -fmodule-map-file\=/Users/jojo/Library/Developer/Xcode/DerivedData/Epistemos-ctkiyqxaarezsccbouumxcpfxvtl/Build/Intermediates.noindex/GeneratedModuleMaps/NIOConcurrencyHelpers.modulemap\ -fmodule-map-file\=/Users/jojo/Library/Developer/Xcode/DerivedData/Epistemos-ctkiyqxaarezsccbouumxcpfxvtl/Build/Intermediates.noindex/GeneratedModuleMaps/CNIOAtomics.modulemap\ -fmodule-map-file\=/Users/jojo/Library/Developer/Xcode/DerivedData/Epistemos-ctkiyqxaarezsccbouumxcpfxvtl/Build/Intermediates.noindex/GeneratedModuleMaps/NIOCore.modulemap\ -fmodule-map-file\=/Users/jojo/Library/Developer/Xcode/DerivedData/Epistemos-ctkiyqxaarezsccbouumxcpfxvtl/Build/Intermediates.noindex/GeneratedModuleMaps/EventSource.modulemap\ -fmodule-map-file\=/Users/jojo/Library/Developer/Xcode/DerivedData/Epistemos-ctkiyqxaarezsccbouumxcpfxvtl/Build/Intermediates.noindex/GeneratedModuleMaps/HuggingFace.modulemap\ -fmodule-map-file\=/Users/jojo/Library/Developer/Xcode/DerivedData/Epistemos-ctkiyqxaarezsccbouumxcpfxvtl/Build/Intermediates.noindex/GeneratedModuleMaps/MLXLLM.modulemap\ -fmodule-map-file\=/Users/jojo/Library/Developer/Xcode/DerivedData/Epistemos-ctkiyqxaarezsccbouumxcpfxvtl/Build/Intermediates.noindex/GeneratedModuleMaps/ComplexModule.modulemap\ -fmodule-map-file\=/Users/jojo/Library/Developer/Xcode/DerivedData/Epistemos-ctkiyqxaarezsccbouumxcpfxvtl/Build/Intermediates.noindex/GeneratedModuleMaps/RealModule.modulemap\ -fmodule-map-file\=/Users/jojo/Library/Developer/Xcode/DerivedData/Epistemos-ctkiyqxaarezsccbouumxcpfxvtl/Build/Intermediates.noindex/GeneratedModuleMaps/Numerics.modulemap\ -fmodule-map-file\=/Users/jojo/Library/Developer/Xcode/DerivedData/Epistemos-ctkiyqxaarezsccbouumxcpfxvtl/Build/Intermediates.noindex/GeneratedModuleMaps/MLXNN.modulemap\ -fmodule-map-file\=/Users/jojo/Library/Developer/Xcode/DerivedData/Epistemos-ctkiyqxaarezsccbouumxcpfxvtl/Build/Intermediates.noindex/GeneratedModuleMaps/MLX.modulemap\ -fmodule-map-file\=/Users/jojo/Library/Developer/Xcode/DerivedData/Epistemos-ctkiyqxaarezsccbouumxcpfxvtl/Build/Intermediates.noindex/GeneratedModuleMaps/MLXOptimizers.modulemap\ -fmodule-map-file\=/Users/jojo/Library/Developer/Xcode/DerivedData/Epistemos-ctkiyqxaarezsccbouumxcpfxvtl/Build/Intermediates.noindex/GeneratedModuleMaps/Models.modulemap\ -fmodule-map-file\=/Users/jojo/Library/Developer/Xcode/DerivedData/Epistemos-ctkiyqxaarezsccbouumxcpfxvtl/Build/Intermediates.noindex/GeneratedModuleMaps/Generation.modulemap\ -fmodule-map-file\=/Users/jojo/Library/Developer/Xcode/DerivedData/Epistemos-ctkiyqxaarezsccbouumxcpfxvtl/Build/Intermediates.noindex/GeneratedModuleMaps/Tokenizers.modulemap\ -fmodule-map-file\=/Users/jojo/Library/Developer/Xcode/DerivedData/Epistemos-ctkiyqxaarezsccbouumxcpfxvtl/Build/Intermediates.noindex/GeneratedModuleMaps/MLXLMCommon.modulemap\ -fmodule-map-file\=/Users/jojo/Library/Developer/Xcode/DerivedData/Epistemos-ctkiyqxaarezsccbouumxcpfxvtl/Build/Intermediates.noindex/GeneratedModuleMaps/MLXVLM.modulemap\ -fmodule-map-file\=/Users/jojo/Library/Developer/Xcode/DerivedData/Epistemos-ctkiyqxaarezsccbouumxcpfxvtl/Build/Intermediates.noindex/GeneratedModuleMaps/GGUFRuntimeBridge.modulemap\ -fmodule-map-file\=/Users/jojo/Library/Developer/Xcode/DerivedData/Epistemos-ctkiyqxaarezsccbouumxcpfxvtl/Build/Intermediates.noindex/GeneratedModuleMaps/CodeEditTextView.modulemap\ -fmodule-map-file\=/Users/jojo/Library/Developer/Xcode/DerivedData/Epistemos-ctkiyqxaarezsccbouumxcpfxvtl/Build/Intermediates.noindex/GeneratedModuleMaps/Rearrange.modulemap\ -fmodule-map-file\=/Users/jojo/Library/Developer/Xcode/DerivedData/Epistemos-ctkiyqxaarezsccbouumxcpfxvtl/Build/Intermediates.noindex/GeneratedModuleMaps/Internal.modulemap\ -fmodule-map-file\=/Users/jojo/Library/Developer/Xcode/DerivedData/Epistemos-ctkiyqxaarezsccbouumxcpfxvtl/Build/Intermediates.noindex/GeneratedModuleMaps/TextStory.modulemap\ -fmodule-map-file\=/Users/jojo/Library/Developer/Xcode/DerivedData/Epistemos-ctkiyqxaarezsccbouumxcpfxvtl/Build/Intermediates.noindex/GeneratedModuleMaps/TextFormation.modulemap\ -fmodule-map-file\=/Users/jojo/Library/Developer/Xcode/DerivedData/Epistemos-ctkiyqxaarezsccbouumxcpfxvtl/Build/Intermediates.noindex/GeneratedModuleMaps/CodeEditSymbols.modulemap\ -fmodule-map-file\=/Users/jojo/Library/Developer/Xcode/DerivedData/Epistemos-ctkiyqxaarezsccbouumxcpfxvtl/Build/Intermediates.noindex/GeneratedModuleMaps/CodeEditSourceEditor.modulemap\ -fmodule-map-file\=/Users/jojo/Library/Developer/Xcode/DerivedData/Epistemos-ctkiyqxaarezsccbouumxcpfxvtl/Build/Intermediates.noindex/GeneratedModuleMaps/TreeSitter.modulemap\ -fmodule-map-file\=/Users/jojo/Library/Developer/Xcode/DerivedData/Epistemos-ctkiyqxaarezsccbouumxcpfxvtl/Build/Intermediates.noindex/GeneratedModuleMaps/SwiftTreeSitter.modulemap\ -fmodule-map-file\=/Users/jojo/Library/Developer/Xcode/DerivedData/Epistemos-ctkiyqxaarezsccbouumxcpfxvtl/Build/Intermediates.noindex/GeneratedModuleMaps/CodeEditLanguages.modulemap\ -fmodule-map-file\=/Users/jojo/Library/Developer/Xcode/DerivedData/Epistemos-ctkiyqxaarezsccbouumxcpfxvtl/Build/Intermediates.noindex/GeneratedModuleMaps/Jinja.modulemap\ -fmodule-map-file\=/Users/jojo/Library/Developer/Xcode/DerivedData/Epistemos-ctkiyqxaarezsccbouumxcpfxvtl/Build/Intermediates.noindex/GeneratedModuleMaps/Crypto.modulemap\ -fmodule-map-file\=/Users/jojo/Library/Developer/Xcode/DerivedData/Epistemos-ctkiyqxaarezsccbouumxcpfxvtl/Build/Intermediates.noindex/GeneratedModuleMaps/yyjson.modulemap\ -fmodule-map-file\=/Users/jojo/Library/Developer/Xcode/DerivedData/Epistemos-ctkiyqxaarezsccbouumxcpfxvtl/Build/Intermediates.noindex/GeneratedModuleMaps/Hub.modulemap\ -fmodule-map-file\=/Users/jojo/Library/Developer/Xcode/DerivedData/Epistemos-ctkiyqxaarezsccbouumxcpfxvtl/Build/Intermediates.noindex/GeneratedModuleMaps/_RopeModule.modulemap\ -fmodule-map-file\=/Users/jojo/Library/Developer/Xcode/DerivedData/Epistemos-ctkiyqxaarezsccbouumxcpfxvtl/Build/Intermediates.noindex/GeneratedModuleMaps/HeapModule.modulemap\ -fmodule-map-file\=/Users/jojo/Library/Developer/Xcode/DerivedData/Epistemos-ctkiyqxaarezsccbouumxcpfxvtl/Build/Intermediates.noindex/GeneratedModuleMaps/HashTreeCollections.modulemap\ -fmodule-map-file\=/Users/jojo/Library/Developer/Xcode/DerivedData/Epistemos-ctkiyqxaarezsccbouumxcpfxvtl/Build/Intermediates.noindex/GeneratedModuleMaps/BitCollections.modulemap\ -fmodule-map-file\=/Users/jojo/Library/Developer/Xcode/DerivedData/Epistemos-ctkiyqxaarezsccbouumxcpfxvtl/Build/Intermediates.noindex/GeneratedModuleMaps/Collections.modulemap\ -fmodule-map-file\=/Users/jojo/Library/Developer/Xcode/DerivedData/Epistemos-ctkiyqxaarezsccbouumxcpfxvtl/Build/Intermediates.noindex/GeneratedModuleMaps/JSONSchema.modulemap\ -fmodule-map-file\=/Users/jojo/Library/Developer/Xcode/DerivedData/Epistemos-ctkiyqxaarezsccbouumxcpfxvtl/Build/Intermediates.noindex/GeneratedModuleMaps/OrderedCollections.modulemap\ -fmodule-map-file\=/Users/jojo/Library/Developer/Xcode/DerivedData/Epistemos-ctkiyqxaarezsccbouumxcpfxvtl/Build/Intermediates.noindex/GeneratedModuleMaps/ContainersPreview.modulemap\ -fmodule-map-file\=/Users/jojo/Library/Developer/Xcode/DerivedData/Epistemos-ctkiyqxaarezsccbouumxcpfxvtl/Build/Intermediates.noindex/GeneratedModuleMaps/InternalCollectionsUtilities.modulemap\ -fmodule-map-file\=/Users/jojo/Library/Developer/Xcode/DerivedData/Epistemos-ctkiyqxaarezsccbouumxcpfxvtl/Build/Intermediates.noindex/GeneratedModuleMaps/DequeModule.modulemap\ -fmodule-map-file\=/Users/jojo/Library/Developer/Xcode/DerivedData/Epistemos-ctkiyqxaarezsccbouumxcpfxvtl/Build/Intermediates.noindex/GeneratedModuleMaps/AsyncAlgorithms.modulemap\ -fmodule-map-file\=/Users/jojo/Library/Developer/Xcode/DerivedData/Epistemos-ctkiyqxaarezsccbouumxcpfxvtl/Build/Intermediates.noindex/GeneratedModuleMaps/MLXStructured.modulemap\
    export OTHER_CPLUSPLUSFLAGS\=-fmodule-map-file\=/Users/jojo/Library/Developer/Xcode/DerivedData/Epistemos-ctkiyqxaarezsccbouumxcpfxvtl/Build/Intermediates.noindex/GeneratedModuleMaps/Logging.modulemap\ -fmodule-map-file\=/Users/jojo/Library/Developer/Xcode/DerivedData/Epistemos-ctkiyqxaarezsccbouumxcpfxvtl/Build/Intermediates.noindex/GeneratedModuleMaps/AXorcist.modulemap\ -fmodule-map-file\=/Users/jojo/Library/Developer/Xcode/DerivedData/Epistemos-ctkiyqxaarezsccbouumxcpfxvtl/SourcePackages/checkouts/GRDB.swift/Sources/GRDBSQLite/module.modulemap\ -fmodule-map-file\=/Users/jojo/Library/Developer/Xcode/DerivedData/Epistemos-ctkiyqxaarezsccbouumxcpfxvtl/Build/Intermediates.noindex/GeneratedModuleMaps/GRDB.modulemap\ -fmodule-map-file\=/Users/jojo/Library/Developer/Xcode/DerivedData/Epistemos-ctkiyqxaarezsccbouumxcpfxvtl/Build/Intermediates.noindex/GeneratedModuleMaps/ForceSimulation.modulemap\ -fmodule-map-file\=/Users/jojo/Library/Developer/Xcode/DerivedData/Epistemos-ctkiyqxaarezsccbouumxcpfxvtl/Build/Intermediates.noindex/GeneratedModuleMaps/Grape.modulemap\ -fmodule-map-file\=/Users/jojo/Library/Developer/Xcode/DerivedData/Epistemos-ctkiyqxaarezsccbouumxcpfxvtl/Build/Intermediates.noindex/GeneratedModuleMaps/Atomics.modulemap\ -fmodule-map-file\=/Users/jojo/Library/Developer/Xcode/DerivedData/Epistemos-ctkiyqxaarezsccbouumxcpfxvtl/Build/Intermediates.noindex/GeneratedModuleMaps/_NIODataStructures.modulemap\ -fmodule-map-file\=/Users/jojo/Library/Developer/Xcode/DerivedData/Epistemos-ctkiyqxaarezsccbouumxcpfxvtl/Build/Intermediates.noindex/GeneratedModuleMaps/CNIOWASI.modulemap\ -fmodule-map-file\=/Users/jojo/Library/Developer/Xcode/DerivedData/Epistemos-ctkiyqxaarezsccbouumxcpfxvtl/Build/Intermediates.noindex/GeneratedModuleMaps/CNIOLinux.modulemap\ -fmodule-map-file\=/Users/jojo/Library/Developer/Xcode/DerivedData/Epistemos-ctkiyqxaarezsccbouumxcpfxvtl/Build/Intermediates.noindex/GeneratedModuleMaps/CNIODarwin.modulemap\ -fmodule-map-file\=/Users/jojo/Library/Developer/Xcode/DerivedData/Epistemos-ctkiyqxaarezsccbouumxcpfxvtl/Build/Intermediates.noindex/GeneratedModuleMaps/CNIOOpenBSD.modulemap\ -fmodule-map-file\=/Users/jojo/Library/Developer/Xcode/DerivedData/Epistemos-ctkiyqxaarezsccbouumxcpfxvtl/Build/Intermediates.noindex/GeneratedModuleMaps/_NIOBase64.modulemap\ -fmodule-map-file\=/Users/jojo/Library/Developer/Xcode/DerivedData/Epistemos-ctkiyqxaarezsccbouumxcpfxvtl/Build/Intermediates.noindex/GeneratedModuleMaps/NIOConcurrencyHelpers.modulemap\ -fmodule-map-file\=/Users/jojo/Library/Developer/Xcode/DerivedData/Epistemos-ctkiyqxaarezsccbouumxcpfxvtl/Build/Intermediates.noindex/GeneratedModuleMaps/CNIOAtomics.modulemap\ -fmodule-map-file\=/Users/jojo/Library/Developer/Xcode/DerivedData/Epistemos-ctkiyqxaarezsccbouumxcpfxvtl/Build/Intermediates.noindex/GeneratedModuleMaps/NIOCore.modulemap\ -fmodule-map-file\=/Users/jojo/Library/Developer/Xcode/DerivedData/Epistemos-ctkiyqxaarezsccbouumxcpfxvtl/Build/Intermediates.noindex/GeneratedModuleMaps/EventSource.modulemap\ -fmodule-map-file\=/Users/jojo/Library/Developer/Xcode/DerivedData/Epistemos-ctkiyqxaarezsccbouumxcpfxvtl/Build/Intermediates.noindex/GeneratedModuleMaps/HuggingFace.modulemap\ -fmodule-map-file\=/Users/jojo/Library/Developer/Xcode/DerivedData/Epistemos-ctkiyqxaarezsccbouumxcpfxvtl/Build/Intermediates.noindex/GeneratedModuleMaps/MLXLLM.modulemap\ -fmodule-map-file\=/Users/jojo/Library/Developer/Xcode/DerivedData/Epistemos-ctkiyqxaarezsccbouumxcpfxvtl/Build/Intermediates.noindex/GeneratedModuleMaps/ComplexModule.modulemap\ -fmodule-map-file\=/Users/jojo/Library/Developer/Xcode/DerivedData/Epistemos-ctkiyqxaarezsccbouumxcpfxvtl/Build/Intermediates.noindex/GeneratedModuleMaps/RealModule.modulemap\ -fmodule-map-file\=/Users/jojo/Library/Developer/Xcode/DerivedData/Epistemos-ctkiyqxaarezsccbouumxcpfxvtl/Build/Intermediates.noindex/GeneratedModuleMaps/Numerics.modulemap\ -fmodule-map-file\=/Users/jojo/Library/Developer/Xcode/DerivedData/Epistemos-ctkiyqxaarezsccbouumxcpfxvtl/Build/Intermediates.noindex/GeneratedModuleMaps/MLXNN.modulemap\ -fmodule-map-file\=/Users/jojo/Library/Developer/Xcode/DerivedData/Epistemos-ctkiyqxaarezsccbouumxcpfxvtl/Build/Intermediates.noindex/GeneratedModuleMaps/MLX.modulemap\ -fmodule-map-file\=/Users/jojo/Library/Developer/Xcode/DerivedData/Epistemos-ctkiyqxaarezsccbouumxcpfxvtl/Build/Intermediates.noindex/GeneratedModuleMaps/MLXOptimizers.modulemap\ -fmodule-map-file\=/Users/jojo/Library/Developer/Xcode/DerivedData/Epistemos-ctkiyqxaarezsccbouumxcpfxvtl/Build/Intermediates.noindex/GeneratedModuleMaps/Models.modulemap\ -fmodule-map-file\=/Users/jojo/Library/Developer/Xcode/DerivedData/Epistemos-ctkiyqxaarezsccbouumxcpfxvtl/Build/Intermediates.noindex/GeneratedModuleMaps/Generation.modulemap\ -fmodule-map-file\=/Users/jojo/Library/Developer/Xcode/DerivedData/Epistemos-ctkiyqxaarezsccbouumxcpfxvtl/Build/Intermediates.noindex/GeneratedModuleMaps/Tokenizers.modulemap\ -fmodule-map-file\=/Users/jojo/Library/Developer/Xcode/DerivedData/Epistemos-ctkiyqxaarezsccbouumxcpfxvtl/Build/Intermediates.noindex/GeneratedModuleMaps/MLXLMCommon.modulemap\ -fmodule-map-file\=/Users/jojo/Library/Developer/Xcode/DerivedData/Epistemos-ctkiyqxaarezsccbouumxcpfxvtl/Build/Intermediates.noindex/GeneratedModuleMaps/MLXVLM.modulemap\ -fmodule-map-file\=/Users/jojo/Library/Developer/Xcode/DerivedData/Epistemos-ctkiyqxaarezsccbouumxcpfxvtl/Build/Intermediates.noindex/GeneratedModuleMaps/GGUFRuntimeBridge.modulemap\ -fmodule-map-file\=/Users/jojo/Library/Developer/Xcode/DerivedData/Epistemos-ctkiyqxaarezsccbouumxcpfxvtl/Build/Intermediates.noindex/GeneratedModuleMaps/CodeEditTextView.modulemap\ -fmodule-map-file\=/Users/jojo/Library/Developer/Xcode/DerivedData/Epistemos-ctkiyqxaarezsccbouumxcpfxvtl/Build/Intermediates.noindex/GeneratedModuleMaps/Rearrange.modulemap\ -fmodule-map-file\=/Users/jojo/Library/Developer/Xcode/DerivedData/Epistemos-ctkiyqxaarezsccbouumxcpfxvtl/Build/Intermediates.noindex/GeneratedModuleMaps/Internal.modulemap\ -fmodule-map-file\=/Users/jojo/Library/Developer/Xcode/DerivedData/Epistemos-ctkiyqxaarezsccbouumxcpfxvtl/Build/Intermediates.noindex/GeneratedModuleMaps/TextStory.modulemap\ -fmodule-map-file\=/Users/jojo/Library/Developer/Xcode/DerivedData/Epistemos-ctkiyqxaarezsccbouumxcpfxvtl/Build/Intermediates.noindex/GeneratedModuleMaps/TextFormation.modulemap\ -fmodule-map-file\=/Users/jojo/Library/Developer/Xcode/DerivedData/Epistemos-ctkiyqxaarezsccbouumxcpfxvtl/Build/Intermediates.noindex/GeneratedModuleMaps/CodeEditSymbols.modulemap\ -fmodule-map-file\=/Users/jojo/Library/Developer/Xcode/DerivedData/Epistemos-ctkiyqxaarezsccbouumxcpfxvtl/Build/Intermediates.noindex/GeneratedModuleMaps/CodeEditSourceEditor.modulemap\ -fmodule-map-file\=/Users/jojo/Library/Developer/Xcode/DerivedData/Epistemos-ctkiyqxaarezsccbouumxcpfxvtl/Build/Intermediates.noindex/GeneratedModuleMaps/TreeSitter.modulemap\ -fmodule-map-file\=/Users/jojo/Library/Developer/Xcode/DerivedData/Epistemos-ctkiyqxaarezsccbouumxcpfxvtl/Build/Intermediates.noindex/GeneratedModuleMaps/SwiftTreeSitter.modulemap\ -fmodule-map-file\=/Users/jojo/Library/Developer/Xcode/DerivedData/Epistemos-ctkiyqxaarezsccbouumxcpfxvtl/Build/Intermediates.noindex/GeneratedModuleMaps/CodeEditLanguages.modulemap\ -fmodule-map-file\=/Users/jojo/Library/Developer/Xcode/DerivedData/Epistemos-ctkiyqxaarezsccbouumxcpfxvtl/Build/Intermediates.noindex/GeneratedModuleMaps/Jinja.modulemap\ -fmodule-map-file\=/Users/jojo/Library/Developer/Xcode/DerivedData/Epistemos-ctkiyqxaarezsccbouumxcpfxvtl/Build/Intermediates.noindex/GeneratedModuleMaps/Crypto.modulemap\ -fmodule-map-file\=/Users/jojo/Library/Developer/Xcode/DerivedData/Epistemos-ctkiyqxaarezsccbouumxcpfxvtl/Build/Intermediates.noindex/GeneratedModuleMaps/yyjson.modulemap\ -fmodule-map-file\=/Users/jojo/Library/Developer/Xcode/DerivedData/Epistemos-ctkiyqxaarezsccbouumxcpfxvtl/Build/Intermediates.noindex/GeneratedModuleMaps/Hub.modulemap\ -fmodule-map-file\=/Users/jojo/Library/Developer/Xcode/DerivedData/Epistemos-ctkiyqxaarezsccbouumxcpfxvtl/Build/Intermediates.noindex/GeneratedModuleMaps/_RopeModule.modulemap\ -fmodule-map-file\=/Users/jojo/Library/Developer/Xcode/DerivedData/Epistemos-ctkiyqxaarezsccbouumxcpfxvtl/Build/Intermediates.noindex/GeneratedModuleMaps/HeapModule.modulemap\ -fmodule-map-file\=/Users/jojo/Library/Developer/Xcode/DerivedData/Epistemos-ctkiyqxaarezsccbouumxcpfxvtl/Build/Intermediates.noindex/GeneratedModuleMaps/HashTreeCollections.modulemap\ -fmodule-map-file\=/Users/jojo/Library/Developer/Xcode/DerivedData/Epistemos-ctkiyqxaarezsccbouumxcpfxvtl/Build/Intermediates.noindex/GeneratedModuleMaps/BitCollections.modulemap\ -fmodule-map-file\=/Users/jojo/Library/Developer/Xcode/DerivedData/Epistemos-ctkiyqxaarezsccbouumxcpfxvtl/Build/Intermediates.noindex/GeneratedModuleMaps/Collections.modulemap\ -fmodule-map-file\=/Users/jojo/Library/Developer/Xcode/DerivedData/Epistemos-ctkiyqxaarezsccbouumxcpfxvtl/Build/Intermediates.noindex/GeneratedModuleMaps/JSONSchema.modulemap\ -fmodule-map-file\=/Users/jojo/Library/Developer/Xcode/DerivedData/Epistemos-ctkiyqxaarezsccbouumxcpfxvtl/Build/Intermediates.noindex/GeneratedModuleMaps/OrderedCollections.modulemap\ -fmodule-map-file\=/Users/jojo/Library/Developer/Xcode/DerivedData/Epistemos-ctkiyqxaarezsccbouumxcpfxvtl/Build/Intermediates.noindex/GeneratedModuleMaps/ContainersPreview.modulemap\ -fmodule-map-file\=/Users/jojo/Library/Developer/Xcode/DerivedData/Epistemos-ctkiyqxaarezsccbouumxcpfxvtl/Build/Intermediates.noindex/GeneratedModuleMaps/InternalCollectionsUtilities.modulemap\ -fmodule-map-file\=/Users/jojo/Library/Developer/Xcode/DerivedData/Epistemos-ctkiyqxaarezsccbouumxcpfxvtl/Build/Intermediates.noindex/GeneratedModuleMaps/DequeModule.modulemap\ -fmodule-map-file\=/Users/jojo/Library/Developer/Xcode/DerivedData/Epistemos-ctkiyqxaarezsccbouumxcpfxvtl/Build/Intermediates.noindex/GeneratedModuleMaps/AsyncAlgorithms.modulemap\ -fmodule-map-file\=/Users/jojo/Library/Developer/Xcode/DerivedData/Epistemos-ctkiyqxaarezsccbouumxcpfxvtl/Build/Intermediates.noindex/GeneratedModuleMaps/MLXStructured.modulemap\
    export OTHER_LDFLAGS\=-Wl,-no_warn_duplicate_libraries\ -Wl,-no_warn_duplicate_libraries\ -Wl,-no_warn_duplicate_libraries\ -Wl,-no_warn_duplicate_libraries\ -Wl,-no_warn_duplicate_libraries\ -Wl,-no_warn_duplicate_libraries\ -Wl,-no_warn_duplicate_libraries\ -Wl,-no_warn_duplicate_libraries\ -Wl,-no_warn_duplicate_libraries\ -Wl,-no_warn_duplicate_libraries\ -Wl,-no_warn_duplicate_libraries\ -Wl,-no_warn_duplicate_libraries\ -Wl,-no_warn_duplicate_libraries\ -Wl,-no_warn_duplicate_libraries\ -Wl,-no_warn_duplicate_libraries\ -Wl,-no_warn_duplicate_libraries\ -Wl,-no_warn_duplicate_libraries\ -Wl,-no_warn_duplicate_libraries\ -Wl,-no_warn_duplicate_libraries\ -Wl,-no_warn_duplicate_libraries\ -Wl,-no_warn_duplicate_libraries\ -Wl,-no_warn_duplicate_libraries\ -Wl,-no_warn_duplicate_libraries\ -Wl,-no_warn_duplicate_libraries\ -Wl,-no_warn_duplicate_libraries\ -Wl,-no_warn_duplicate_libraries\ -lc++\ -Wl,-no_warn_duplicate_libraries\ -Wl,-no_warn_duplicate_libraries\ -Wl,-no_warn_duplicate_libraries\ -Wl,-no_warn_duplicate_libraries\ -Wl,-no_warn_duplicate_libraries\ -Wl,-no_warn_duplicate_libraries\ -Wl,-no_warn_duplicate_libraries\ -Wl,-no_warn_duplicate_libraries\ -Wl,-no_warn_duplicate_libraries\ -Wl,-no_warn_duplicate_libraries\ -Wl,-no_warn_duplicate_libraries\ -Wl,-no_warn_duplicate_libraries\ -Wl,-no_warn_duplicate_libraries\ -Wl,-no_warn_duplicate_libraries\ -Wl,-no_warn_duplicate_libraries\ -Wl,-no_warn_duplicate_libraries\ -Wl,-no_warn_duplicate_libraries\ -Wl,-no_warn_duplicate_libraries\ -Wl,-no_warn_duplicate_libraries\ -Wl,-no_warn_duplicate_libraries\ -Wl,-no_warn_duplicate_libraries\ -Wl,-no_warn_duplicate_libraries\ -Wl,-no_warn_duplicate_libraries\ -Wl,-no_warn_duplicate_libraries\ -Wl,-no_warn_duplicate_libraries\ -Wl,-no_warn_duplicate_libraries\ -Wl,-no_warn_duplicate_libraries\ -Wl,-no_warn_duplicate_libraries\ -Wl,-no_warn_duplicate_libraries\ -Wl,-no_warn_duplicate_libraries\ -Wl,-no_warn_duplicate_libraries\ -Wl,-no_warn_duplicate_libraries\ -Wl,-no_warn_duplicate_libraries\ -Wl,-no_warn_duplicate_libraries\ -lc++\ -Wl,-no_warn_duplicate_libraries\ -Wl,-no_warn_duplicate_libraries\ -L/Users/jojo/Downloads/Epistemos/build-rust\ -lgraph_engine\ -lsyntax_core\ -lomega_mcp\ -lomega_ax\ -lepistemos_core\ -lagent_core\ -lepistemos_shadow\ -lepistemos_code_index\ -lsubstrate_rt\ -lc++\ -framework\ Foundation\ -framework\ Metal\ -framework\ Accelerate
    export OTHER_SWIFT_FLAGS\=-Xcc\ -fmodule-map-file\=/Users/jojo/Library/Developer/Xcode/DerivedData/Epistemos-ctkiyqxaarezsccbouumxcpfxvtl/SourcePackages/checkouts/GRDB.swift/Sources/GRDBSQLite/module.modulemap\ -Xcc\ -fmodule-map-file\=/Users/jojo/Library/Developer/Xcode/DerivedData/Epistemos-ctkiyqxaarezsccbouumxcpfxvtl/Build/Intermediates.noindex/GeneratedModuleMaps/CNIOWASI.modulemap\ -Xcc\ -fmodule-map-file\=/Users/jojo/Library/Developer/Xcode/DerivedData/Epistemos-ctkiyqxaarezsccbouumxcpfxvtl/Build/Intermediates.noindex/GeneratedModuleMaps/CNIOLinux.modulemap\ -Xcc\ -fmodule-map-file\=/Users/jojo/Library/Developer/Xcode/DerivedData/Epistemos-ctkiyqxaarezsccbouumxcpfxvtl/Build/Intermediates.noindex/GeneratedModuleMaps/CNIODarwin.modulemap\ -Xcc\ -fmodule-map-file\=/Users/jojo/Library/Developer/Xcode/DerivedData/Epistemos-ctkiyqxaarezsccbouumxcpfxvtl/Build/Intermediates.noindex/GeneratedModuleMaps/CNIOOpenBSD.modulemap\ -Xcc\ -fmodule-map-file\=/Users/jojo/Library/Developer/Xcode/DerivedData/Epistemos-ctkiyqxaarezsccbouumxcpfxvtl/Build/Intermediates.noindex/GeneratedModuleMaps/CNIOAtomics.modulemap\ -Xcc\ -fmodule-map-file\=/Users/jojo/Library/Developer/Xcode/DerivedData/Epistemos-ctkiyqxaarezsccbouumxcpfxvtl/Build/Intermediates.noindex/GeneratedModuleMaps/Internal.modulemap\ -Xcc\ -fmodule-map-file\=/Users/jojo/Library/Developer/Xcode/DerivedData/Epistemos-ctkiyqxaarezsccbouumxcpfxvtl/Build/Intermediates.noindex/GeneratedModuleMaps/TreeSitter.modulemap\ -Xcc\ -fmodule-map-file\=/Users/jojo/Library/Developer/Xcode/DerivedData/Epistemos-ctkiyqxaarezsccbouumxcpfxvtl/Build/Intermediates.noindex/GeneratedModuleMaps/yyjson.modulemap\
    export PACKAGE_TYPE\=com.apple.package-type.wrapper.application
    export PASCAL_STRINGS\=YES
    export PATH\=/Applications/Xcode.app/Contents/SharedFrameworks/SwiftBuild.framework/Versions/A/PlugIns/SWBBuildService.bundle/Contents/PlugIns/SWBUniversalPlatformPlugin.bundle/Contents/Frameworks/SWBUniversalPlatform.framework/Resources:/var/run/com.apple.security.cryptexd/mnt/com.apple.MobileAsset.MetalToolchain-v17.5.188.0.0yVXtr/Metal.xctoolchain/usr/bin:/var/run/com.apple.security.cryptexd/mnt/com.apple.MobileAsset.MetalToolchain-v17.5.188.0.0yVXtr/Metal.xctoolchain/usr/local/bin:/var/run/com.apple.security.cryptexd/mnt/com.apple.MobileAsset.MetalToolchain-v17.5.188.0.0yVXtr/Metal.xctoolchain/usr/libexec:/Applications/Xcode.app/Contents/Developer/Toolchains/XcodeDefault.xctoolchain/usr/bin:/Applications/Xcode.app/Contents/Developer/Toolchains/XcodeDefault.xctoolchain/usr/local/bin:/Applications/Xcode.app/Contents/Developer/Toolchains/XcodeDefault.xctoolchain/usr/libexec:/Applications/Xcode.app/Contents/Developer/Platforms/MacOSX.platform/usr/bin:/Applications/Xcode.app/Contents/Developer/Platforms/MacOSX.platform/usr/local/bin:/Applications/Xcode.app/Contents/Developer/Platforms/MacOSX.platform/Developer/usr/bin:/Applications/Xcode.app/Contents/Developer/Platforms/MacOSX.platform/Developer/usr/local/bin:/Applications/Xcode.app/Contents/Developer/usr/bin:/Applications/Xcode.app/Contents/Developer/usr/local/bin:/Users/jojo/.codex/tmp/arg0/codex-arg0E3HkjA:/Users/jojo/.antigravity/antigravity/bin:/Users/jojo/.local/bin:/Users/jojo/.elan/bin:/opt/homebrew/bin:/opt/homebrew/sbin:/usr/local/bin:/System/Cryptexes/App/usr/bin:/usr/bin:/bin:/usr/sbin:/sbin:/var/run/com.apple.security.cryptexd/codex.system/bootstrap/usr/local/bin:/var/run/com.apple.security.cryptexd/codex.system/bootstrap/usr/bin:/var/run/com.apple.security.cryptexd/codex.system/bootstrap/usr/appleinternal/bin:/opt/pmk/env/global/bin:/Library/Apple/usr/bin:/Users/jojo/.cargo/bin:/Applications/Codex.app/Contents/Resources
    export PATH_PREFIXES_EXCLUDED_FROM_HEADER_DEPENDENCIES\=/usr/include\ /usr/local/include\ /System/Library/Frameworks\ /System/Library/PrivateFrameworks\ /Applications/Xcode.app/Contents/Developer/Headers\ /Applications/Xcode.app/Contents/Developer/SDKs\ /Applications/Xcode.app/Contents/Developer/Platforms
    export PBDEVELOPMENTPLIST_PATH\=Epistemos.app/Contents/pbdevelopment.plist
    export PER_ARCH_MODULE_FILE_DIR\=/Users/jojo/Library/Developer/Xcode/DerivedData/Epistemos-ctkiyqxaarezsccbouumxcpfxvtl/Build/Intermediates.noindex/Epistemos.build/Debug/Epistemos.build/Objects-normal/undefined_arch
    export PER_ARCH_OBJECT_FILE_DIR\=/Users/jojo/Library/Developer/Xcode/DerivedData/Epistemos-ctkiyqxaarezsccbouumxcpfxvtl/Build/Intermediates.noindex/Epistemos.build/Debug/Epistemos.build/Objects-normal/undefined_arch
    export PER_VARIANT_OBJECT_FILE_DIR\=/Users/jojo/Library/Developer/Xcode/DerivedData/Epistemos-ctkiyqxaarezsccbouumxcpfxvtl/Build/Intermediates.noindex/Epistemos.build/Debug/Epistemos.build/Objects-normal
    export PKGINFO_FILE_PATH\=/Users/jojo/Library/Developer/Xcode/DerivedData/Epistemos-ctkiyqxaarezsccbouumxcpfxvtl/Build/Intermediates.noindex/Epistemos.build/Debug/Epistemos.build/PkgInfo
    export PKGINFO_PATH\=Epistemos.app/Contents/PkgInfo
    export PLATFORM_DEVELOPER_APPLICATIONS_DIR\=/Applications/Xcode.app/Contents/Developer/Applications
    export PLATFORM_DEVELOPER_BIN_DIR\=/Applications/Xcode.app/Contents/Developer/usr/bin
    export PLATFORM_DEVELOPER_LIBRARY_DIR\=/Applications/Xcode.app/Contents/Developer/Library
    export PLATFORM_DEVELOPER_SDK_DIR\=/Applications/Xcode.app/Contents/Developer/Platforms/MacOSX.platform/Developer/SDKs
    export PLATFORM_DEVELOPER_TOOLS_DIR\=/Applications/Xcode.app/Contents/Developer/Tools
    export PLATFORM_DEVELOPER_USR_DIR\=/Applications/Xcode.app/Contents/Developer/usr
    export PLATFORM_DIR\=/Applications/Xcode.app/Contents/Developer/Platforms/MacOSX.platform
    export PLATFORM_DISPLAY_NAME\=macOS
    export PLATFORM_FAMILY_NAME\=macOS
    export PLATFORM_NAME\=macosx
    export PLATFORM_PREFERRED_ARCH\=x86_64
    export PLATFORM_PRODUCT_BUILD_VERSION\=25E251
    export PLATFORM_REQUIRES_SWIFT_AUTOLINK_EXTRACT\=NO
    export PLATFORM_REQUIRES_SWIFT_MODULEWRAP\=NO
    export PLATFORM_USES_DSYMS\=YES
    export PLIST_FILE_OUTPUT_FORMAT\=same-as-input
    export PLUGINS_FOLDER_PATH\=Epistemos.app/Contents/PlugIns
    export PRECOMPS_INCLUDE_HEADERS_FROM_BUILT_PRODUCTS_DIR\=YES
    export PRECOMP_DESTINATION_DIR\=/Users/jojo/Library/Developer/Xcode/DerivedData/Epistemos-ctkiyqxaarezsccbouumxcpfxvtl/Build/Intermediates.noindex/Epistemos.build/Debug/Epistemos.build/PrefixHeaders
    export PRIVATE_HEADERS_FOLDER_PATH\=Epistemos.app/Contents/PrivateHeaders
    export PROCESSED_INFOPLIST_PATH\=/Users/jojo/Library/Developer/Xcode/DerivedData/Epistemos-ctkiyqxaarezsccbouumxcpfxvtl/Build/Intermediates.noindex/Epistemos.build/Debug/Epistemos.build/Objects-normal/undefined_arch/Processed-Info.plist
    export PRODUCT_BUNDLE_IDENTIFIER\=com.epistemos.app
    export PRODUCT_BUNDLE_PACKAGE_TYPE\=APPL
    export PRODUCT_MODULE_NAME\=Epistemos
    export PRODUCT_NAME\=Epistemos
    export PRODUCT_SETTINGS_PATH\=/Users/jojo/Downloads/Epistemos/Epistemos-Info.plist
    export PRODUCT_TYPE\=com.apple.product-type.application
    export PROFILING_CODE\=NO
    export PROJECT\=Epistemos
    export PROJECT_DERIVED_FILE_DIR\=/Users/jojo/Library/Developer/Xcode/DerivedData/Epistemos-ctkiyqxaarezsccbouumxcpfxvtl/Build/Intermediates.noindex/Epistemos.build/DerivedSources
    export PROJECT_DIR\=/Users/jojo/Downloads/Epistemos
    export PROJECT_FILE_PATH\=/Users/jojo/Downloads/Epistemos/Epistemos.xcodeproj
    export PROJECT_GUID\=98f5f0daaeb3c27bd64a622cabaed3f2
    export PROJECT_NAME\=Epistemos
    export PROJECT_TEMP_DIR\=/Users/jojo/Library/Developer/Xcode/DerivedData/Epistemos-ctkiyqxaarezsccbouumxcpfxvtl/Build/Intermediates.noindex/Epistemos.build
    export PROJECT_TEMP_ROOT\=/Users/jojo/Library/Developer/Xcode/DerivedData/Epistemos-ctkiyqxaarezsccbouumxcpfxvtl/Build/Intermediates.noindex
    export PROVISIONING_PROFILE_REQUIRED\=NO
    export PROVISIONING_PROFILE_REQUIRED_YES_YES\=YES
    export PROVISIONING_PROFILE_SUPPORTED\=YES
    export PUBLIC_HEADERS_FOLDER_PATH\=Epistemos.app/Contents/Headers
    export RECOMMENDED_MACOSX_DEPLOYMENT_TARGET\=11.0
    export RECURSIVE_SEARCH_PATHS_FOLLOW_SYMLINKS\=YES
    export REMOVE_CVS_FROM_RESOURCES\=YES
    export REMOVE_GIT_FROM_RESOURCES\=YES
    export REMOVE_HEADERS_FROM_EMBEDDED_BUNDLES\=YES
    export REMOVE_HG_FROM_RESOURCES\=YES
    export REMOVE_STATIC_EXECUTABLES_FROM_EMBEDDED_BUNDLES\=YES
    export REMOVE_SVN_FROM_RESOURCES\=YES
    export RESCHEDULE_INDEPENDENT_HEADERS_PHASES\=YES
    export REZ_COLLECTOR_DIR\=/Users/jojo/Library/Developer/Xcode/DerivedData/Epistemos-ctkiyqxaarezsccbouumxcpfxvtl/Build/Intermediates.noindex/Epistemos.build/Debug/Epistemos.build/ResourceManagerResources
    export REZ_OBJECTS_DIR\=/Users/jojo/Library/Developer/Xcode/DerivedData/Epistemos-ctkiyqxaarezsccbouumxcpfxvtl/Build/Intermediates.noindex/Epistemos.build/Debug/Epistemos.build/ResourceManagerResources/Objects
    export REZ_SEARCH_PATHS\=/Users/jojo/Library/Developer/Xcode/DerivedData/Epistemos-ctkiyqxaarezsccbouumxcpfxvtl/Build/Products/Debug\
    export RPATH_ORIGIN\=@loader_path
    export RUNTIME_EXCEPTION_ALLOW_DYLD_ENVIRONMENT_VARIABLES\=NO
    export RUNTIME_EXCEPTION_ALLOW_JIT\=NO
    export RUNTIME_EXCEPTION_ALLOW_UNSIGNED_EXECUTABLE_MEMORY\=NO
    export RUNTIME_EXCEPTION_DEBUGGING_TOOL\=NO
    export RUNTIME_EXCEPTION_DISABLE_EXECUTABLE_PAGE_PROTECTION\=NO
    export RUNTIME_EXCEPTION_DISABLE_LIBRARY_VALIDATION\=NO
    export SCANNING_PCM_KEEP_CACHE_DIRECTORY\=YES
    export SCAN_ALL_SOURCE_FILES_FOR_INCLUDES\=NO
    export SCRIPTS_FOLDER_PATH\=Epistemos.app/Contents/Resources/Scripts
    export SCRIPT_INPUT_FILE_COUNT\=0
    export SCRIPT_INPUT_FILE_LIST_COUNT\=0
    export SCRIPT_OUTPUT_FILE_COUNT\=0
    export SCRIPT_OUTPUT_FILE_LIST_COUNT\=0
    export SDKROOT\=/Applications/Xcode.app/Contents/Developer/Platforms/MacOSX.platform/Developer/SDKs/MacOSX26.4.sdk
    export SDK_DIR\=/Applications/Xcode.app/Contents/Developer/Platforms/MacOSX.platform/Developer/SDKs/MacOSX26.4.sdk
    export SDK_DIR_macosx\=/Applications/Xcode.app/Contents/Developer/Platforms/MacOSX.platform/Developer/SDKs/MacOSX26.4.sdk
    export SDK_DIR_macosx26_4\=/Applications/Xcode.app/Contents/Developer/Platforms/MacOSX.platform/Developer/SDKs/MacOSX26.4.sdk
    export SDK_NAME\=macosx26.4
    export SDK_NAMES\=macosx26.4
    export SDK_PRODUCT_BUILD_VERSION\=25E251
    export SDK_STAT_CACHE_DIR\=/Users/jojo/Library/Developer/Xcode/DerivedData
    export SDK_STAT_CACHE_ENABLE\=YES
    export SDK_STAT_CACHE_PATH\=/Users/jojo/Library/Developer/Xcode/DerivedData/SDKStatCaches.noindex/macosx26.4-25E251-688ef53f1462e2c8f657fdc38a81448f30f9ca8789b706f8bd3fc906a70d770f.sdkstatcache
    export SDK_VERSION\=26.4
    export SDK_VERSION_ACTUAL\=260400
    export SDK_VERSION_MAJOR\=260000
    export SDK_VERSION_MINOR\=260400
    export SED\=/usr/bin/sed
    export SEPARATE_STRIP\=NO
    export SEPARATE_SYMBOL_EDIT\=NO
    export SET_DIR_MODE_OWNER_GROUP\=YES
    export SET_FILE_MODE_OWNER_GROUP\=NO
    export SHALLOW_BUNDLE\=NO
    export SHALLOW_BUNDLE_PLATFORM\=NO
    export SHALLOW_BUNDLE_TRIPLE\=macos
    export SHALLOW_BUNDLE_ios_macabi\=NO
    export SHALLOW_BUNDLE_macos\=NO
    export SHARED_DERIVED_FILE_DIR\=/Users/jojo/Library/Developer/Xcode/DerivedData/Epistemos-ctkiyqxaarezsccbouumxcpfxvtl/Build/Products/Debug/DerivedSources
    export SHARED_FRAMEWORKS_FOLDER_PATH\=Epistemos.app/Contents/SharedFrameworks
    export SHARED_PRECOMPS_DIR\=/Users/jojo/Library/Developer/Xcode/DerivedData/Epistemos-ctkiyqxaarezsccbouumxcpfxvtl/Build/Intermediates.noindex/PrecompiledHeaders
    export SHARED_SUPPORT_FOLDER_PATH\=Epistemos.app/Contents/SharedSupport
    export SKIP_INSTALL\=NO
    export SKIP_MERGEABLE_LIBRARY_BUNDLE_HOOK\=NO
    export SOURCE_ROOT\=/Users/jojo/Downloads/Epistemos
    export SRCROOT\=/Users/jojo/Downloads/Epistemos
    export STRINGSDATA_DIR\=/Users/jojo/Library/Developer/Xcode/DerivedData/Epistemos-ctkiyqxaarezsccbouumxcpfxvtl/Build/Intermediates.noindex/Epistemos.build/Debug/Epistemos.build/Objects-normal/undefined_arch
    export STRINGSDATA_ROOT\=/Users/jojo/Library/Developer/Xcode/DerivedData/Epistemos-ctkiyqxaarezsccbouumxcpfxvtl/Build/Intermediates.noindex/Epistemos.build/Debug/Epistemos.build
    export STRINGS_FILE_INFOPLIST_RENAME\=YES
    export STRINGS_FILE_OUTPUT_ENCODING\=UTF-16
    export STRING_CATALOG_GENERATE_SYMBOLS\=NO
    export STRIP_BITCODE_FROM_COPIED_FILES\=NO
    export STRIP_INSTALLED_PRODUCT\=NO
    export STRIP_PNG_TEXT\=NO
    export STRIP_STYLE\=all
    export STRIP_SWIFT_SYMBOLS\=YES
    export SUPPORTED_PLATFORMS\=macosx
    export SUPPORTS_MACCATALYST\=NO
    export SUPPORTS_ON_DEMAND_RESOURCES\=NO
    export SUPPORTS_TEXT_BASED_API\=NO
    export SUPPRESS_WARNINGS\=NO
    export SWIFT_ACTIVE_COMPILATION_CONDITIONS\=DEBUG\ EPISTEMOS_LINK_SUBSTRATE_RT
    export SWIFT_COMPILATION_MODE\=singlefile
    export SWIFT_DEFAULT_ACTOR_ISOLATION\=MainActor
    export SWIFT_EMIT_CONST_VALUE_PROTOCOLS\=AnyResolverProviding\ AppEntity\ AppEnum\ AppExtension\ AppIntent\ AppIntentsPackage\ AppShortcutProviding\ AppShortcutsProvider\ DynamicOptionsProvider\ EntityQuery\ ExtensionPointDefining\ IntentValueQuery\ Resolver\ TransientEntity\ _AssistantIntentsProvider\ _GenerativeFunctionExtractable\ _IntentValueRepresentable
    export SWIFT_EMIT_LOC_STRINGS\=YES
    export SWIFT_ENABLE_EXPLICIT_MODULES\=YES
    export SWIFT_INCLUDE_PATHS\=/Users/jojo/Library/Developer/Xcode/DerivedData/Epistemos-ctkiyqxaarezsccbouumxcpfxvtl/Build/Products/Debug\ /Users/jojo/Downloads/Epistemos/build-rust/swift-bindings/omega_mcpFFI\ /Users/jojo/Downloads/Epistemos/build-rust/swift-bindings/omega_axFFI\ /Users/jojo/Downloads/Epistemos/build-rust/swift-bindings/epistemos_coreFFI\ /Users/jojo/Downloads/Epistemos/build-rust/swift-bindings/agent_coreFFI
    export SWIFT_OBJC_BRIDGING_HEADER\=Epistemos-Bridging-Header.h
    export SWIFT_OPTIMIZATION_LEVEL\=-Onone
    export SWIFT_PLATFORM_TARGET_PREFIX\=macos
    export SWIFT_RESPONSE_FILE_PATH_normal_arm64\=/Users/jojo/Library/Developer/Xcode/DerivedData/Epistemos-ctkiyqxaarezsccbouumxcpfxvtl/Build/Intermediates.noindex/Epistemos.build/Debug/Epistemos.build/Objects-normal/arm64/Epistemos.SwiftFileList
    export SWIFT_VERSION\=6.0
    export SYMROOT\=/Users/jojo/Library/Developer/Xcode/DerivedData/Epistemos-ctkiyqxaarezsccbouumxcpfxvtl/Build/Products
    export SYSTEM_ADMIN_APPS_DIR\=/Applications/Utilities
    export SYSTEM_APPS_DIR\=/Applications
    export SYSTEM_CORE_SERVICES_DIR\=/System/Library/CoreServices
    export SYSTEM_DEMOS_DIR\=/Applications/Extras
    export SYSTEM_DEVELOPER_APPS_DIR\=/Applications/Xcode.app/Contents/Developer/Applications
    export SYSTEM_DEVELOPER_BIN_DIR\=/Applications/Xcode.app/Contents/Developer/usr/bin
    export SYSTEM_DEVELOPER_DEMOS_DIR\=/Applications/Xcode.app/Contents/Developer/Applications/Utilities/Built\ Examples
    export SYSTEM_DEVELOPER_DIR\=/Applications/Xcode.app/Contents/Developer
    export SYSTEM_DEVELOPER_DOC_DIR\=/Applications/Xcode.app/Contents/Developer/ADC\ Reference\ Library
    export SYSTEM_DEVELOPER_GRAPHICS_TOOLS_DIR\=/Applications/Xcode.app/Contents/Developer/Applications/Graphics\ Tools
    export SYSTEM_DEVELOPER_JAVA_TOOLS_DIR\=/Applications/Xcode.app/Contents/Developer/Applications/Java\ Tools
    export SYSTEM_DEVELOPER_PERFORMANCE_TOOLS_DIR\=/Applications/Xcode.app/Contents/Developer/Applications/Performance\ Tools
    export SYSTEM_DEVELOPER_RELEASENOTES_DIR\=/Applications/Xcode.app/Contents/Developer/ADC\ Reference\ Library/releasenotes
    export SYSTEM_DEVELOPER_TOOLS\=/Applications/Xcode.app/Contents/Developer/Tools
    export SYSTEM_DEVELOPER_TOOLS_DOC_DIR\=/Applications/Xcode.app/Contents/Developer/ADC\ Reference\ Library/documentation/DeveloperTools
    export SYSTEM_DEVELOPER_TOOLS_RELEASENOTES_DIR\=/Applications/Xcode.app/Contents/Developer/ADC\ Reference\ Library/releasenotes/DeveloperTools
    export SYSTEM_DEVELOPER_USR_DIR\=/Applications/Xcode.app/Contents/Developer/usr
    export SYSTEM_DEVELOPER_UTILITIES_DIR\=/Applications/Xcode.app/Contents/Developer/Applications/Utilities
    export SYSTEM_DEXT_INSTALL_PATH\=/System/Library/DriverExtensions
    export SYSTEM_DOCUMENTATION_DIR\=/Library/Documentation
    export SYSTEM_EXTENSIONS_FOLDER_PATH\=Epistemos.app/Contents/Library/SystemExtensions
    export SYSTEM_EXTENSIONS_FOLDER_PATH_SHALLOW_BUNDLE_NO\=Epistemos.app/Contents/Library/SystemExtensions
    export SYSTEM_EXTENSIONS_FOLDER_PATH_SHALLOW_BUNDLE_YES\=Epistemos.app/Contents/SystemExtensions
    export SYSTEM_KEXT_INSTALL_PATH\=/System/Library/Extensions
    export SYSTEM_LIBRARY_DIR\=/System/Library
    export TAPI_DEMANGLE\=YES
    export TAPI_ENABLE_PROJECT_HEADERS\=NO
    export TAPI_LANGUAGE\=objective-c
    export TAPI_LANGUAGE_STANDARD\=compiler-default
    export TAPI_USE_SRCROOT\=YES
    export TAPI_VERIFY_MODE\=Pedantic
    export TARGETNAME\=Epistemos
    export TARGET_BUILD_DIR\=/Users/jojo/Library/Developer/Xcode/DerivedData/Epistemos-ctkiyqxaarezsccbouumxcpfxvtl/Build/Products/Debug
    export TARGET_NAME\=Epistemos
    export TARGET_TEMP_DIR\=/Users/jojo/Library/Developer/Xcode/DerivedData/Epistemos-ctkiyqxaarezsccbouumxcpfxvtl/Build/Intermediates.noindex/Epistemos.build/Debug/Epistemos.build
    export TEMP_DIR\=/Users/jojo/Library/Developer/Xcode/DerivedData/Epistemos-ctkiyqxaarezsccbouumxcpfxvtl/Build/Intermediates.noindex/Epistemos.build/Debug/Epistemos.build
    export TEMP_FILES_DIR\=/Users/jojo/Library/Developer/Xcode/DerivedData/Epistemos-ctkiyqxaarezsccbouumxcpfxvtl/Build/Intermediates.noindex/Epistemos.build/Debug/Epistemos.build
    export TEMP_FILE_DIR\=/Users/jojo/Library/Developer/Xcode/DerivedData/Epistemos-ctkiyqxaarezsccbouumxcpfxvtl/Build/Intermediates.noindex/Epistemos.build/Debug/Epistemos.build
    export TEMP_ROOT\=/Users/jojo/Library/Developer/Xcode/DerivedData/Epistemos-ctkiyqxaarezsccbouumxcpfxvtl/Build/Intermediates.noindex
    export TEMP_SANDBOX_DIR\=/Users/jojo/Library/Developer/Xcode/DerivedData/Epistemos-ctkiyqxaarezsccbouumxcpfxvtl/Build/Intermediates.noindex/TemporaryTaskSandboxes
    export TEST_FRAMEWORK_SEARCH_PATHS\=\ /Applications/Xcode.app/Contents/Developer/Platforms/MacOSX.platform/Developer/Library/Frameworks
    export TEST_LIBRARY_SEARCH_PATHS\=\ /Applications/Xcode.app/Contents/Developer/Platforms/MacOSX.platform/Developer/usr/lib
    export TOOLCHAINS\=com.apple.dt.toolchain.Metal.32023.883\ com.apple.dt.toolchain.XcodeDefault
    export TOOLCHAIN_DIR\=/var/run/com.apple.security.cryptexd/mnt/com.apple.MobileAsset.MetalToolchain-v17.5.188.0.0yVXtr/Metal.xctoolchain
    export TOOLCHAIN_VERSION\=32023.883
    export TREAT_MISSING_BASELINES_AS_TEST_FAILURES\=NO
    export TREAT_MISSING_SCRIPT_PHASE_OUTPUTS_AS_ERRORS\=NO
    export TeamIdentifierPrefix\=3BNL2669SL.
    export UID\=501
    export UNINSTALLED_PRODUCTS_DIR\=/Users/jojo/Library/Developer/Xcode/DerivedData/Epistemos-ctkiyqxaarezsccbouumxcpfxvtl/Build/Intermediates.noindex/UninstalledProducts
    export UNLOCALIZED_RESOURCES_FOLDER_PATH\=Epistemos.app/Contents/Resources
    export UNLOCALIZED_RESOURCES_FOLDER_PATH_SHALLOW_BUNDLE_NO\=Epistemos.app/Contents/Resources
    export UNLOCALIZED_RESOURCES_FOLDER_PATH_SHALLOW_BUNDLE_YES\=Epistemos.app/Contents
    export UNSTRIPPED_PRODUCT\=NO
    export USER\=jojo
    export USER_APPS_DIR\=/Users/jojo/Applications
    export USER_LIBRARY_DIR\=/Users/jojo/Library
    export USE_DYNAMIC_NO_PIC\=YES
    export USE_HEADERMAP\=YES
    export USE_HEADER_SYMLINKS\=NO
    export VALIDATE_DEVELOPMENT_ASSET_PATHS\=YES_ERROR
    export VALIDATE_PRODUCT\=NO
    export VALID_ARCHS\=arm64\ arm64e\ i386\ x86_64
    export VERBOSE_PBXCP\=NO
    export VERSIONPLIST_PATH\=Epistemos.app/Contents/version.plist
    export VERSION_INFO_BUILDER\=jojo
    export VERSION_INFO_FILE\=Epistemos_vers.c
    export VERSION_INFO_STRING\=\"@\(\#\)PROGRAM:Epistemos\ \ PROJECT:Epistemos-\"
    export WORKSPACE_DIR\=/Users/jojo/Downloads/Epistemos/Epistemos.xcodeproj
    export WRAPPER_EXTENSION\=app
    export WRAPPER_NAME\=Epistemos.app
    export WRAPPER_SUFFIX\=.app
    export WRAP_ASSET_PACKS_IN_SEPARATE_DIRECTORIES\=NO
    export XCODE_APP_SUPPORT_DIR\=/Applications/Xcode.app/Contents/Developer/Library/Xcode
    export XCODE_PRODUCT_BUILD_VERSION\=17E202
    export XCODE_VERSION_ACTUAL\=2641
    export XCODE_VERSION_MAJOR\=2600
    export XCODE_VERSION_MINOR\=2640
    export XPCSERVICES_FOLDER_PATH\=Epistemos.app/Contents/XPCServices
    export YACC\=yacc
    export _BOOL_\=NO
    export _BOOL_NO\=NO
    export _BOOL_YES\=YES
    export _DEVELOPMENT_TEAM_IS_EMPTY\=NO
    export _DISCOVER_COMMAND_LINE_LINKER_INPUTS\=YES
    export _DISCOVER_COMMAND_LINE_LINKER_INPUTS_INCLUDE_WL\=YES
    export _IS_EMPTY_\=YES
    export _LD_MULTIARCH\=YES
    export _MACOSX_DEPLOYMENT_TARGET_IS_EMPTY\=NO
    export _WRAPPER_CONTENTS_DIR\=/Contents
    export _WRAPPER_CONTENTS_DIR_SHALLOW_BUNDLE_NO\=/Contents
    export _WRAPPER_PARENT_PATH\=/..
    export _WRAPPER_PARENT_PATH_SHALLOW_BUNDLE_NO\=/..
    export _WRAPPER_RESOURCES_DIR\=/Resources
    export _WRAPPER_RESOURCES_DIR_SHALLOW_BUNDLE_NO\=/Resources
    export __DIAGNOSE_DEPRECATED_ARCHS\=YES
    export __IS_NOT_MACOS\=NO
    export __IS_NOT_MACOS_macosx\=NO
    export __IS_NOT_SIMULATOR\=YES
    export __IS_NOT_SIMULATOR_simulator\=NO
    export __ORIGINAL_SDK_DEFINED_LLVM_TARGET_TRIPLE_SYS\=macos
    export arch\=undefined_arch
    export variant\=normal
    /bin/sh -c /Users/jojo/Library/Developer/Xcode/DerivedData/Epistemos-ctkiyqxaarezsccbouumxcpfxvtl/Build/Intermediates.noindex/Epistemos.build/Debug/Epistemos.build/Script-E7F099267B00E856637856A5.sh
NightBrain LaunchAgent bundled at Contents/Library/LaunchAgents/com.epistemos.nightbrain.plist

CopySwiftLibs /Users/jojo/Library/Developer/Xcode/DerivedData/Epistemos-ctkiyqxaarezsccbouumxcpfxvtl/Build/Products/Debug/Epistemos.app (in target 'Epistemos' from project 'Epistemos')
    cd /Users/jojo/Downloads/Epistemos
    builtin-swiftStdLibTool --copy --verbose --sign AF2DF77A5068B80690E18117FD187198AA7D10CE --scan-executable /Users/jojo/Library/Developer/Xcode/DerivedData/Epistemos-ctkiyqxaarezsccbouumxcpfxvtl/Build/Products/Debug/Epistemos.app/Contents/MacOS/Epistemos.debug.dylib --scan-folder /Users/jojo/Library/Developer/Xcode/DerivedData/Epistemos-ctkiyqxaarezsccbouumxcpfxvtl/Build/Products/Debug/Epistemos.app/Contents/Frameworks --scan-folder /Users/jojo/Library/Developer/Xcode/DerivedData/Epistemos-ctkiyqxaarezsccbouumxcpfxvtl/Build/Products/Debug/Epistemos.app/Contents/PlugIns --scan-folder /Users/jojo/Library/Developer/Xcode/DerivedData/Epistemos-ctkiyqxaarezsccbouumxcpfxvtl/Build/Products/Debug/Epistemos.app/Contents/Library/SystemExtensions --scan-folder /Users/jojo/Library/Developer/Xcode/DerivedData/Epistemos-ctkiyqxaarezsccbouumxcpfxvtl/Build/Products/Debug/Epistemos.app/Contents/Extensions --scan-folder /Applications/Xcode.app/Contents/Developer/Platforms/MacOSX.platform/Developer/SDKs/MacOSX26.4.sdk/System/Library/Frameworks/AppKit.framework --scan-folder /Applications/Xcode.app/Contents/Developer/Platforms/MacOSX.platform/Developer/SDKs/MacOSX26.4.sdk/System/Library/Frameworks/SwiftUI.framework --scan-folder /Applications/Xcode.app/Contents/Developer/Platforms/MacOSX.platform/Developer/SDKs/MacOSX26.4.sdk/System/Library/Frameworks/SwiftData.framework --scan-folder /Applications/Xcode.app/Contents/Developer/Platforms/MacOSX.platform/Developer/SDKs/MacOSX26.4.sdk/System/Library/Frameworks/Foundation.framework --scan-folder /Applications/Xcode.app/Contents/Developer/Platforms/MacOSX.platform/Developer/SDKs/MacOSX26.4.sdk/System/Library/Frameworks/CryptoKit.framework --scan-folder /Applications/Xcode.app/Contents/Developer/Platforms/MacOSX.platform/Developer/SDKs/MacOSX26.4.sdk/System/Library/Frameworks/Network.framework --scan-folder /Applications/Xcode.app/Contents/Developer/Platforms/MacOSX.platform/Developer/SDKs/MacOSX26.4.sdk/System/Library/Frameworks/AppIntents.framework --scan-folder /Applications/Xcode.app/Contents/Developer/Platforms/MacOSX.platform/Developer/SDKs/MacOSX26.4.sdk/System/Library/Frameworks/CoreSpotlight.framework --platform macosx --toolchain /var/run/com.apple.security.cryptexd/mnt/com.apple.MobileAsset.MetalToolchain-v17.5.188.0.0yVXtr/Metal.xctoolchain --toolchain /Applications/Xcode.app/Contents/Developer/Toolchains/XcodeDefault.xctoolchain --destination /Users/jojo/Library/Developer/Xcode/DerivedData/Epistemos-ctkiyqxaarezsccbouumxcpfxvtl/Build/Products/Debug/Epistemos.app/Contents/Frameworks --strip-bitcode --strip-bitcode-tool /Applications/Xcode.app/Contents/Developer/Toolchains/XcodeDefault.xctoolchain/usr/bin/bitcode_strip --emit-dependency-info /Users/jojo/Library/Developer/Xcode/DerivedData/Epistemos-ctkiyqxaarezsccbouumxcpfxvtl/Build/Intermediates.noindex/Epistemos.build/Debug/Epistemos.build/SwiftStdLibToolInputDependencies.dep --filter-for-swift-os

ExtractAppIntentsMetadata (in target 'Epistemos' from project 'Epistemos')
    cd /Users/jojo/Downloads/Epistemos
    /Applications/Xcode.app/Contents/Developer/Toolchains/XcodeDefault.xctoolchain/usr/bin/appintentsmetadataprocessor --toolchain-dir /var/run/com.apple.security.cryptexd/mnt/com.apple.MobileAsset.MetalToolchain-v17.5.188.0.0yVXtr/Metal.xctoolchain --module-name Epistemos --sdk-root /Applications/Xcode.app/Contents/Developer/Platforms/MacOSX.platform/Developer/SDKs/MacOSX26.4.sdk --xcode-version 17E202 --platform-family macOS --deployment-target 26.0 --bundle-identifier com.epistemos.app --output /Users/jojo/Library/Developer/Xcode/DerivedData/Epistemos-ctkiyqxaarezsccbouumxcpfxvtl/Build/Products/Debug/Epistemos.app/Contents/Resources --target-triple arm64-apple-macos26.0 --binary-file /Users/jojo/Library/Developer/Xcode/DerivedData/Epistemos-ctkiyqxaarezsccbouumxcpfxvtl/Build/Products/Debug/Epistemos.app/Contents/MacOS/Epistemos --dependency-file /Users/jojo/Library/Developer/Xcode/DerivedData/Epistemos-ctkiyqxaarezsccbouumxcpfxvtl/Build/Intermediates.noindex/Epistemos.build/Debug/Epistemos.build/Objects-normal/arm64/Epistemos_dependency_info.dat --stringsdata-file /Users/jojo/Library/Developer/Xcode/DerivedData/Epistemos-ctkiyqxaarezsccbouumxcpfxvtl/Build/Intermediates.noindex/Epistemos.build/Debug/Epistemos.build/Objects-normal/arm64/ExtractedAppShortcutsMetadata.stringsdata --source-file-list /Users/jojo/Library/Developer/Xcode/DerivedData/Epistemos-ctkiyqxaarezsccbouumxcpfxvtl/Build/Intermediates.noindex/Epistemos.build/Debug/Epistemos.build/Objects-normal/arm64/Epistemos.SwiftFileList --metadata-file-list /Users/jojo/Library/Developer/Xcode/DerivedData/Epistemos-ctkiyqxaarezsccbouumxcpfxvtl/Build/Intermediates.noindex/Epistemos.build/Debug/Epistemos.build/Epistemos.DependencyMetadataFileList --static-metadata-file-list /Users/jojo/Library/Developer/Xcode/DerivedData/Epistemos-ctkiyqxaarezsccbouumxcpfxvtl/Build/Intermediates.noindex/Epistemos.build/Debug/Epistemos.build/Epistemos.DependencyStaticMetadataFileList --swift-const-vals-list /Users/jojo/Library/Developer/Xcode/DerivedData/Epistemos-ctkiyqxaarezsccbouumxcpfxvtl/Build/Intermediates.noindex/Epistemos.build/Debug/Epistemos.build/Objects-normal/arm64/Epistemos.SwiftConstValuesFileList --compile-time-extraction --deployment-aware-processing --validate-assistant-intents --no-app-shortcuts-localization
2026-06-05 16:54:13.108 appintentsmetadataprocessor[78822:32345765] Starting appintentsmetadataprocessor export
2026-06-05 16:54:13.345 appintentsmetadataprocessor[78822:32345765] Writing Metadata.appintents
2026-06-05 16:54:13.345 appintentsmetadataprocessor[78822:32345765] Metadata root: /Users/jojo/Library/Developer/Xcode/DerivedData/Epistemos-ctkiyqxaarezsccbouumxcpfxvtl/Build/Products/Debug/Epistemos.app/Contents/Resources/Metadata.appintents

CodeSign /Users/jojo/Library/Developer/Xcode/DerivedData/Epistemos-ctkiyqxaarezsccbouumxcpfxvtl/Build/Products/Debug/Epistemos.app/Contents/MacOS/Epistemos.debug.dylib (in target 'Epistemos' from project 'Epistemos')
    cd /Users/jojo/Downloads/Epistemos

    Signing Identity:     "Apple Development: jordantyrellconley@gmail.com (AL562BVF23)"
    Provisioning Profile: "Mac Team Provisioning Profile: com.epistemos.app"
                          (567a964a-ddf9-4667-9638-edda205f9f19)

    /usr/bin/codesign --force --sign AF2DF77A5068B80690E18117FD187198AA7D10CE --timestamp\=none --generate-entitlement-der /Users/jojo/Library/Developer/Xcode/DerivedData/Epistemos-ctkiyqxaarezsccbouumxcpfxvtl/Build/Products/Debug/Epistemos.app/Contents/MacOS/Epistemos.debug.dylib

CodeSign /Users/jojo/Library/Developer/Xcode/DerivedData/Epistemos-ctkiyqxaarezsccbouumxcpfxvtl/Build/Products/Debug/Epistemos.app/Contents/MacOS/__preview.dylib (in target 'Epistemos' from project 'Epistemos')
    cd /Users/jojo/Downloads/Epistemos

    Signing Identity:     "Apple Development: jordantyrellconley@gmail.com (AL562BVF23)"
    Provisioning Profile: "Mac Team Provisioning Profile: com.epistemos.app"
                          (567a964a-ddf9-4667-9638-edda205f9f19)

    /usr/bin/codesign --force --sign AF2DF77A5068B80690E18117FD187198AA7D10CE --timestamp\=none --generate-entitlement-der /Users/jojo/Library/Developer/Xcode/DerivedData/Epistemos-ctkiyqxaarezsccbouumxcpfxvtl/Build/Products/Debug/Epistemos.app/Contents/MacOS/__preview.dylib
/Users/jojo/Library/Developer/Xcode/DerivedData/Epistemos-ctkiyqxaarezsccbouumxcpfxvtl/Build/Products/Debug/Epistemos.app/Contents/MacOS/__preview.dylib: replacing existing signature

CodeSign /Users/jojo/Library/Developer/Xcode/DerivedData/Epistemos-ctkiyqxaarezsccbouumxcpfxvtl/Build/Products/Debug/Epistemos.app (in target 'Epistemos' from project 'Epistemos')
    cd /Users/jojo/Downloads/Epistemos

    Signing Identity:     "Apple Development: jordantyrellconley@gmail.com (AL562BVF23)"
    Provisioning Profile: "Mac Team Provisioning Profile: com.epistemos.app"
                          (567a964a-ddf9-4667-9638-edda205f9f19)

    /usr/bin/codesign --force --sign AF2DF77A5068B80690E18117FD187198AA7D10CE --entitlements /Users/jojo/Library/Developer/Xcode/DerivedData/Epistemos-ctkiyqxaarezsccbouumxcpfxvtl/Build/Intermediates.noindex/Epistemos.build/Debug/Epistemos.build/Epistemos.app.xcent --timestamp\=none --generate-entitlement-der /Users/jojo/Library/Developer/Xcode/DerivedData/Epistemos-ctkiyqxaarezsccbouumxcpfxvtl/Build/Products/Debug/Epistemos.app

Validate /Users/jojo/Library/Developer/Xcode/DerivedData/Epistemos-ctkiyqxaarezsccbouumxcpfxvtl/Build/Products/Debug/Epistemos.app (in target 'Epistemos' from project 'Epistemos')
    cd /Users/jojo/Downloads/Epistemos
    builtin-validationUtility /Users/jojo/Library/Developer/Xcode/DerivedData/Epistemos-ctkiyqxaarezsccbouumxcpfxvtl/Build/Products/Debug/Epistemos.app -no-validate-extension -infoplist-subpath Contents/Info.plist

RegisterWithLaunchServices /Users/jojo/Library/Developer/Xcode/DerivedData/Epistemos-ctkiyqxaarezsccbouumxcpfxvtl/Build/Products/Debug/Epistemos.app (in target 'Epistemos' from project 'Epistemos')
    cd /Users/jojo/Downloads/Epistemos
    /System/Library/Frameworks/CoreServices.framework/Versions/Current/Frameworks/LaunchServices.framework/Versions/Current/Support/lsregister -f -R -trusted /Users/jojo/Library/Developer/Xcode/DerivedData/Epistemos-ctkiyqxaarezsccbouumxcpfxvtl/Build/Products/Debug/Epistemos.app

** BUILD SUCCEEDED **
