{"mean":{"confidence_interval":{"confidence_level":0.95,"lower_bound":4112630.955384615,"upper_bound":4148313.973692309},"point_estimate":4130739.5815384598,"standard_error":9115.373186083969},"median":{"confidence_interval":{"confidence_level":0.95,"lower_bound":4128746.769230769,"upper_bound":4158415.076923077},"point_estimate":4143201.923076923,"standard_error":7692.012088518588},"median_abs_dev":{"confidence_interval":{"confidence_level":0.95,"lower_bound":61399.59698686228,"upper_bound":103368.58085714806},"point_estimate":83343.95835881012,"standard_error":10796.141697287525},"slope":null,"std_dev":{"confidence_interval":{"confidence_level":0.95,"lower_bound":77630.72682517217,"upper_bound":102850.47365712519},"point_estimate":91087.08351459446,"standard_error":6427.159508960576}}