{"mean":{"confidence_interval":{"confidence_level":0.95,"lower_bound":116923233.29,"upper_bound":120750290.85},"point_estimate":118566413.76,"standard_error":991033.5532791924},"median":{"confidence_interval":{"confidence_level":0.95,"lower_bound":116543666.0,"upper_bound":117165855.19999994},"point_estimate":116829771.0,"standard_error":169249.57791742685},"median_abs_dev":{"confidence_interval":{"confidence_level":0.95,"lower_bound":958808.4854127468,"upper_bound":1644820.8736985922},"point_estimate":1263205.5708736181,"standard_error":175865.93614676295},"slope":null,"std_dev":{"confidence_interval":{"confidence_level":0.95,"lower_bound":1673020.4987400083,"upper_bound":14905110.305911263},"point_estimate":9857384.009875983,"standard_error":3299470.278370014}}